system:index,EVI,NDMI,NDVI,VH,VV,VV_VH_ratio,agbd,elevation,rh95,slope,.geo,CVI
126,0.6778067129629629,0.1012404961984793,0.3077175697865353,-17.454622967452522,-10.3832611569411,-0.5948716953842357,1.331117033958435,558,2.200000047683716,3.9342117309570312,"{""type"":""MultiPoint"",""coordinates"":[]}",-15.556996320313937
241,0.7397479827567149,-0.1240567951318458,0.3731010452961672,-16.80500417789443,-9.717302595818078,-0.5782386301694808,1.214100956916809,870,2.0899999141693115,3.824613094329834,"{""type"":""MultiPoint"",""coordinates"":[]}",-14.813295698197267
287,1.3546168092424375,0.0431399473623984,0.571003717472119,-15.637227805159217,-9.431963482494387,-0.6031736315424454,0.7764359712600708,709,2.049999952316284,0.96255624294281,"{""type"":""MultiPoint"",""coordinates"":[]}",-12.72079156557284
336,0.3427510640224576,-0.0729818290140005,0.215485340165101,-20.210159219935115,-11.085932376707891,-0.5485326590486646,2.2022180557250977,356,2.609999895095825,4.28311824798584,"{""type"":""MultiPoint"",""coordinates"":[]}",-23.814231103653565
340,0.6272530641672674,-0.0360284876413908,0.3182926829268293,-19.746399524860607,-10.72104995707787,-0.5429369512948489,1.1436779499053955,635,2.119999885559082,0.9635953903198242,"{""type"":""MultiPoint"",""coordinates"":[]}",-19.133740050830113
346,1.092829384480381,0.0564373897707231,0.5079388201019664,-15.283657746892182,-8.520548904603238,-0.55749409242927,18.09593391418457,603,5.800000190734863,2.0875978469848637,"{""type"":""MultiPoint"",""coordinates"":[]}",-39.22603257523651
373,0.3553908777789374,-0.0193675889328063,0.1670345842531273,-19.10742867325674,-12.966242587280078,-0.6785969378196853,2.8369579315185547,339,2.8399999141693115,2.677680492401123,"{""type"":""MultiPoint"",""coordinates"":[]}",-17.440967957071493
381,0.5288234986124928,-0.0651450309082263,0.2857142857142857,-15.103704864863554,-8.44375355324746,-0.5590518107176838,20.634387969970703,678,6.199999809265137,14.993186950683594,"{""type"":""MultiPoint"",""coordinates"":[]}",-41.291696861734884
414,1.200172562553926,0.0628501827040194,0.5321346595256312,-16.961579313382117,-11.063946440637327,-0.6522945909823531,27.98006248474121,936,11.0,4.838999271392822,"{""type"":""MultiPoint"",""coordinates"":[]}",-64.87396160019269
439,0.7608093978719478,-0.1392026578073089,0.3514204545454545,-17.46289773101063,-10.610608364424492,-0.6076086871643396,11.455069541931152,762,2.539999961853028,1.9075030088424685,"{""type"":""MultiPoint"",""coordinates"":[]}",-17.404814729734703
465,0.8462052576860241,-0.0212033150360563,0.3699074825515338,-17.156489827207633,-12.793486244428212,-0.7456936921991847,7.538536071777344,328,4.340000152587891,0.0,"{""type"":""MultiPoint"",""coordinates"":[]}",-18.9354362150042
484,0.8694996986136226,0.0458152034809316,0.4178131788559015,-16.32183433674198,-9.729070872823264,-0.5960770506610408,2.750601053237915,421,2.759999990463257,0.9274099469184875,"{""type"":""MultiPoint"",""coordinates"":[]}",-18.19602709754216
494,1.820919820919821,0.2535179807907081,0.651426907396622,-18.06623755286406,-11.263165177059316,-0.6234372344602407,1.1715970039367676,387,2.1700000762939453,2.147207975387573,"{""type"":""MultiPoint"",""coordinates"":[]}",-14.762667574529527
561,2.477022058823529,-0.0079654829074012,0.3962264150943396,-16.722502446234866,-11.065831120645896,-0.6617329646818146,1.5974780321121216,884,2.5999999046325684,3.001699924468994,"{""type"":""MultiPoint"",""coordinates"":[]}",-14.707344907069107
566,0.8266981494701005,0.0396769308430085,0.4363135777423562,-15.691581919793014,-9.131527722199458,-0.5819379950902943,1.1160930395126345,751,2.0199999809265137,4.724232196807861,"{""type"":""MultiPoint"",""coordinates"":[]}",-13.25130935401588
587,1.2243351769073414,0.0039457222596477,0.5034267912772585,-16.642579192959168,-10.279481099395868,-0.6176615403305228,22.259113311767575,968,7.889999866485596,4.723406791687012,"{""type"":""MultiPoint"",""coordinates"":[]}",-50.204843108649186
618,0.3355047558148829,-0.1874342401923944,0.1970888601948585,-17.26349313848177,-10.099271504349913,-0.5850074155524058,77.094048,698,13.739999771118164,0.9274099469184875,"{""type"":""MultiPoint"",""coordinates"":[]}",-98.43640361321152
674,2.77793533749291,0.3231429337624028,0.8005721291377197,-13.319347297088536,-6.277917906862846,-0.4713382545580991,257.587128,242,30.219999,18.48857688903809,"{""type"":""MultiPoint"",""coordinates"":[]}",-212.79198913119097
694,1.9219320145957364,0.24179580674567,0.6802039082412914,-15.096353098251484,-8.234569897164256,-0.5454674942730383,28.25908660888672,791,9.880000114440918,1.327770113945007,"{""type"":""MultiPoint"",""coordinates"":[]}",-67.79441881201058
786,1.7247929858743305,0.253048021895994,0.5958270233888608,-16.965991521232084,-9.206281006455544,-0.5426314751445176,1.0619250535964966,528,2.0899999141693115,1.340152621269226,"{""type"":""MultiPoint"",""coordinates"":[]}",-16.217794309861674
809,1.1340971780182474,0.0335481425322213,0.4855412566237698,-15.525934517373951,-8.824190320577145,-0.5683516383959131,6.163806915283203,581,3.890000104904175,3.704791784286499,"{""type"":""MultiPoint"",""coordinates"":[]}",-26.06978562858052
827,2.423112767940354,0.2118461905899211,0.7522603978300181,-14.268245712711671,-8.094376406239213,-0.5673000429918221,121.061523,106,20.120001,2.9406795501708984,"{""type"":""MultiPoint"",""coordinates"":[]}",-124.21825662009515
837,0.7523537323470074,-0.0366464539941998,0.3740075219389887,-15.30570588987889,-9.337071657486725,-0.6100386172754692,3.1039299964904785,582,2.9200000762939453,10.465152740478516,"{""type"":""MultiPoint"",""coordinates"":[]}",-17.428412413955776
866,0.4824805339265851,-0.0256410256410256,0.2679536679536679,-16.784406110453084,-10.26403712733847,-0.6115222105443563,1.1160930395126345,631,2.0899999141693115,0.9274099469184875,"{""type"":""MultiPoint"",""coordinates"":[]}",-13.627570615061783
957,1.3584701425221,0.1322188449848024,0.5796766743648961,-15.435046152167722,-8.561877085910796,-0.5547036919425312,49.43092346191406,20,14.9399995803833,2.7802884578704834,"{""type"":""MultiPoint"",""coordinates"":[]}",-102.68514296578196
967,0.5146648823463812,-0.0243842364532019,0.323292469352014,-19.60490627833812,-10.381757427742004,-0.5295489445523659,1.5648930072784424,575,2.319999933242798,2.687199115753174,"{""type"":""MultiPoint"",""coordinates"":[]}",-21.397704717671377
978,1.1287988422575976,0.0658105939004815,0.4750830564784053,-15.689640274558265,-9.362825243029128,-0.5967520656424186,1.500722050666809,632,2.2799999713897705,0.9274099469184875,"{""type"":""MultiPoint"",""coordinates"":[]}",-14.425138090874801
1093,0.7445646778516828,0.0478080120937263,0.3965107057890563,-18.171380674275017,-10.107010947436784,-0.5562048987144463,3.265131950378418,552,3.140000104904175,1.3390753269195557,"{""type"":""MultiPoint"",""coordinates"":[]}",-25.322121788258105
1096,0.6229800512649059,-0.0388245388245388,0.3851188425766448,-15.877039959250066,-9.30975484714768,-0.5863659013923282,8.331978797912598,629,4.559999942779541,0.9274099469184875,"{""type"":""MultiPoint"",""coordinates"":[]}",-29.94681973540381
1114,0.3995166976983718,-0.1544266818144932,0.2580273762312908,-18.284734592200813,-10.328503341898951,-0.5648702905594529,53.24630754248047,612,10.240000128746033,2.844693660736084,"{""type"":""MultiPoint"",""coordinates"":[]}",-81.47180902742427
1134,0.3977943460702081,-0.047753204676715,0.2547498259226101,-17.18151279896812,-10.823759580295023,-0.6299654580442459,35.99378967285156,751,9.65999984741211,3.986698627471924,"{""type"":""MultiPoint"",""coordinates"":[]}",-61.41589512226597
1145,0.3992616238116384,-0.1521011354325178,0.2576634800951483,-17.89504771314723,-12.00322697039489,-0.6707569134658576,4.053242206573486,835,3.200000047683716,0.9274099469184875,"{""type"":""MultiPoint"",""coordinates"":[]}",-18.85382665775139
1189,0.2259173152734256,-0.1411693163061419,0.1660681114551083,-22.8156345498805,-13.865794394400758,-0.6077321392962697,1.6636450290679932,655,2.450000047683716,2.942399263381958,"{""type"":""MultiPoint"",""coordinates"":[]}",-21.927108807687
1219,0.3207873187589212,-0.1359954255217764,0.1133227176220806,-16.363200210877476,5.929374787818395,0.362360339750462,62.65758514404297,902,6.739999771118164,1.903109431266785,"{""type"":""MultiPoint"",""coordinates"":[]}",-150.25195038884468
1229,0.6160607271274471,0.1079365079365079,0.2955155231889613,-17.052538138296683,-10.514323904732109,-0.6165841014082815,20.621906280517575,578,7.260000228881836,3.015621900558472,"{""type"":""MultiPoint"",""coordinates"":[]}",-47.46743683215728
1252,0.9478341050590224,0.0128534704370179,0.4449794539541684,-16.397268487420078,-8.977862673904548,-0.5475218437017318,12.515764236450195,827,5.159999847412109,2.0848793983459477,"{""type"":""MultiPoint"",""coordinates"":[]}",-38.28413286562865
1255,0.7842082616179001,-0.1441008706094266,0.3755795981452859,-18.91935438688254,-12.617667090834717,-0.6669184810863839,10.578492164611816,906,2.130000114440918,2.108766555786133,"{""type"":""MultiPoint"",""coordinates"":[]}",-13.42259466175274
1304,0.7686536625289865,0.0173527549081697,0.4073003252620166,-19.6760149616738,-9.923695800677336,-0.5043549631369637,1.1160930395126345,529,2.0899999141693115,2.0939390659332275,"{""type"":""MultiPoint"",""coordinates"":[]}",-20.382346209434342
1330,0.921390570537516,0.239656668916964,0.5028785982478098,-17.329947234411463,-9.052978467058146,-0.52238926896915,1.500722050666809,628,2.200000047683716,1.3382784128189087,"{""type"":""MultiPoint"",""coordinates"":[]}",-18.209331682853925
1332,0.5662319835277969,-0.127196773264189,0.3487552841709723,-18.163304556888274,-11.949040741571642,-0.6578671135611208,11.189302444458008,945,2.5,2.986122369766236,"{""type"":""MultiPoint"",""coordinates"":[]}",-15.535659538291583
1337,0.4534606205250596,-0.1243367935409457,0.2268258426966292,-21.19528461760476,-11.764499024632183,-0.5550526561394045,1.1160930395126345,581,2.0899999141693115,0.9274099469184875,"{""type"":""MultiPoint"",""coordinates"":[]}",-19.710341079861863
1375,2.2643399409531844,0.2446913580246913,0.7622005323868678,-14.2523958043815,-7.691501794158103,-0.5396637800217117,70.61643981933594,641,13.779999732971191,3.0071258544921875,"{""type"":""MultiPoint"",""coordinates"":[]}",-90.4091177089307
1385,0.5472663327294043,-0.0157520848347575,0.2969924812030075,-19.27774759602772,-12.539419906418969,-0.6504608406120423,1.8173799514770508,428,2.539999961853028,3.052924394607544,"{""type"":""MultiPoint"",""coordinates"":[]}",-17.11535207455943
1478,1.9861598843214208,0.0822357498616491,0.6974972796517954,-13.56586185128517,-7.734608385445058,-0.5701523773598147,11.56195831298828,698,2.539999961853028,2.9881577491760254,"{""type"":""MultiPoint"",""coordinates"":[]}",-14.811383580789222
1483,2.09992193598751,0.2247403210576015,0.7615003538570417,-13.92548930325723,-7.467896169755539,-0.5362753155114461,14.61883544921875,600,4.03000020980835,7.062322616577148,"{""type"":""MultiPoint"",""coordinates"":[]}",-26.02410168286877
1492,2.3424870970883243,0.323610473128158,0.7765940274414851,-10.279144544603229,-4.860702117909507,-0.47287029546262,131.171463,188,21.40999984741211,26.536556243896484,"{""type"":""MultiPoint"",""coordinates"":[]}",-116.00885152872388
1510,2.7840552416823607,0.3152585119798234,0.784261715296198,-16.99304921524689,-10.365404074998905,-0.6099790534178303,214.0468597412109,1452,25.420000076293945,19.911842346191406,"{""type"":""MultiPoint"",""coordinates"":[]}",-168.474739970753
1528,0.4146115153586951,-0.0247551985917042,0.2668133249528598,-20.19467221444082,-11.530460686269768,-0.5709654786089847,4.0183494091033936,450,2.990000009536743,3.82931923866272,"{""type"":""MultiPoint"",""coordinates"":[]}",-25.90599255185981
1531,0.6445386831946937,-0.0777163213649573,0.3447724298385924,-15.561438988457391,-9.665738503726969,-0.6211339780913882,1.361204981803894,663,2.299999952316284,0.9563605189323424,"{""type"":""MultiPoint"",""coordinates"":[]}",-13.560110833751066
1539,2.4734237536656893,0.3318830070099106,0.8549255622426354,-12.680793248585054,-6.449198421554528,-0.5085800466208328,53.466019,898,20.739999771118164,4.217646598815918,"{""type"":""MultiPoint"",""coordinates"":[]}",-129.24327528631426
1574,1.854295532646048,0.3306467088850509,0.7148913619501854,-16.269178349068167,-11.234457435075974,-0.6905362516798176,2.2214550971984863,456,2.650000095367432,2.0918703079223637,"{""type"":""MultiPoint"",""coordinates"":[]}",-13.342010902227715
1602,0.4340396445659603,-0.0768029971901342,0.2950743494423792,-19.08473732169508,-11.43571588788774,-0.5992074030218842,1.4909265041351318,589,2.149999976158142,1.336453557014465,"{""type"":""MultiPoint"",""coordinates"":[]}",-16.4453959003189
1671,0.7046436285097192,-0.0954640033291718,0.3631051752921536,-16.26056852618833,-10.31544111801444,-0.6343837917721628,11.886160850524902,641,2.9100000858306885,9.645408630371094,"{""type"":""MultiPoint"",""coordinates"":[]}",-17.300321268060394
1690,0.1669085631349782,-0.1626934337097448,0.13203214695752,-18.72530290437347,-9.123543754062888,-0.4872307700791317,1.8173799514770508,716,2.539999961853028,2.7802884578704834,"{""type"":""MultiPoint"",""coordinates"":[]}",-24.38846787551084
1740,0.4651684133833996,-0.0209934610531146,0.2693930542031807,-18.872332102534923,-9.825889161523332,-0.5206505008569409,1.1160930395126345,427,2.309999942779541,1.9403109550476076,"{""type"":""MultiPoint"",""coordinates"":[]}",-20.89728267609516
1763,0.941137346192218,0.108677380740137,0.4107402031930334,-17.29480586633436,-9.752847267129807,-0.5639177069986347,4.210343837738037,388,3.549999952316284,2.1485095024108887,"{""type"":""MultiPoint"",""coordinates"":[]}",-26.773952667547555
1838,0.6967434815536082,-0.1597569692637598,0.4065656565656566,-15.882101224233132,-8.874460231057512,-0.5587711667217393,10.501293182373049,931,2.0899999141693115,2.1147756576538086,"{""type"":""MultiPoint"",""coordinates"":[]}",-14.645969074266395
1843,0.7424795167753124,-0.0474942018755672,0.3843058350100604,-15.284118604727492,-9.597267506288237,-0.6279241711275212,2.6026499271392822,467,2.8399999141693115,0.0,"{""type"":""MultiPoint"",""coordinates"":[]}",-16.150656631461143
1936,2.44530826252034,0.4669519733713742,0.8650463703229933,-11.029387534993283,-4.204971856116876,-0.3812516191652192,307.126556,1125,31.649999618530277,9.242794036865234,"{""type"":""MultiPoint"",""coordinates"":[]}",-215.99275363313035
1944,1.4585776735259623,0.1378353376503237,0.5428571428571428,-17.450396017750606,-9.776203830827924,-0.5602281931529539,36.01313781738281,609,14.75,1.3319814205169678,"{""type"":""MultiPoint"",""coordinates"":[]}",-113.19433475710954
1968,1.3161179279962156,0.128398661155281,0.5976913321427648,-15.605137859479182,-8.062364243770983,-0.516648062732338,1.6303950548171997,422,2.3499999046325684,0.9681744575500488,"{""type"":""MultiPoint"",""coordinates"":[]}",-17.72551727757932
1982,2.3638999248362507,0.2352035203520352,0.7366571858792036,-14.661336329211236,-7.860177140038177,-0.5361160104060614,30.13612174987793,1261,10.06999969482422,5.6269211769104,"{""type"":""MultiPoint"",""coordinates"":[]}",-68.48767095942365
1987,0.9525845061160068,-0.0400611913184816,0.4679373283799063,-16.605986571146037,-9.588672449915672,-0.5774226306178403,10.983942985534668,907,2.390000104904175,5.429202556610107,"{""type"":""MultiPoint"",""coordinates"":[]}",-16.77138148588612
2085,1.0973237902598412,-0.0083558903142285,0.5580613254203759,-13.950605493546323,-6.704828149596356,-0.480611981515646,6.036953926086426,633,4.0,4.304388999938965,"{""type"":""MultiPoint"",""coordinates"":[]}",-28.98310937579987
2086,0.7347702173138582,0.0052500690798563,0.3338729259409146,-17.956299556641053,-7.674220032692649,-0.4273831592352988,1.0619250535964966,666,2.049999952316284,3.0339975357055664,"{""type"":""MultiPoint"",""coordinates"":[]}",-21.07826253380647
2101,1.117413129930243,0.0350469461745839,0.4946608946608946,-15.681581342382618,-8.801491527850047,-0.5612630088562721,29.202091217041016,672,5.079999923706055,2.086583137512207,"{""type"":""MultiPoint"",""coordinates"":[]}",-34.95085573291627
2107,0.4837158169575374,0.0216192038169077,0.2867617107942973,-16.160150941407146,-10.61946293572924,-0.6571388456848504,2.2214550971984863,548,2.690000057220459,1.854334115982056,"{""type"":""MultiPoint"",""coordinates"":[]}",-14.904451052314277
2115,1.0277082484428663,0.0871836078746484,0.5362186788154898,-15.570917894939544,-8.81332119233226,-0.5660116668649661,40.87092590332031,613,9.850000381469728,4.008103370666504,"{""type"":""MultiPoint"",""coordinates"":[]}",-66.56233009850033
2131,0.6674521053170781,-0.047923322683706,0.389303854197789,-16.690256824410902,-11.302259700523988,-0.6771770991560468,5.8593814969062805,913,4.570000171661377,2.084275960922241,"{""type"":""MultiPoint"",""coordinates"":[]}",-24.6231477810742
2136,0.3976060128050478,-0.1344127975029262,0.260882800608828,-19.552157807106543,-11.337132335771962,-0.5798404681273236,8.480414390563965,651,4.480000019073486,2.9452600479125977,"{""type"":""MultiPoint"",""coordinates"":[]}",-36.803314268268096
2138,0.5406296357343003,-0.1677591648458363,0.2666666666666666,-19.89474358860289,-10.164947634015506,-0.5109363480230379,1.331117033958435,359,2.200000047683716,0.0,"{""type"":""MultiPoint"",""coordinates"":[]}",-21.405551564045066
2139,1.1820868379177083,0.113764927718416,0.4549431321084864,-16.437339053165708,-8.50867220305361,-0.5176429211280948,1.4848870038986206,635,2.309999942779541,0.9657644033432008,"{""type"":""MultiPoint"",""coordinates"":[]}",-18.31521997007699
2249,2.491172644489872,0.3368100825727944,0.8333851414361206,-14.535576706336135,-7.768541390127162,-0.5344501664485601,61.7293701171875,804,17.75,0.9274099469184875,"{""type"":""MultiPoint"",""coordinates"":[]}",-120.11487686270928
2251,0.8075677267373381,0.0157207567279509,0.447085993750849,-16.05661148427805,-9.454047325720826,-0.5887946740803828,1.6803940534591677,686,2.390000104904175,2.659740447998047,"{""type"":""MultiPoint"",""coordinates"":[]}",-15.780129031588313
2276,0.8297042279078206,-0.0850984455958549,0.3651427430624875,-20.757606002687417,-11.172862204672477,-0.5382538912833187,1.5648930072784424,688,2.430000066757202,1.336453557014465,"{""type"":""MultiPoint"",""coordinates"":[]}",-23.290928069026986
2324,0.8044822665045721,0.1121818372263538,0.4275280898876404,-16.950383933236832,-7.96731093141484,-0.4700371957824679,2.0885369777679443,581,2.539999961853028,0.9672309756278992,"{""type"":""MultiPoint"",""coordinates"":[]}",-22.817005081950825
2326,1.03261242705115,-0.0225843044240486,0.5023380093520374,-13.811483587207409,-8.463763132247124,-0.6128062259789747,22.91848373413086,667,7.630000114440918,2.8412153720855717,"{""type"":""MultiPoint"",""coordinates"":[]}",-40.80310768334501
2331,0.5447529129669177,-0.1184649610678531,0.3141745894554883,-17.59439911433593,-8.707520104857231,-0.494902954529566,10.729120254516602,980,2.190000057220459,0.9274099469184875,"{""type"":""MultiPoint"",""coordinates"":[]}",-19.462265539269644
2346,0.3179438577488943,-0.1643322997968566,0.2349508087377022,-18.363835577597627,-11.857503628545969,-0.6456986384157757,1.6972270011901855,651,2.3499999046325684,0.9274099469184875,"{""type"":""MultiPoint"",""coordinates"":[]}",-15.289879459779229
2375,2.2801477597712108,0.1977291943471433,0.7346899596851603,-11.26340918661706,-4.137537815448473,-0.3673432925054882,126.09032440185548,727,22.200001,14.286730766296388,"{""type"":""MultiPoint"",""coordinates"":[]}",-158.194351565814
2376,0.8409744081018201,0.1262253418855137,0.3983792544570502,-18.61976668320225,-7.5911694122799585,-0.4076941210615867,0.8347309827804565,551,2.049999952316284,0.0,"{""type"":""MultiPoint"",""coordinates"":[]}",-22.6086238795062
2380,0.5994204998189062,-0.021179302045728,0.3580959249909844,-18.53534206844272,-10.812643854914873,-0.5833528086500168,7.019862174987793,612,3.9600000381469727,1.344709038734436,"{""type"":""MultiPoint"",""coordinates"":[]}",-30.581885220167834
2388,0.6234597032143044,-0.0345209525567657,0.335591306802145,-16.355238860480075,-9.851227204650096,-0.6023285436970338,9.358772277832031,498,4.980000019073486,0.9661873579025269,"{""type"":""MultiPoint"",""coordinates"":[]}",-32.389978170087474
2390,1.54247990815155,0.0447601179308496,0.6034134291488884,-15.07711478855583,-9.077657926328529,-0.6020819005250829,40.631981,887,9.479999542236328,4.842954158782959,"{""type"":""MultiPoint"",""coordinates"":[]}",-56.874848307581416
2439,0.4718445167011528,-0.1638833221999554,0.2313824968291357,-16.435142797524605,-5.745641109042639,-0.3495948395354389,15.767363548278809,789,2.319999933242798,23.24691772460937,"{""type"":""MultiPoint"",""coordinates"":[]}",-24.799643203676936
2453,0.855720458388127,-0.0302424393901524,0.3193130038555906,-20.11363381263909,-11.238411909220924,-0.5587459736966517,1.331117033958435,484,2.200000047683716,0.9274099469184875,"{""type"":""MultiPoint"",""coordinates"":[]}",-19.525488610723524
2480,-0.9233556009368552,-0.1437368138348828,-0.1173167978656346,-21.163791961700905,-13.965788529604415,-0.6598906545139753,10.871530532836914,751,2.0899999141693115,0.0,"{""type"":""MultiPoint"",""coordinates"":[]}",-15.043826555272075
2483,0.6162934681663399,0.0974846162150491,0.3384332058365207,-18.898975928259013,-10.903145964113508,-0.5769172893548372,1.1715970039367676,474,2.130000114440918,2.90696120262146,"{""type"":""MultiPoint"",""coordinates"":[]}",-17.031118738680046
2484,0.7855589884426135,0.197301455793585,0.3984329657573999,-15.732609434044091,-10.152918830446875,-0.6453423300826868,1.22843599319458,413,2.0899999141693115,2.6835923194885254,"{""type"":""MultiPoint"",""coordinates"":[]}",-11.661552882609495
2490,1.1826360785302463,0.1484675962226843,0.5273010920436817,-19.00974709949663,-9.11581526144832,-0.4795337472790315,1.2719420194625854,427,2.2100000381469727,1.3408821821212769,"{""type"":""MultiPoint"",""coordinates"":[]}",-21.86558973951031
2526,0.9596131725812636,0.096182697116186,0.5577565927943543,-17.703931311383876,-10.551147923742146,-0.595977680785375,1.22843599319458,584,2.059999942779541,0.0,"{""type"":""MultiPoint"",""coordinates"":[]}",-14.734733369256414
2546,2.089236887894606,0.061262959472196,0.6288814066591845,-15.140862400986846,-7.541585895315218,-0.4980948703967929,195.907532,522,24.84000015258789,2.878297805786133,"{""type"":""MultiPoint"",""coordinates"":[]}",-188.7660295604408
2584,0.8593089955089155,0.0025633293124246,0.4439977024698449,-15.813104042863324,-9.956192824607545,-0.6296166013718801,16.333648681640625,635,4.710000038146973,3.823974847793579,"{""type"":""MultiPoint"",""coordinates"":[]}",-27.586052061408154
2620,1.0493404145965393,0.0292606656243019,0.4246100519930676,-17.259396706159784,-11.45354068724438,-0.6636118795019454,36.202030181884766,733,13.630000114440918,10.551931381225586,"{""type"":""MultiPoint"",""coordinates"":[]}",-79.13381820224443
2621,0.3198070672119115,-0.1662295491444985,0.2352487466255302,-22.56845837845608,-12.36845257566451,-0.5480415351485182,1.1715970039367676,633,2.0899999141693115,2.6656301021575928,"{""type"":""MultiPoint"",""coordinates"":[]}",-21.318011252360858
2663,1.2932501418037436,0.1238254332846105,0.579047619047619,-15.096882240071125,-9.518441241555966,-0.6304905271296017,9.476458549499512,933,4.820000171661377,3.4048967361450195,"{""type"":""MultiPoint"",""coordinates"":[]}",-26.888086570445928
2688,0.3968770331815224,-0.178755586112066,0.2368275097060455,-17.76240176496587,-9.315438483387044,-0.5244470092868065,4.001527786254883,472,3.2100000381469727,4.726150035858154,"{""type"":""MultiPoint"",""coordinates"":[]}",-27.114752456094102
2790,2.57780612244898,0.3338902812587023,0.8252347897100858,-16.466173682556853,-9.250898495788189,-0.5618122749177584,214.457901,589,13.085000038146973,7.605597019195557,"{""type"":""MultiPoint"",""coordinates"":[]}",-94.41187609410888
2827,0.425360540042958,-0.0375367583463068,0.2566535524184216,-19.538069837252458,-9.60186817961444,-0.4914440504919754,1.0619250535964966,586,2.0899999141693115,0.0,"{""type"":""MultiPoint"",""coordinates"":[]}",-20.766660611632428
2833,0.9806918744971842,-0.0198019801980198,0.441826748822037,-15.000405452930387,-9.344775967139077,-0.6229682255231,6.519321918487549,707,4.03000020980835,1.336788535118103,"{""type"":""MultiPoint"",""coordinates"":[]}",-22.79218801433727
2841,0.496866382552018,-0.092073055921672,0.2765066964285714,-18.126237659887675,-10.804338488053023,-0.5960607320052085,1.2719420194625854,573,2.200000047683716,2.9433276653289795,"{""type"":""MultiPoint"",""coordinates"":[]}",-16.108178527171592
2885,0.5329322844362179,-0.122334455667789,0.2422011917280056,-21.442778393011853,-11.938246741120356,-0.5567490612602237,1.331117033958435,458,2.200000047683716,4.276088237762451,"{""type"":""MultiPoint"",""coordinates"":[]}",-20.90997008737268
2896,2.4574186222558665,0.4288470815243608,0.8347798135647702,-15.172739849157235,-9.167025628281362,-0.6041773416941925,259.628571,1206,31.56999969482422,9.28620719909668,"{""type"":""MultiPoint"",""coordinates"":[]}",-189.60039612025278
2912,2.0841945707592666,0.0086098036964757,0.6162151150947239,-13.064903892808667,-6.46436976469033,-0.494788925944455,24.55792808532715,859,8.5600004196167,2.651932716369629,"{""type"":""MultiPoint"",""coordinates"":[]}",-56.50057490638731
2916,0.9824046920821116,0.0926957091385522,0.5441791779473295,-17.538912614771323,-9.139949749091397,-0.5211240827663228,1.331117033958435,518,2.200000047683716,2.941030740737915,"{""type"":""MultiPoint"",""coordinates"":[]}",-18.4777187049896
2975,1.181305590851334,-0.0017289820618111,0.5121363401618179,-16.10436574301753,-8.963033382592924,-0.5565592290698614,25.137569,867,8.859999656677246,4.669661045074463,"{""type"":""MultiPoint"",""coordinates"":[]}",-63.272202261580134
3011,0.4572119967734839,-0.1145353455123113,0.3177070063694267,-16.71015688640628,-10.071735428247674,-0.6027313505620665,11.7555513381958,738,2.690000057220459,3.977877378463745,"{""type"":""MultiPoint"",""coordinates"":[]}",-17.857354102300175
3017,2.487595850248083,0.3325049701789264,0.7806086341118188,-11.724083899646509,-5.356081570934909,-0.456844357032996,103.86627960205078,718,16.31999969482422,10.19174575805664,"{""type"":""MultiPoint"",""coordinates"":[]}",-103.92579606121322
3020,1.108379430444581,0.1447499171911229,0.46199829205807,-19.073480936050583,-9.667753072040425,-0.5068688355552083,1.1715970039367676,753,2.130000114440918,4.896447658538818,"{""type"":""MultiPoint"",""coordinates"":[]}",-20.034201426741767
3079,0.2028033772970586,-0.1772002362669817,0.1616450406861667,-19.53404309548991,-11.24861275878748,-0.5758466234460494,1.0619250535964966,600,2.0199999809265137,3.936858892440796,"{""type"":""MultiPoint"",""coordinates"":[]}",-16.736569122106864
3140,0.5199017199017198,-0.0936780591464494,0.286410395235517,-21.701066411208387,-12.47171286157424,-0.574705068647351,0.9576029777526855,387,2.009999990463257,2.9423537254333496,"{""type"":""MultiPoint"",""coordinates"":[]}",-18.551000546746664
3171,0.7496048211815847,-0.056125528062764,0.356848912404468,-17.268439833036787,-10.421869129499528,-0.6035211767979831,1.3916250467300415,819,2.200000047683716,3.0057566165924072,"{""type"":""MultiPoint"",""coordinates"":[]}",-15.062455874251901
3183,0.6301453118956848,-0.1575778427662136,0.3251603706343549,-17.641720703587985,-9.589151792080257,-0.5435496884456404,10.740304946899414,681,2.390000104904175,2.1213622093200684,"{""type"":""MultiPoint"",""coordinates"":[]}",-19.245640543251568
3195,1.1366739486619333,-0.0196078431372549,0.4769407046691492,-15.961115266745749,-10.309723598617982,-0.6459275198706083,12.492901802062988,664,2.75,1.326513171195984,"{""type"":""MultiPoint"",""coordinates"":[]}",-15.541327087351359
3257,0.4461424698052748,-0.1087236785560808,0.2369109947643979,-19.28848782338339,-10.996267148727568,-0.5700948280350323,2.378324031829834,465,2.690000057220459,0.9653764367103576,"{""type"":""MultiPoint"",""coordinates"":[]}",-22.306074089308837
3272,0.3666388909931065,-0.1116962305986696,0.1916072842438638,-20.92044389474738,-12.92872118505587,-0.6179945918022305,1.1160930395126345,395,2.059999942779541,2.091600179672241,"{""type"":""MultiPoint"",""coordinates"":[]}",-16.462948324674464
3300,1.018859584499779,0.119928025191183,0.5004221444940297,-16.93029356071176,-11.409979753193069,-0.6739386834774638,25.328091,568,7.449999809265137,1.3378969430923462,"{""type"":""MultiPoint"",""coordinates"":[]}",-41.12633681309796
3352,0.9094267594359952,-0.0820093672513545,0.4737010904425914,-16.117626289442065,-7.69499310688481,-0.4774271948422985,14.14440631866455,810,3.630000114440918,5.001288414001465,"{""type"":""MultiPoint"",""coordinates"":[]}",-30.574159416576713
3387,0.518052452075738,-0.1625798475169998,0.3295922184811073,-17.617806972511346,-9.757789851200693,-0.5538595051260093,0.9198619723320008,648,2.0199999809265137,2.12869644165039,"{""type"":""MultiPoint"",""coordinates"":[]}",-15.87723443512959
3389,2.277269827769509,0.3133382101926359,0.796875,-13.710763584291572,-7.044422166650684,-0.5137877349676921,135.075226,1029,22.950001,4.837774276733398,"{""type"":""MultiPoint"",""coordinates"":[]}",-152.9925422011998
3393,1.5131813323833274,0.1173350307659664,0.5266584004959702,-17.117583186404307,-10.869811200437184,-0.6350085220599696,2.240773916244507,579,2.5799999237060547,1.854334115982056,"{""type"":""MultiPoint"",""coordinates"":[]}",-16.119251247128005
3475,0.564805179789571,-0.1875447387258411,0.2977750685766535,-17.74380703955424,-10.493301182010374,-0.5913782289572276,2.6026499271392822,787,2.690000057220459,6.740808010101318,"{""type"":""MultiPoint"",""coordinates"":[]}",-19.503861171670277
3548,0.3570119156736939,-0.1489744512414537,0.2188817083450407,-21.136163103851477,-12.318433400315232,-0.5828131312097296,2.0144050121307373,568,2.2799999713897705,0.0,"{""type"":""MultiPoint"",""coordinates"":[]}",-20.104423471785367
3581,1.7265778328685053,0.0417163289630512,0.5863883529205403,-17.085046181667337,-11.57962406886183,-0.6777636973136804,171.842682,866,25.389999,23.82999420166016,"{""type"":""MultiPoint"",""coordinates"":[]}",-139.7826619387097
3582,1.6440108747801054,0.3245716967847923,0.6068476977567887,-19.308825906212174,-11.142977141369444,-0.5770924237182357,1.4378809928894043,404,2.1700000762939453,4.002433300018311,"{""type"":""MultiPoint"",""coordinates"":[]}",-17.719892442713544
3607,1.2477220264852389,0.1395326657129232,0.5467128027681661,-18.203971819261437,-12.399567099911044,-0.6811462478090189,1.0619250535964966,385,2.0199999809265137,3.985527515411377,"{""type"":""MultiPoint"",""coordinates"":[]}",-11.724897422377559
3638,1.6565727152729248,0.2625782768300583,0.6810853950518755,-14.875718874358787,-7.797788953502513,-0.5241957729480575,117.855141,591,16.360001,4.627367496490479,"{""type"":""MultiPoint"",""coordinates"":[]}",-115.79494058313857
3699,0.353245961597074,-0.0853067814854682,0.2236156666023538,-17.873756835996954,-10.370219331100577,-0.5801924814270392,3.4542899131774902,521,3.059999942779541,2.1538937091827397,"{""type"":""MultiPoint"",""coordinates"":[]}",-22.960824335627052
3725,1.2332139659803043,0.0623706769139816,0.4429260450160772,-16.866108959302185,-8.754573309960797,-0.5190630115746037,2.9246320724487305,637,2.950000047683716,2.7802884578704834,"{""type"":""MultiPoint"",""coordinates"":[]}",-23.929030552345253
3727,0.7733787494970988,-0.0105977613717552,0.4163727269614054,-18.02071792970081,-11.02853519488013,-0.6119919993144928,1.9596760272979736,831,2.799999952316284,2.7802884578704834,"{""type"":""MultiPoint"",""coordinates"":[]}",-19.578111324084656
3743,1.215441913765936,0.1022703603415955,0.5186430317848411,-15.403005293415855,-7.988217532623522,-0.5186142171903396,17.67938804626465,658,5.519999980926514,2.9906952381134038,"{""type"":""MultiPoint"",""coordinates"":[]}",-40.929628298147826
3746,1.809034907597536,0.2948643969994229,0.6589379207180255,-17.058176494396733,-10.563354930193391,-0.6192546391850994,1.2719420194625854,443,2.130000114440918,6.04396390914917,"{""type"":""MultiPoint"",""coordinates"":[]}",-13.83397067502646
3758,1.2616542639637327,-0.0065811489124372,0.544682422451994,-17.0988150728456,-10.431194523774035,-0.610053648708072,3.899082899093628,764,2.7699999809265137,4.712540626525879,"{""type"":""MultiPoint"",""coordinates"":[]}",-18.469308793753463
3761,1.5709874099295271,0.0292353823088455,0.6190327613104524,-16.413137230411294,-9.236753800305134,-0.5627658911661748,10.83694553375244,659,2.200000047683716,1.854334115982056,"{""type"":""MultiPoint"",""coordinates"":[]}",-15.78804388843018
3823,1.121306166509243,0.0110974106041923,0.519862370972787,-14.705209448972354,-8.764941190228505,-0.5960432743677123,6.617977142333984,450,4.400000095367432,2.143575429916382,"{""type"":""MultiPoint"",""coordinates"":[]}",-26.13718090498106
3824,1.3124894085748178,0.0082429501084598,0.5743418613274008,-14.727679260129085,-8.511890044520744,-0.5779518886973737,17.6812686920166,668,5.650000095367432,2.136083602905273,"{""type"":""MultiPoint"",""coordinates"":[]}",-35.11920966097098
3839,0.2496012488546509,-0.2213083250057652,0.1857557772446016,-18.242118840424897,-11.195420309785876,-0.6137127165829335,42.2375602722168,860,10.460000038146973,4.162371635437012,"{""type"":""MultiPoint"",""coordinates"":[]}",-73.70846689929438
3881,0.5365249690466365,0.0376470588235294,0.3112529928172386,-19.670408180907465,-11.030706767852406,-0.5607767091767346,1.500722050666809,615,2.390000104904175,1.9378684759140012,"{""type"":""MultiPoint"",""coordinates"":[]}",-20.64888728354234
3902,0.3674540682414698,-0.1414779056813962,0.2094182825484764,-22.30011224118862,-12.237246653479888,-0.548752693310553,0.8828750252723694,553,2.0199999809265137,2.8921821117401123,"{""type"":""MultiPoint"",""coordinates"":[]}",-20.32698829523771
3950,0.988110183885976,0.1156479217603912,0.4561882032049096,-16.93626186862514,-7.852145451518218,-0.4636291947082206,1.082150012254715,413,2.035000026226044,2.6830883026123047,"{""type"":""MultiPoint"",""coordinates"":[]}",-18.486177147053027
3977,1.3402452466244144,0.1764239722634968,0.5494986583815845,-16.25525070905177,-9.61567386337909,-0.5915426366216907,1.1715970039367676,442,2.049999952316284,2.145643711090088,"{""type"":""MultiPoint"",""coordinates"":[]}",-13.611132217029295
3998,0.5061164987006401,0.0531984762905556,0.274918230332243,-16.76456768665994,-10.075845141798588,-0.6010202786091665,2.0885369777679443,435,2.539999961853028,2.6849029064178467,"{""type"":""MultiPoint"",""coordinates"":[]}",-16.98935500879332
4004,0.4973243369008842,0.0261509125578861,0.3146853146853147,-18.521058825440345,-9.85516360178117,-0.5321058420398846,1.1160930395126345,459,2.059999942779541,1.3426622152328491,"{""type"":""MultiPoint"",""coordinates"":[]}",-17.8517436648714
4019,2.007941988950276,0.2324159021406728,0.740764331210191,-16.929855866589985,-9.125724882229076,-0.5390314574525188,55.310242,831,11.899999618530272,0.9274099469184875,"{""type"":""MultiPoint"",""coordinates"":[]}",-92.8691557368551
4048,1.1100458809833595,0.0194156093810073,0.4717694994179278,-18.737152136870534,-11.264606591699676,-0.6011909659170371,1.331117033958435,543,2.200000047683716,3.996271371841431,"{""type"":""MultiPoint"",""coordinates"":[]}",-16.439600555694625
4065,1.0209945598038463,-0.0508227452614038,0.4570399588406791,-16.744339720934917,-10.262625479063342,-0.6129011743731111,2.0885369777679443,870,2.7699999809265137,1.905772566795349,"{""type"":""MultiPoint"",""coordinates"":[]}",-17.954348326355376
4067,0.958877487562189,0.2179960261141073,0.4177815410668924,-17.889443261889475,-10.88626717896524,-0.6085302387334014,1.0619250535964966,570,2.0199999809265137,0.0,"{""type"":""MultiPoint"",""coordinates"":[]}",-14.146415553931973
4069,2.5165035283405417,0.2994350282485876,0.753835663143539,-12.724707969969302,-6.405339100059971,-0.5033780826386559,104.279716,133,18.15999984741211,5.627457141876221,"{""type"":""MultiPoint"",""coordinates"":[]}",-114.75973771329429
4078,0.6055025515864211,-0.1002535146347084,0.3515393533427798,-18.21592773473693,-10.929913159279083,-0.6000195717968427,1.6303950548171997,687,2.2799999713897705,1.330657124519348,"{""type"":""MultiPoint"",""coordinates"":[]}",-16.61211302358934
4089,1.543436004784689,0.1083861581627351,0.6071166004999264,-15.028291757661432,-10.319860868883644,-0.6866955363454781,1.7999659776687622,545,2.490000009536743,1.3387598991394043,"{""type"":""MultiPoint"",""coordinates"":[]}",-11.723992957959787
4090,0.4214920549420953,-0.0876815492200107,0.2444166796813993,-17.457599541525745,-9.073089622617678,-0.5197214886866809,18.817794799804688,477,6.619999885559082,0.9716976881027222,"{""type"":""MultiPoint"",""coordinates"":[]}",-55.505454703640396
4095,0.1883517280688118,-0.2156433748119786,0.1507985895042522,-18.140578654940228,-9.63031109600754,-0.5308712185641836,1.2719420194625854,550,2.130000114440918,2.7802884578704834,"{""type"":""MultiPoint"",""coordinates"":[]}",-18.126870874449455
4107,1.1155103523428986,-0.073519843851659,0.4982962842771377,-15.97193868222968,-9.957715472609603,-0.6234506449544864,11.26148796081543,582,2.5799999237060547,6.032790184020996,"{""type"":""MultiPoint"",""coordinates"":[]}",-15.516695421970983
4121,1.756070016939582,0.4020926756352765,0.6880530973451328,-16.258650210374853,-11.005110673601624,-0.6768772641765256,1.500722050666809,415,2.240000009536743,4.725926399230957,"{""type"":""MultiPoint"",""coordinates"":[]}",-11.767928612473689
4125,1.0816491511721908,-0.0810359231411863,0.4966592427616926,-13.784501448866278,-7.751535668030696,-0.5623370345880903,14.463486671447754,878,4.0,5.492549419403076,"{""type"":""MultiPoint"",""coordinates"":[]}",-24.131863123342328
4154,0.957065606879927,0.0145730706075533,0.4626771653543307,-15.067318999747004,-7.368105191180234,-0.4890123578922005,6.784017086029053,766,4.380000114440918,11.722200393676758,"{""type"":""MultiPoint"",""coordinates"":[]}",-33.72255736262755
4224,0.995633935450732,0.0385119203563007,0.4750816993464052,-16.18916502330975,-8.700284020554992,-0.5374140054800853,11.848655700683594,494,5.239999771118164,2.088499069213867,"{""type"":""MultiPoint"",""coordinates"":[]}",-39.241734740366105
4265,-1.3863216266173752,0.0894736842105263,0.2066115702479339,-24.967091294504637,-17.40014256824449,-0.6969230962068191,1.223605036735535,752,2.1600000858306885,2.11861252784729,"{""type"":""MultiPoint"",""coordinates"":[]}",-16.344609898198335
4281,1.2187950072011522,0.0051167252958106,0.5083854818523154,-17.781292413967684,-10.36289942191478,-0.5827978743420497,20.37474250793457,520,5.260000228881836,4.171084403991699,"{""type"":""MultiPoint"",""coordinates"":[]}",-39.020748836133684
4308,0.6110381077529566,-0.1619628782100177,0.3250384454075213,-17.053686083578487,-10.827179241627016,-0.634887917401789,10.378406524658203,879,2.049999952316284,2.0836846828460693,"{""type"":""MultiPoint"",""coordinates"":[]}",-12.764338729097533
4309,1.692889252145484,0.1134328358208955,0.6001448750452735,-16.472099290669398,-11.193954756470728,-0.6795706217489552,59.051819,655,12.40999984741211,5.545891761779785,"{""type"":""MultiPoint"",""coordinates"":[]}",-65.50177286402456
4320,1.793064024390244,0.1284967022970207,0.6750358680057389,-15.675339710142072,-9.075603944882712,-0.578973350032773,12.242280960083008,713,3.25,5.98192024230957,"{""type"":""MultiPoint"",""coordinates"":[]}",-21.449141237092924
4323,-0.1505188940822308,0.009090909090909,-0.066179031696273,-26.490693806624726,-20.169038391429048,-0.7613631616694473,1.923604965209961,345,2.680000066757202,0.9274099469184875,"{""type"":""MultiPoint"",""coordinates"":[]}",-16.942036934740447
4349,1.872839320607245,0.3988995873452545,0.7165037377803335,-17.710906027296137,-10.984975936985382,-0.6202379437875896,0.9198619723320008,417,2.0199999809265137,2.0896809101104736,"{""type"":""MultiPoint"",""coordinates"":[]}",-13.586378654140788
4356,1.5350986759930052,-0.0699785048961069,0.5179098187947746,-14.7071940268383,-7.721254732968589,-0.524998495217954,104.55064392089844,530,17.950001,2.6684911251068115,"{""type"":""MultiPoint"",""coordinates"":[]}",-125.3976173109006
4363,0.4589934762348555,-0.022790202342918,0.2383545069570478,-17.91984291509552,-11.248517080745788,-0.6277129288488426,2.4385130405426025,670,2.7300000190734863,2.0919313430786133,"{""type"":""MultiPoint"",""coordinates"":[]}",-18.212719655020205
4472,0.7070672349786883,-0.1178776002411818,0.3388239169823752,-17.57512236096259,-11.936843274908826,-0.6791897677721228,18.46516990661621,599,5.460000038146973,7.566299915313721,"{""type"":""MultiPoint"",""coordinates"":[]}",-30.78500402493684
4477,0.3918119901204999,-0.1905322348633451,0.2217280813214739,-19.95460112684604,-11.36008591634674,-0.5692965669488319,1.0090949535369873,759,2.009999990463257,1.330059289932251,"{""type"":""MultiPoint"",""coordinates"":[]}",-17.27497549113991
4513,1.6303474593291825,0.185272536687631,0.6345514950166113,-14.477301254816716,-7.2776303615456595,-0.5026924724056794,29.338051,833,8.579999923706055,2.0843331813812256,"{""type"":""MultiPoint"",""coordinates"":[]}",-61.773175714974364
4516,0.4602852656372677,0.0446890332847102,0.2300899427636958,-20.48195101726664,-10.917175608166712,-0.5330144378806171,1.0090949535369873,637,2.119999885559082,1.338392972946167,"{""type"":""MultiPoint"",""coordinates"":[]}",-20.277322772690166
4530,0.6350385293844583,-0.0928753180661577,0.3560645497136908,-18.89854295391908,-10.726394672864677,-0.5675778656068452,0.9198619723320008,447,2.009999990463257,3.0477404594421387,"{""type"":""MultiPoint"",""coordinates"":[]}",-16.42601796698367
4564,1.1198662846227316,0.0203488372093023,0.4605564648117839,-17.66577078370822,-7.745062282262651,-0.4384219843611537,1.22843599319458,371,2.130000114440918,2.1402950286865234,"{""type"":""MultiPoint"",""coordinates"":[]}",-21.131110243414046
4625,0.4666541775946047,-0.1253120319520718,0.2721512072544521,-20.202254216621625,-14.050181777395396,-0.695475941780569,1.941599011421204,619,2.470000028610229,3.825632333755493,"{""type"":""MultiPoint"",""coordinates"":[]}",-15.195619100900988
4639,0.5141230322652675,-0.0292620865139949,0.2778280542986425,-18.02568254045923,-11.936036121096208,-0.6621683308970625,1.0619250535964966,584,2.049999952316284,3.980535507202149,"{""type"":""MultiPoint"",""coordinates"":[]}",-12.483774869317223
4669,0.34942936388851,-0.063121614967996,0.2196655709589824,-16.095620299171948,-9.040395120039186,-0.5616680160195054,1.1715970039367676,459,2.200000047683716,0.0,"{""type"":""MultiPoint"",""coordinates"":[]}",-15.521495730511429
4671,0.4040191118605958,-0.1487365713421092,0.2699530516431925,-17.079070621424062,-11.99024620620772,-0.7020432476675342,2.145004987716675,909,2.690000057220459,2.9386119842529297,"{""type"":""MultiPoint"",""coordinates"":[]}",-13.688937968116829
4707,-0.9503073770491804,0.1962323390894819,-0.2670986321094312,-24.91102237433609,-21.3920554917601,-0.8587385603972114,1.1160930395126345,518,2.049999952316284,2.090437412261963,"{""type"":""MultiPoint"",""coordinates"":[]}",-7.213881941483359
4735,0.4601693306396086,-0.0406344039214944,0.2777030006265809,-20.68488480287771,-11.988249575413876,-0.57956569203354,1.4378809928894043,412,2.3499999046325684,0.9703250527381896,"{""type"":""MultiPoint"",""coordinates"":[]}",-20.437091955164245
4796,1.4148706896551724,0.0775466090245879,0.5328733766233766,-14.711455019550542,-7.4327540412758255,-0.5052358200734184,35.078067779541016,782,9.050000190734863,3.365841865539551,"{""type"":""MultiPoint"",""coordinates"":[]}",-65.87224524168822
4847,0.3439652731905256,-0.1510317576467144,0.251929501209538,-20.442928928365465,-12.323092891456763,-0.6028046633942913,1.0619250535964966,654,2.0899999141693115,0.0,"{""type"":""MultiPoint"",""coordinates"":[]}",-16.97045662020807
4878,0.9612201466067628,0.0550960978450786,0.4169943580099162,-15.982467515146654,-7.694354781376078,-0.4814247095502684,1.22843599319458,692,2.130000114440918,2.0829122066497803,"{""type"":""MultiPoint"",""coordinates"":[]}",-17.653681071430555
4881,2.5549692172383462,0.2844614346750618,0.750161394448031,-14.548788407159645,-8.15900974644009,-0.5608033822544932,12.999863624572754,145,3.359999895095825,12.803077697753906,"{""type"":""MultiPoint"",""coordinates"":[]}",-21.469655629703247
4883,1.6645253390435402,0.3560315670800451,0.6598754951895869,-17.24714618460147,-12.229625549167306,-0.7090811093191819,1.500722050666809,464,2.240000009536743,0.9274099469184875,"{""type"":""MultiPoint"",""coordinates"":[]}",-11.239246271223331
4885,0.7826159585723036,-0.0248320186970493,0.4288329519450801,-18.045670154801037,-11.2752559996483,-0.6248178041006989,1.4534660577774048,758,2.3499999046325684,7.647716045379639,"{""type"":""MultiPoint"",""coordinates"":[]}",-15.910472618931925
4906,0.3808036518709832,-0.145410885805763,0.2522881018702745,-19.77108209686529,-11.741972821114956,-0.5938963160229175,1.1715970039367676,623,2.0199999809265137,0.9591913819313048,"{""type"":""MultiPoint"",""coordinates"":[]}",-16.218800583872568
4949,0.6186947167104949,-0.1095562837658312,0.3651241534988713,-17.404006561620367,-10.508636114375156,-0.6038055706982433,1.6303950548171997,844,2.390000104904175,4.723635196685791,"{""type"":""MultiPoint"",""coordinates"":[]}",-16.479936092269202
4950,0.390605480136587,-0.0172381835032437,0.22018779342723,-19.01526265060846,-9.921794328288687,-0.5217805565242195,1.4534660577774048,497,2.130000114440918,2.1488142013549805,"{""type"":""MultiPoint"",""coordinates"":[]}",-19.369088567205978
4953,0.3583213996637818,-0.1206896551724138,0.2321968932822271,-18.712599469735643,-11.582941842565289,-0.6189915976825491,11.893535614013672,776,2.799999952316284,9.998604774475098,"{""type"":""MultiPoint"",""coordinates"":[]}",-19.963041016108424
4963,1.5945817490494296,0.1914744933612858,0.7022501308215594,-13.388521929105996,-6.090241036717789,-0.4548852419233747,12.571176528930664,840,2.990000009536743,2.6500113010406494,"{""type"":""MultiPoint"",""coordinates"":[]}",-21.82185993784257
4964,1.2333787930446642,0.1893507199130671,0.4860597917366476,-19.97248191909096,-13.967582166605297,-0.6993413349021085,1.2719420194625854,383,2.0899999141693115,3.958840131759644,"{""type"":""MultiPoint"",""coordinates"":[]}",-12.550239967290356
4967,0.2070899976127954,-0.0829856281872971,0.1238548483045806,-18.374946994225223,-10.889694489675762,-0.5926381443765858,1.1715970039367676,551,2.1700000762939453,4.702717781066895,"{""type"":""MultiPoint"",""coordinates"":[]}",-16.242998505951775
4975,1.6430010070493453,0.2196554947255975,0.584452803152427,-15.251508699456682,-7.194736709809279,-0.4717393440601442,12.515764236450195,582,4.940000057220459,2.9431607723236084,"{""type"":""MultiPoint"",""coordinates"":[]}",-39.800454089870364
4977,2.0787110406761755,0.1647092523632197,0.7083708370837084,-11.901957145841184,-4.3897753476186265,-0.368828024990202,90.46302032470705,645,14.970000267028809,5.007955074310303,"{""type"":""MultiPoint"",""coordinates"":[]}",-112.45736352536063
4983,0.9651200344493488,0.1201032353212277,0.4851190476190476,-16.307920340906552,-8.064261566806056,-0.4944996908390446,10.796299934387209,639,2.1700000762939453,2.651172637939453,"{""type"":""MultiPoint"",""coordinates"":[]}",-17.88874016873933
4997,0.3405975877192982,-0.1485415108451757,0.2285057471264368,-18.104730943067025,-9.033094448429193,-0.498935580806756,1.6803940534591677,509,2.390000104904175,7.719755172729492,"{""type"":""MultiPoint"",""coordinates"":[]}",-21.68121217383696
5071,1.2849618597893209,0.0455552819502585,0.5555555555555556,-12.89251268671915,-6.008580620765302,-0.4660519455571191,20.504064559936523,593,6.550000190734863,13.301424026489258,"{""type"":""MultiPoint"",""coordinates"":[]}",-45.08975634500355
5074,1.1056910569105691,0.0161584254647065,0.4363910909777274,-18.06743950908006,-11.292183690205771,-0.6250018816739759,21.661421,546,6.139999866485596,0.9274099469184875,"{""type"":""MultiPoint"",""coordinates"":[]}",-41.600069823293886
5081,1.630418590793982,0.1292769256699814,0.567539538501426,-15.14865049310779,-7.418904583187619,-0.4897402964417861,53.664379,875,11.3100004196167,2.084031581878662,"{""type"":""MultiPoint"",""coordinates"":[]}",-87.42342948472759
5113,2.215757745689051,0.1018763669851502,0.536035272172291,-15.8527362559274,-10.974504452914198,-0.6922782462119615,10.533019065856934,638,2.0199999809265137,3.9059300422668457,"{""type"":""MultiPoint"",""coordinates"":[]}",-9.854028149041781
5148,2.4148740012292564,0.2892998678996037,0.790066358335009,-13.24764031355582,-6.897625591312918,-0.5206682418947345,128.9890899658203,1161,20.739999771118164,18.53645133972168,"{""type"":""MultiPoint"",""coordinates"":[]}",-131.69930388591476
5213,0.9729195192453978,-0.0642030608435983,0.4018221803330191,-18.70728558246657,-9.83266135336037,-0.5256059897100221,11.029232025146484,700,3.140000104904175,1.3262416124343872,"{""type"":""MultiPoint"",""coordinates"":[]}",-27.866321010378606
5225,0.9833493156655916,0.0185380557648831,0.5101763907734057,-14.38786739659756,-7.604704020295068,-0.5285497711838397,1.0619250535964966,933,2.309999942779541,3.916554927825928,"{""type"":""MultiPoint"",""coordinates"":[]}",-15.669107011123035
5240,0.6526178982547346,-0.1270482070767038,0.2957509465713083,-18.60461861551057,-11.214291045109713,-0.6027691981689116,41.43105697631836,680,9.949999809265137,0.0,"{""type"":""MultiPoint"",""coordinates"":[]}",-73.53375791589542
5249,0.3127952820044964,-0.1637297072290828,0.1998750780762023,-20.862933428012013,-10.865430824491018,-0.5208007235407434,1.02217698097229,361,2.059999942779541,3.828380823135376,"{""type"":""MultiPoint"",""coordinates"":[]}",-20.594854791191562
5261,0.4677026959932476,-0.0578846348115971,0.2822049131216297,-19.304148378086712,-10.510727621606277,-0.5444802544896323,18.25477409362793,588,5.849999904632568,1.34604012966156,"{""type"":""MultiPoint"",""coordinates"":[]}",-51.44151058680459
5270,0.8773866735939733,-0.0163053216269485,0.3517313199687581,-16.0491071254361,-8.929259070995563,-0.556371080410053,11.673766136169434,581,5.010000228881836,2.0880486965179443,"{""type"":""MultiPoint"",""coordinates"":[]}",-35.67044038235099
5303,1.3246366660829978,-0.0605751580664899,0.4823079375199235,-15.495609332510424,-7.147745950049722,-0.4612755650114035,21.50724983215332,887,7.519999980926514,2.7802884578704834,"{""type"":""MultiPoint"",""coordinates"":[]}",-62.77593247688162
5306,1.5945136753519986,0.2166088464874241,0.6189728286477147,-14.57913554809213,-8.79668721823575,-0.6033750896421914,23.811059951782227,12,7.690000057220459,1.854334115982056,"{""type"":""MultiPoint"",""coordinates"":[]}",-44.46702798746992
5314,0.4791510845175766,-0.1147656940760389,0.2757600215227334,-16.40637587489693,-9.612097854446729,-0.5858757551174971,11.43484115600586,59,2.309999942779541,5.434057712554932,"{""type"":""MultiPoint"",""coordinates"":[]}",-15.69478183846826
5493,0.776928266246908,-0.0788171924810377,0.3518927177049737,-14.408592624541376,-8.020179045209302,-0.556624734573241,12.8632230758667,808,3.2699999809265137,4.161074161529541,"{""type"":""MultiPoint"",""coordinates"":[]}",-20.890112282566562
5511,1.5586034912718203,0.1611791730474732,0.6525522041763341,-15.29714091036988,-10.619309983051265,-0.694202272520904,13.976648330688477,949,3.609999895095825,1.3287615776062012,"{""type"":""MultiPoint"",""coordinates"":[]}",-16.886969156896207
5554,1.0988598859885987,0.0518611459640317,0.4792280013084724,-19.67794694726623,-10.819732495288342,-0.5498405155925822,1.214100956916809,411,2.130000114440918,1.335699200630188,"{""type"":""MultiPoint"",""coordinates"":[]}",-18.867997796455093
5563,1.0557453809162238,-0.0360376675117711,0.4839738941261784,-16.87232873453228,-9.836646598634738,-0.5830046790460084,97.498642,652,17.440001,3.012629985809326,"{""type"":""MultiPoint"",""coordinates"":[]}",-122.70230348573529
5570,2.551136363636364,0.334320987654321,0.8137006161652772,-13.41454487601271,-6.965930407828047,-0.5192819042473974,111.284229,73,19.320001,4.713945865631104,"{""type"":""MultiPoint"",""coordinates"":[]}",-124.58723797394218
5574,2.341505458724382,0.2772091080008356,0.7176401526269445,-16.44536903530421,-10.8028965979354,-0.6568959671713178,11.079560279846191,713,2.4200000762939453,2.083218812942505,"{""type"":""MultiPoint"",""coordinates"":[]}",-13.654783728919007
5594,0.4881561305060337,-0.086278063022249,0.302740991684632,-16.690533601971968,-8.536376732312743,-0.5114501990100652,11.43384838104248,740,2.539999961853028,2.084906578063965,"{""type"":""MultiPoint"",""coordinates"":[]}",-20.711558137878036
5598,1.3880243070994516,0.0773936416720734,0.503494623655914,-15.51111883824015,-10.29943772819065,-0.6640035342130869,27.033788681030277,602,9.420000076293944,2.8508126735687256,"{""type"":""MultiPoint"",""coordinates"":[]}",-49.094036454286
5610,0.4874665135859166,0.0263647303358494,0.308320726172466,-19.16548439174864,-10.597925378588256,-0.5529693464544525,1.0890090465545654,411,2.034999966621399,1.9415614604949951,"{""type"":""MultiPoint"",""coordinates"":[]}",-17.43498230580825
5617,1.232977303070761,0.0329612375846005,0.5020385974449578,-15.654350754282332,-9.678660033877993,-0.6182728486028297,53.88978958129883,629,11.899999618530272,1.854334115982056,"{""type"":""MultiPoint"",""coordinates"":[]}",-71.11071729326652
5623,2.199520540481639,0.1765904460040751,0.7146397592494247,-15.586411135913671,-9.749029371806,-0.6254826262950695,15.709062576293944,948,4.599999904632568,10.670415878295898,"{""type"":""MultiPoint"",""coordinates"":[]}",-26.851955558199183
5678,1.8320915380521556,0.0290998766954377,0.5556900726392252,-13.835411975001104,-7.335807649944167,-0.5302196756554176,36.97233200073242,752,6.385000228881836,2.650351047515869,"{""type"":""MultiPoint"",""coordinates"":[]}",-41.49997510312992
5694,0.5942000587831879,-0.1180738786279683,0.3213245033112583,-17.973467456949443,-10.732296301674022,-0.597118854632826,10.50086498260498,763,2.0199999809265137,1.3260115385055542,"{""type"":""MultiPoint"",""coordinates"":[]}",-14.627165595541971
5717,0.8281472838065604,-0.0573843416370106,0.4931480409187415,-14.926062558945494,-9.057476084701465,-0.6068228676472438,16.640365600585938,612,4.980000019073486,1.946351170539856,"{""type"":""MultiPoint"",""coordinates"":[]}",-29.225560753669672
5724,2.5981037661311563,0.2738783374621525,0.784493041749503,-15.82876377067352,-8.880137648751635,-0.5610127093566311,149.55747985839844,299,21.149999618530277,14.796960830688477,"{""type"":""MultiPoint"",""coordinates"":[]}",-146.9634398279574
5730,0.923475460337464,-0.0736516528126812,0.4274141283214517,-16.77490092003175,-11.234519611471333,-0.6697219652758502,1.331117033958435,842,2.1700000762939453,1.3288966417312622,"{""type"":""MultiPoint"",""coordinates"":[]}",-12.022627862273655
5807,0.3594555702122556,-0.1062924038845284,0.2404251052737116,-22.691009489328348,-11.533349893410133,-0.5082783954074103,1.2074764966964722,623,2.1399999856948853,2.7802884578704834,"{""type"":""MultiPoint"",""coordinates"":[]}",-23.877391375653378
5810,1.050328227571116,-0.0513713539399216,0.4518464880521361,-19.11417553125481,-12.888569201140967,-0.6742937554416638,10.502296447753906,874,2.7799999713897705,3.801744699478149,"{""type"":""MultiPoint"",""coordinates"":[]}",-17.30718541960045
5838,1.4991717283268913,0.2121144638681661,0.5848592091090937,-17.09583273472888,-10.804560317655392,-0.6319996507515397,15.456204414367676,545,2.390000104904175,2.0916521549224854,"{""type"":""MultiPoint"",""coordinates"":[]}",-15.036141736786378
5857,0.6830131988410773,0.0680106100795756,0.3770734597156398,-18.847051301803944,-8.78231125355553,-0.4659779990472532,3.013622999191284,551,2.720000028610229,2.146400690078736,"{""type"":""MultiPoint"",""coordinates"":[]}",-27.376093219190203
5883,1.685921133703019,0.1351769483658866,0.6505200594353641,-13.77353112611491,-8.361932275793198,-0.6071015630798404,3.3590550422668457,375,3.069999933242798,2.1465301513671875,"{""type"":""MultiPoint"",""coordinates"":[]}",-16.61360810922446
5890,0.5461847389558233,-0.185405316163117,0.3424734191382205,-17.21094505845945,-9.025238357948457,-0.5243894700315952,1.8173799514770508,651,2.430000066757202,2.87627387046814,"{""type"":""MultiPoint"",""coordinates"":[]}",-19.891267828696595
5915,2.623783783783784,0.360932077342588,0.8147029204431017,-12.68595005184023,-7.342457345672344,-0.5787865564398342,124.438652,980,17.370001,3.827085494995117,"{""type"":""MultiPoint"",""coordinates"":[]}",-92.81647364962889
5965,0.6142742085372653,-0.0054054054054054,0.3152122079160706,-16.611043750841304,-9.722159571976595,-0.5852828827498692,2.240773916244507,450,2.7300000190734863,3.704791784286499,"{""type"":""MultiPoint"",""coordinates"":[]}",-18.806653939695693
5981,0.3858615611192931,-0.059513541486976,0.2541222114451988,-16.129448887015073,-10.1247450393262,-0.6277179778583181,7.503395080566406,471,4.260000228881836,4.726272106170654,"{""type"":""MultiPoint"",""coordinates"":[]}",-25.58003976552224
6000,2.7312329044676327,0.3413134907796829,0.8364877443375737,-14.180016287589794,-7.658933972594061,-0.540121662575034,122.05379486083984,78,17.600000381469727,2.6580111980438232,"{""type"":""MultiPoint"",""coordinates"":[]}",-114.77105123152039
6012,1.4997933457325894,0.0728173846740373,0.5797882963850609,-15.77921421814336,-9.415339571819782,-0.5966925501900959,17.099645614624023,804,6.480000019073486,2.7802884578704834,"{""type"":""MultiPoint"",""coordinates"":[]}",-41.23790782955807
6031,0.5881842253765681,-0.0741323614677379,0.3554564533053515,-16.357454834671444,-10.402435402312722,-0.6359446202023804,3.7229549884796143,437,2.9100000858306885,8.042094230651855,"{""type"":""MultiPoint"",""coordinates"":[]}",-17.329107059287296
6072,1.8620292083013068,0.1375787872201695,0.6512096774193549,-14.410898904745633,-7.300714684201452,-0.5066106377165177,42.00301361083984,685,16.31999969482422,0.9274099469184875,"{""type"":""MultiPoint"",""coordinates"":[]}",-116.038204309425
6088,1.961147086031452,0.1353441608662026,0.6767757382282522,-14.573252335512866,-7.8662904457725,-0.5397759034614059,26.378591537475582,726,7.340000152587891,2.9417800903320312,"{""type"":""MultiPoint"",""coordinates"":[]}",-49.22910129409545
6101,0.8883105922070615,0.0406395736175882,0.4099318403115871,-17.88516433908575,-11.175584813775664,-0.6248522295852124,1.6303950548171997,390,2.430000066757202,0.9657032489776612,"{""type"":""MultiPoint"",""coordinates"":[]}",-16.30427869441627
6130,1.4110655306616176,0.1060406611086734,0.5709725473505001,-15.363036615493575,-8.479616861325107,-0.5519492710688094,37.163944244384766,863,12.210000038146973,2.6570749282836914,"{""type"":""MultiPoint"",""coordinates"":[]}",-84.04655546097862
6159,0.7994014691212479,0.0482047872340425,0.4057537399309551,-17.57822138494804,-10.699316590830923,-0.6086688952496971,4.289997100830078,459,3.470000028610229,1.3407821655273438,"{""type"":""MultiPoint"",""coordinates"":[]}",-23.86979983239344
6194,0.8941121349367485,-0.077395308046481,0.443283004258614,-16.71223676654686,-9.111222789303184,-0.5451827254829982,21.364759,608,7.21999979019165,5.628626823425293,"{""type"":""MultiPoint"",""coordinates"":[]}",-54.87931932094313
6221,0.985513896171998,-0.0433327461687511,0.4389140271493212,-16.43624682959346,-10.07603907773614,-0.6130377075862741,2.0885369777679443,553,6.440000057220459,4.169317722320557,"{""type"":""MultiPoint"",""coordinates"":[]}",-40.95973828589515
6229,0.8336498290922901,0.0419776119402985,0.4547651933701657,-15.24508657265326,-7.777331182127781,-0.5101532972648913,30.898578643798828,763,11.859999656677246,2.6589338779449463,"{""type"":""MultiPoint"",""coordinates"":[]}",-88.56757636778184
6239,1.3385731559854896,0.0527192008879023,0.4447569304941743,-17.09866451789469,-10.032940835822032,-0.5867675118908854,2.2992279529571533,555,2.650000095367432,0.0,"{""type"":""MultiPoint"",""coordinates"":[]}",-18.72416843133247
6244,1.0678491599971158,-0.0138577542286529,0.4978151260504201,-16.682455260987297,-11.482464370422267,-0.6882958288085177,14.607381820678713,862,3.740000009536743,8.005027770996094,"{""type"":""MultiPoint"",""coordinates"":[]}",-19.447965980304186
6252,0.5442939704994393,-0.0643036386449184,0.3035113035113035,-19.895673607341564,-13.44413178102874,-0.6757314201248161,1.214100956916809,560,2.0899999141693115,0.9274099469184875,"{""type"":""MultiPoint"",""coordinates"":[]}",-13.483721863253525
6265,0.4393380164305274,-0.1287240022484541,0.1742209631728045,-17.0298412857067,-4.295162714874492,-0.2522139016339195,13.526342391967772,805,5.650000095367432,0.953816533088684,"{""type"":""MultiPoint"",""coordinates"":[]}",-71.95093513967555
6275,1.224418278665545,0.173979480462781,0.5260463715748268,-17.24124449301461,-12.324803119502535,-0.714844170587338,19.093441009521484,546,6.699999809265137,0.9679819941520692,"{""type"":""MultiPoint"",""coordinates"":[]}",-32.94015626479412
6303,0.4963817953471682,0.0675490073667124,0.2736564457632707,-18.550484365767144,-11.510138232863005,-0.6204764256238874,1.0619250535964966,483,2.049999952316284,1.9420615434646609,"{""type"":""MultiPoint"",""coordinates"":[]}",-14.43270923674362
6339,0.7052348993288591,-0.1271966527196652,0.3672584929400251,-16.546312253758057,-10.291791688372411,-0.6219991216492909,3.265131950378418,623,2.8399999141693115,0.9623542428016664,"{""type"":""MultiPoint"",""coordinates"":[]}",-17.762837868865425
6346,1.7609435512263818,0.0941728804197735,0.5976897032463653,-17.771953766803055,-11.377669964081807,-0.6402036665959943,18.815809,916,6.099999904632568,5.0935821533203125,"{""type"":""MultiPoint"",""coordinates"":[]}",-39.005130586793186
6446,0.7331183125991911,0.0923183941170625,0.3638211382113821,-17.02904368919748,-9.30386403394748,-0.5463527021103051,11.21667742729187,479,4.675000071525574,1.3429217338562012,"{""type"":""MultiPoint"",""coordinates"":[]}",-36.11521544084165
6465,2.403033316757832,0.2117117117117117,0.7655445544554456,-10.236612229591351,-3.300527727532253,-0.3224238306098277,101.604599,165,21.540001,16.586509704589844,"{""type"":""MultiPoint"",""coordinates"":[]}",-149.4032671104375
6492,2.124183006535948,0.1795418220564731,0.6689995883079457,-13.844635189164832,-7.8119312535979715,-0.5642569231229574,63.786049,614,13.850000381469728,2.6711440086364746,"{""type"":""MultiPoint"",""coordinates"":[]}",-83.55295180889495
6547,0.7996768982229402,0.021408305390766,0.3688524590163934,-18.080492043077733,-8.84883822204515,-0.489413573533415,1.1160930395126345,640,2.049999952316284,3.438477039337158,"{""type"":""MultiPoint"",""coordinates"":[]}",-18.92488989291724
6549,0.4220230040595399,-0.1101197464193472,0.2442486539402839,-17.413556422018118,-10.369038002150354,-0.595457800282514,11.500146865844728,914,2.559999942779541,1.854334115982056,"{""type"":""MultiPoint"",""coordinates"":[]}",-18.033966751770897
6554,1.047317762670795,0.0101844205890448,0.4350013978194017,-15.890134435061508,-9.454724391898562,-0.5950059409841592,10.260313987731934,819,2.130000114440918,1.9000697135925293,"{""type"":""MultiPoint"",""coordinates"":[]}",-13.707424128411308
6565,0.508896172304811,-0.0591268191268191,0.2696374856575805,-17.038631443388425,-9.979559891552988,-0.585701963488705,75.16712951660156,420,13.4399995803833,3.4254941940307617,"{""type"":""MultiPoint"",""coordinates"":[]}",-94.87391869456397
6578,2.10196292257361,0.2935675828846699,0.7452155422385462,-14.774241063974433,-7.929925221926135,-0.53673993727248,73.895241,814,13.5600004196167,2.6578736305236816,"{""type"":""MultiPoint"",""coordinates"":[]}",-92.80892569016414
6590,0.4902912621359223,-0.0217022719565954,0.2673136303484781,-18.83573268140709,-9.98559169030334,-0.5301408689113645,1.02217698097229,402,2.0199999809265137,4.627367496490479,"{""type"":""MultiPoint"",""coordinates"":[]}",-17.877284633226534
6668,0.6367349895788055,-0.0251572327044025,0.3786893015640484,-16.56630977859149,-10.290625764099136,-0.6211779147941342,10.796686172485352,888,2.2100000381469727,2.936699151992798,"{""type"":""MultiPoint"",""coordinates"":[]}",-13.869261911426445
6684,0.2439577896289572,-0.1455881303944646,0.1798410706817231,-20.099119847917997,-13.241591379451808,-0.6588144893729495,1.39229154586792,592,2.150000095367432,1.854334115982056,"{""type"":""MultiPoint"",""coordinates"":[]}",-14.743686861187186
6711,0.5609779903372212,-0.0646136926037943,0.3012711309133796,-17.476777132349696,-9.5277473690356,-0.5451661537412205,1.2719420194625854,612,2.130000114440918,2.9394681453704834,"{""type"":""MultiPoint"",""coordinates"":[]}",-16.93143430555329
6722,0.6791647956892681,-0.0269143290371493,0.3479010925819436,-18.323557612980597,-8.589738287068045,-0.4687811432962662,1.22843599319458,391,2.1700000762939453,3.034832000732422,"{""type"":""MultiPoint"",""coordinates"":[]}",-21.122388679861718
6734,1.227450980392157,0.069,0.4267211997273347,-16.485336940395584,-7.857056566883895,-0.4766087945482634,4.001527786254883,592,3.400000095367432,1.854334115982056,"{""type"":""MultiPoint"",""coordinates"":[]}",-29.336154092796686
6745,0.4341771625722243,-0.1070083585928171,0.284643684425671,-18.031437880428875,-10.012836603591316,-0.5552988436079821,1.1715970039367676,681,2.049999952316284,2.0858688354492188,"{""type"":""MultiPoint"",""coordinates"":[]}",-16.438132235160293
6862,0.432031511900771,-0.1697398148822972,0.2481347773766546,-16.84843451587725,-11.948499400740335,-0.709175644151424,2.2992279529571533,790,2.619999885559082,5.994513034820557,"{""type"":""MultiPoint"",""coordinates"":[]}",-12.837829440905647
6871,0.9591360186806772,-0.0415081286751988,0.4565156988052237,-16.118389464965613,-9.692834684457097,-0.6013525548272124,10.739827156066896,912,2.240000009536743,4.704310894012451,"{""type"":""MultiPoint"",""coordinates"":[]}",-14.393242769617942
6912,0.3474399164054336,-0.1503660322108345,0.2060646303674192,-17.49984202028334,-9.8426111505438,-0.562440000266039,1.331117033958435,807,2.2100000381469727,0.9274099469184875,"{""type"":""MultiPoint"",""coordinates"":[]}",-16.92248051422456
6928,1.363081182314144,0.0935971301228394,0.540348612007747,-17.279861922660587,-10.871005717091368,-0.6291141541377291,68.809532,963,10.210000038146973,1.3288943767547607,"{""type"":""MultiPoint"",""coordinates"":[]}",-65.43442210334018
6966,0.2740535113106137,-0.1987809945975897,0.2061306086183918,-21.163904109771035,-11.345321027474997,-0.5360693834478791,1.0619250535964966,617,2.009999990463257,2.665158748626709,"{""type"":""MultiPoint"",""coordinates"":[]}",-19.735351901777733
6983,0.572503008423586,-0.0074125550150567,0.3043339197185351,-21.21370335010181,-11.153006042381552,-0.5257453570608184,1.331117033958435,454,2.200000047683716,0.0,"{""type"":""MultiPoint"",""coordinates"":[]}",-22.133534556715997
6987,1.4859369705184684,0.2108241082410824,0.6090277777777777,-15.4874091693655,-8.50589209356216,-0.5492133642589515,1.2719420194625854,643,2.2799999713897705,2.0908281803131104,"{""type"":""MultiPoint"",""coordinates"":[]}",-15.917858733088812
7001,1.3422100914724109,0.0897727272727272,0.5589003225311012,-14.672431779650992,-8.125719805488448,-0.5538086615442919,11.370762825012209,649,4.53000020980835,2.126434803009033,"{""type"":""MultiPoint"",""coordinates"":[]}",-29.656606616511162
7079,0.3877620914037825,-0.1385341251118522,0.2622908622908623,-17.150839443670286,-9.440398697360106,-0.5504336232850803,13.895283699035645,731,3.5899999141693115,3.007561683654785,"{""type"":""MultiPoint"",""coordinates"":[]}",-27.68048161746111
7089,0.866376969038566,-0.056547619047619,0.3690705746239877,-16.836235738084785,-9.489150566924248,-0.5636147363664611,1.331117033958435,652,2.1700000762939453,5.555622100830078,"{""type"":""MultiPoint"",""coordinates"":[]}",-15.943175381956477
7119,1.1324657740333983,0.0423181154888471,0.4923957481602616,-17.29905007780556,-10.343102177944134,-0.5979000078862243,2.0144050121307373,418,2.619999885559082,2.133091449737549,"{""type"":""MultiPoint"",""coordinates"":[]}",-18.224582701591874
7121,1.5152794192132366,0.0697724810400866,0.5595386533665836,-16.892102648383094,-11.661434224751568,-0.6903482927785664,24.385528564453125,1052,7.670000076293945,29.371591567993164,"{""type"":""MultiPoint"",""coordinates"":[]}",-40.11922720832214
7132,2.1066607656561187,0.2440033085194375,0.633399866932801,-18.08767253990497,-11.684106076428147,-0.6459706770260634,1.4378809928894043,550,2.3499999046325684,2.091486930847168,"{""type"":""MultiPoint"",""coordinates"":[]}",-15.048380578478842
7148,0.2198444568698215,-0.1810957758260142,0.1816082301070753,-20.90278209258994,-12.76542912179356,-0.6107047887333101,1.3916250467300415,546,2.240000009536743,1.3334505558013916,"{""type"":""MultiPoint"",""coordinates"":[]}",-18.22767073218774
7259,1.6210558958058765,0.164144598570828,0.6078488372093023,-16.83535736987386,-9.679117114173652,-0.5749279270717478,1.8173799514770508,620,2.430000066757202,3.828622341156006,"{""type"":""MultiPoint"",""coordinates"":[]}",-17.38966429908209
7262,0.7226908257836093,-0.1100203114421123,0.3945423536100056,-14.07135439651868,-7.782412911147341,-0.55306779232799,12.720558166503906,912,3.0999999046325684,4.748161315917969,"{""type"":""MultiPoint"",""coordinates"":[]}",-19.495718004890957
7268,0.4976360771002546,-0.1089611121547999,0.241045214327657,-19.529384025089723,-10.0995354982943,-0.517145624527597,1.1160930395126345,439,2.0899999141693115,0.0,"{""type"":""MultiPoint"",""coordinates"":[]}",-19.708382611632043
7273,0.935853734118376,0.0217339383807021,0.2674144037780401,-15.059785237745857,-8.454439819388725,-0.5613917918429879,21.15894889831543,551,5.789999961853027,2.943275213241577,"{""type"":""MultiPoint"",""coordinates"":[]}",-38.24494972031386
7293,0.7202551834130781,0.0017821076393014,0.3928322894919972,-17.95081401058027,-10.65112703736414,-0.5933506431009943,15.511341094970703,433,6.019999980926514,1.3429621458053589,"{""type"":""MultiPoint"",""coordinates"":[]}",-43.94411543953063
7331,0.6840036126016045,-0.0635753059159076,0.3755286568470176,-15.800910365694303,-9.50747036607302,-0.6017039617359575,37.586609,811,8.979999542236328,3.824808359146118,"{""type"":""MultiPoint"",""coordinates"":[]}",-56.51508831569092
7366,0.1507314910595537,-0.106060606060606,0.0693877551020408,-14.025190331499388,-6.469524984803192,-0.461278943949387,94.776878,897,14.710000038146973,5.978688716888428,"{""type"":""MultiPoint"",""coordinates"":[]}",-111.1438375381268
7387,1.155361319709467,-0.0463288175280147,0.5373604351560264,-16.36484895532855,-9.259595261944186,-0.5658222258708459,31.911006927490234,913,9.43000030517578,2.0835211277008057,"{""type"":""MultiPoint"",""coordinates"":[]}",-67.0025444969659
7415,0.9700592235139284,-0.0022461094176159,0.4364668147051567,-16.157004136153724,-9.89648424498457,-0.6125197568551524,32.09552383422852,632,12.609999656677246,2.993544101715088,"{""type"":""MultiPoint"",""coordinates"":[]}",-78.94515367826409
7428,1.046964971209213,0.0250534416417272,0.4364295536942117,-15.439710846972364,-10.06634720455428,-0.651977702453426,10.946016311645508,672,2.319999933242798,1.326425552368164,"{""type"":""MultiPoint"",""coordinates"":[]}",-12.466203291699232
7442,0.4677607869874355,-0.1625249928591831,0.3013333333333333,-17.700006280487457,-11.345912068788223,-0.641011753837398,3.013622999191284,688,3.0299999713897705,5.002315044403076,"{""type"":""MultiPoint"",""coordinates"":[]}",-19.252905279656584
7447,0.7519446845289541,-0.1293175371266477,0.3493975903614458,-16.606732834091297,-8.771851761006516,-0.5282105666804691,1.5648930072784424,826,2.3499999046325684,3.824563503265381,"{""type"":""MultiPoint"",""coordinates"":[]}",-18.41196977455675
7481,1.416992466863736,-0.0459709098630427,0.5459221160911095,-15.203501248086852,-9.186069164923968,-0.6042074792528402,18.002180099487305,900,5.78000020980835,9.260990142822266,"{""type"":""MultiPoint"",""coordinates"":[]}",-34.780758703188965
7485,1.2016143826820769,0.0289502762430939,0.4116907605279698,-14.615289570637149,-9.13885301591851,-0.6252940095199294,92.862442,805,22.020000457763672,4.227168560028076,"{""type"":""MultiPoint"",""coordinates"":[]}",-120.59113544181812
7507,0.9764050707115116,0.0068533385549246,0.3835084184774788,-15.10750538412453,-7.726682074531768,-0.5114465875121397,48.40545272827149,641,11.329999923706056,0.9274099469184875,"{""type"":""MultiPoint"",""coordinates"":[]}",-83.62472753457388
7519,0.7480824783344954,0.0487362899380066,0.4063852813852814,-18.140705407774483,-11.56898380544646,-0.6377361599449374,11.980652809143066,608,5.010000228881836,2.147348642349243,"{""type"":""MultiPoint"",""coordinates"":[]}",-32.9243267318111
7539,0.5332658507407748,-0.0957268147042358,0.339385065885798,-15.494185737889582,-9.015248675564592,-0.581847205659775,4.001527786254883,537,3.0999999046325684,5.547544956207275,"{""type"":""MultiPoint"",""coordinates"":[]}",-20.08470427532788
7540,1.0699498117942283,0.020934901061084,0.5285913528591353,-15.081946565745966,-8.777165629700459,-0.5819650395549809,14.063124656677246,65,3.819999933242798,2.1201367378234863,"{""type"":""MultiPoint"",""coordinates"":[]}",-24.0842627548043
7588,0.8206318764509943,-0.0673416168123945,0.4024752475247525,-17.03538564515217,-10.707390548740683,-0.6285381952470052,1.3916250467300415,615,2.130000114440918,0.9274099469184875,"{""type"":""MultiPoint"",""coordinates"":[]}",-13.478630279538038
7595,1.323749625636418,0.2516632255104382,0.5187793427230047,-16.88236622603184,-10.82648023385805,-0.641289265314249,1.1715970039367676,419,2.0899999141693115,2.7802884578704834,"{""type"":""MultiPoint"",""coordinates"":[]}",-12.656801203862361
7646,1.9306330341983995,0.2169045619927232,0.6751484308736218,-13.793783315376569,-6.84084864193969,-0.4959370816209559,72.64712524414062,744,12.899999618530272,6.740715980529785,"{""type"":""MultiPoint"",""coordinates"":[]}",-89.69285463500164
7647,2.4986723313860857,0.3262543757292882,0.8221212650707671,-11.126706912516555,-4.208812651383664,-0.3782622014289892,222.922485,244,27.870001,5.684669017791748,"{""type"":""MultiPoint"",""coordinates"":[]}",-192.8017199756679
7665,0.7109047550224021,-0.0405470883622588,0.3579550623123806,-15.53007905605762,-8.732161311713837,-0.5622741056368155,1.8173799514770508,673,2.3499999046325684,3.961763620376587,"{""type"":""MultiPoint"",""coordinates"":[]}",-15.975106050907934
7679,0.4554680924798257,-0.044059795436664,0.2479784366576819,-20.981088586899,-10.940890299429348,-0.5214643775090418,1.7141430377960205,613,2.5199999809265137,0.9685878157615662,"{""type"":""MultiPoint"",""coordinates"":[]}",-25.301299492921935
7693,0.3712590815170299,-0.1781624500665779,0.2341319882303489,-18.976737342429555,-11.044201585335706,-0.5819863228355006,1.613895058631897,869,2.240000009536743,0.9274099469184875,"{""type"":""MultiPoint"",""coordinates"":[]}",-17.768880171540776
7719,1.5713592569487769,0.1062154307677885,0.6320044605519933,-14.528468647653447,-8.25195598245898,-0.5679852558852986,16.78799819946289,604,5.260000228881836,3.825800895690918,"{""type"":""MultiPoint"",""coordinates"":[]}",-33.01445805550264
7841,1.090289608177172,0.0614754098360655,0.385929648241206,-18.242060826548588,-8.408753685981027,-0.4609541523808179,1.6803940534591677,624,2.609999895095825,1.3389384746551514,"{""type"":""MultiPoint"",""coordinates"":[]}",-25.66493060532636
7885,0.5890966433881505,-0.0951701650703077,0.3465871438038436,-17.13055184189841,-9.537817719996646,-0.556772356665637,1.500722050666809,667,2.2799999713897705,3.824651718139648,"{""type"":""MultiPoint"",""coordinates"":[]}",-17.311433580706154
7890,1.4028921470174736,0.1484333510355815,0.5230250842381131,-16.907338719032126,-10.250791336084855,-0.6062924216775656,2.4587409496307373,578,2.799999952316284,0.9671075344085692,"{""type"":""MultiPoint"",""coordinates"":[]}",-18.638332354843442
7891,0.679614964500273,-0.1392274323486882,0.3576432548949165,-17.486161796173818,-10.1712384289393,-0.5816735855186294,1.214100956916809,671,2.0899999141693115,0.9274099469184875,"{""type"":""MultiPoint"",""coordinates"":[]}",-15.288189209675231
7897,1.1649710162072635,0.0101135833203672,0.4850387883265608,-16.78829124636804,-10.12641411736276,-0.6031831333372595,5.542502880096436,746,3.990000009536743,2.7802884578704834,"{""type"":""MultiPoint"",""coordinates"":[]}",-26.580889808263677
7920,1.4292187783215515,0.0317425083240843,0.5962192816635161,-14.47233966852577,-8.64189196924698,-0.5971316433403812,28.931079864501957,578,8.420000076293945,1.3348660469055176,"{""type"":""MultiPoint"",""coordinates"":[]}",-49.09237007275526
7933,1.1338078291814948,0.1312341990347046,0.5165369649805448,-16.845781188431065,-7.891153098107112,-0.4684349754896736,1.0619250535964966,419,2.0199999809265137,2.9095070362091064,"{""type"":""MultiPoint"",""coordinates"":[]}",-18.08834857165841
7981,0.9253102836879432,0.0096363071184333,0.350104821802935,-15.451983703477053,-8.995503077344164,-0.5821584626263855,6.291953086853027,844,3.890000104904175,1.3292304277420044,"{""type"":""MultiPoint"",""coordinates"":[]}",-25.11571031296871
8012,0.2612383834017722,-0.121203184901209,0.2009141907334302,-15.82187963317623,-9.84161290036764,-0.6220255196311302,1.8173799514770508,584,2.390000104904175,3.829285144805908,"{""type"":""MultiPoint"",""coordinates"":[]}",-14.29283811876748
8016,0.6471119133574008,-0.0659090909090909,0.3553609780274244,-18.557086464160665,-10.896655369851048,-0.5871964540821524,2.6866989135742188,524,2.799999952316284,1.9310210943222048,"{""type"":""MultiPoint"",""coordinates"":[]}",-21.44920669878911
8043,0.6058834112990285,-0.0620253164556962,0.3851873034029168,-17.809459351728798,-11.23970044287726,-0.6311084587633032,4.289997100830078,632,3.180000066757202,3.8253543376922607,"{""type"":""MultiPoint"",""coordinates"":[]}",-20.891833768726617
8069,0.4036228937977142,-0.1451266236800299,0.270388863670752,-17.209946235072145,-10.11992551274192,-0.5880277238820495,4.079220771789551,692,3.390000104904175,1.9137178659439087,"{""type"":""MultiPoint"",""coordinates"":[]}",-24.035170992472235
8105,1.0896767466110533,0.1065210976689289,0.4267047774601878,-18.286881290135906,-9.182821078208868,-0.5021534800011065,1.7482229471206665,745,2.390000104904175,7.322886943817139,"{""type"":""MultiPoint"",""coordinates"":[]}",-21.758704861559544
8110,2.196344892221181,0.2172074833527111,0.7730496453900709,-14.234926805317093,-7.638458536261371,-0.5365997760809154,98.980362,629,15.75,3.007622718811035,"{""type"":""MultiPoint"",""coordinates"":[]}",-103.89437523762761
8120,2.5396825396825395,0.3891213389121339,0.8924731182795699,-13.269627653919963,-6.404110373274838,-0.4826141727784658,66.857208,1068,20.950001,3.824665784835816,"{""type"":""MultiPoint"",""coordinates"":[]}",-143.83259389503266
8139,0.7422025413939161,-0.0740849194729136,0.355463347164592,-16.67059787761319,-9.492752431900632,-0.5694308327506581,10.645873069763184,581,2.1700000762939453,2.125199794769287,"{""type"":""MultiPoint"",""coordinates"":[]}",-15.575925164822399
8188,0.4279471834330768,-0.1520104002228619,0.2646108663729809,-15.973474280049128,-9.813823557636644,-0.614382531037353,1.852455973625183,609,2.490000009536743,2.942589044570923,"{""type"":""MultiPoint"",""coordinates"":[]}",-15.337530357550094
8214,0.6729205075371435,-0.0929179496468031,0.3558933180384284,-16.47409808221518,-10.06004500354424,-0.6106583166701361,38.51959228515625,849,14.9399995803833,5.980461597442627,"{""type"":""MultiPoint"",""coordinates"":[]}",-95.82595030390004
8215,0.2846994838781286,-0.0786285125032224,0.1676470588235294,-20.436723209589115,-12.258598393963196,-0.5998318941958044,1.500722050666809,559,2.2799999713897705,0.9274099469184875,"{""type"":""MultiPoint"",""coordinates"":[]}",-18.646124345649067
8220,0.354512713003279,-0.0835974210468801,0.1990342538101705,-21.196563166779438,-11.917913877375756,-0.5622568990832555,1.0619250535964966,465,2.0899999141693115,1.854334115982056,"{""type"":""MultiPoint"",""coordinates"":[]}",-19.392376218460836
8225,0.397084363980843,-0.0248922929631402,0.2539976434943612,-19.249144694232186,-9.975129827733838,-0.5182115873814792,1.3161979913711548,421,2.200000047683716,2.9445717334747314,"{""type"":""MultiPoint"",""coordinates"":[]}",-20.402833148515853
8249,0.3934720229555236,-0.1611842105263158,0.250228102189781,-16.87170603648694,-10.148102454442585,-0.6014864431905216,10.648683547973633,796,2.2100000381469727,2.649786949157715,"{""type"":""MultiPoint"",""coordinates"":[]}",-14.85916417280315
8262,0.5344820628707477,-0.0181847834950664,0.3069169273548836,-19.10521086056987,-11.570798899275148,-0.605635759988153,33.921409606933594,706,7.889999866485596,0.9548903107643129,"{""type"":""MultiPoint"",""coordinates"":[]}",-59.446509368662824
8337,2.545611439842209,0.307570977917981,0.8204211362733412,-9.917153410105684,-3.1994880994536503,-0.3226216200500981,195.3740997314453,193,36.220001,26.048925399780277,"{""type"":""MultiPoint"",""coordinates"":[]}",-243.313844269482
8375,0.5171984823039124,0.0317011038777243,0.3211044603205252,-17.72023192691166,-9.63108333506224,-0.54350774723414,1.22843599319458,503,2.130000114440918,1.854334115982056,"{""type"":""MultiPoint"",""coordinates"":[]}",-17.229887426368855
8407,0.5490451388888888,-0.102811582039446,0.2635965826213794,-18.72779278036209,-10.007193624461395,-0.5343498692998627,12.533019542694092,672,3.1549999713897705,3.3926360607147217,"{""type"":""MultiPoint"",""coordinates"":[]}",-27.51349008736835
8482,0.8021108179419525,-0.0993667803214807,0.3890784982935154,-20.184762761671323,-9.752238825455894,-0.483148548269011,3.172523021697998,372,3.0999999046325684,4.9087347984313965,"{""type"":""MultiPoint"",""coordinates"":[]}",-32.34082320734481
8527,1.7014270032930845,0.1648135116115411,0.5513833992094862,-17.167888384582803,-9.578192753663924,-0.5579132703510225,1.0619250535964966,537,2.0199999809265137,4.177200794219971,"{""type"":""MultiPoint"",""coordinates"":[]}",-15.33118502969418
8542,0.4629072466259778,-0.108551593562638,0.254429482636428,-17.096241620492346,-11.220140858613016,-0.6562928336929934,3.526578903198242,525,3.1700000762939453,3.0401530265808105,"{""type"":""MultiPoint"",""coordinates"":[]}",-18.627239863468386
8581,0.8933976011657886,-0.0646506777893639,0.4577828834003446,-15.832539657127722,-10.395297741518911,-0.6565780327503558,3.4303579330444336,905,3.2100000381469727,7.190417766571045,"{""type"":""MultiPoint"",""coordinates"":[]}",-17.453546756518598
8596,0.3751599649760894,-0.1628782394672071,0.2596736596736597,-18.087517686512,-12.53087510260352,-0.6927913116539971,1.500722050666809,576,2.2799999713897705,2.941593170166016,"{""type"":""MultiPoint"",""coordinates"":[]}",-12.669144932334516
8601,0.732827722283882,-0.1190749235474006,0.3750986271106201,-17.70358362145208,-10.652168064710985,-0.6016955827973363,13.200654029846191,658,5.650000095367432,2.121681928634644,"{""type"":""MultiPoint"",""coordinates"":[]}",-39.84049856806258
8636,1.3977786144578317,0.0049864007252946,0.5409836065573771,-13.59136898949942,-7.1993807032853,-0.529702394868941,37.278461,830,14.56999969482422,6.695056438446045,"{""type"":""MultiPoint"",""coordinates"":[]}",-93.13126737945973
8643,0.5891521197007481,-0.0467894369621752,0.3302621127879269,-21.186724976976198,-10.556476988568448,-0.4982590277657479,10.794103622436523,559,2.3499999046325684,3.0662403106689453,"{""type"":""MultiPoint"",""coordinates"":[]}",-24.981081758978764
8663,1.0578911095796002,0.0561387494294842,0.4018324607329843,-19.210849345158643,-9.925216695650466,-0.5166464281368036,1.1160930395126345,404,2.049999952316284,2.0884013175964355,"{""type"":""MultiPoint"",""coordinates"":[]}",-19.035546488718293
8700,0.5744930194639764,-0.1430571353574241,0.325819968212686,-16.731540583453956,-10.236628972564027,-0.6118162832349799,1.8173799514770508,805,2.430000066757202,6.464860916137695,"{""type"":""MultiPoint"",""coordinates"":[]}",-15.782635648044655
8829,0.6400635012267282,-0.116702819956616,0.3111189056471413,-20.74826908668769,-11.22105940633845,-0.5408190610723282,1.22843599319458,346,2.130000114440918,4.274450778961182,"{""type"":""MultiPoint"",""coordinates"":[]}",-20.2929577094465
8831,0.3911082174580291,-0.1771872516994791,0.2335462371563454,-19.00157794018118,-11.03049475665264,-0.5805041450440439,10.431589126586914,675,2.059999942779541,2.668581247329712,"{""type"":""MultiPoint"",""coordinates"":[]}",-16.42043090195975
8839,0.4626355492692126,-0.1392018331105594,0.2308144663334313,-19.955526640069458,-9.86272602372562,-0.494235316442207,1.02217698097229,472,2.059999942779541,0.9626418948173524,"{""type"":""MultiPoint"",""coordinates"":[]}",-20.791168692153622
8857,1.4572639126537927,0.2030860534124629,0.6014797376828653,-15.752575245423596,-8.29756556984962,-0.5267434334116393,2.0698800086975098,572,2.5299999713897705,2.1433768272399902,"{""type"":""MultiPoint"",""coordinates"":[]}",-18.86117426591262
8941,0.7178908615877917,-0.0790371834021914,0.3511472553006099,-16.773633645906443,-9.665015505583554,-0.5762028496396947,1.6303950548171997,649,2.3499999046325684,2.665258884429932,"{""type"":""MultiPoint"",""coordinates"":[]}",-16.705251951828135
8966,0.9806527839314724,0.2879708383961117,0.3622476813966175,-19.5297711279706,-13.345266340327726,-0.6833293771279579,18.48957252502441,545,6.929999828338623,4.004968166351318,"{""type"":""MultiPoint"",""coordinates"":[]}",-42.858617116724524
8972,0.2647843341357101,-0.1080915656751132,0.1315874555447785,-24.60790393897363,-13.941128642918112,-0.5665305211484657,13.143991470336914,592,3.549999952316284,2.907171726226806,"{""type"":""MultiPoint"",""coordinates"":[]}",-37.86705179236561
8991,0.6356847497377028,-0.0820373250388802,0.3087529976019185,-16.31580996030515,-10.227083656227263,-0.6268204692938204,10.902469635009766,597,4.300000190734863,0.9684775471687316,"{""type"":""MultiPoint"",""coordinates"":[]}",-26.18152426886729
9028,1.6069153776160143,0.1299700726806327,0.5878828229027963,-15.67204880770046,-8.86987264933309,-0.5659676509541547,17.392314910888672,702,4.980000019073486,2.997135162353516,"{""type"":""MultiPoint"",""coordinates"":[]}",-33.87483739841072
9032,0.7076977651649521,-0.045860136957875,0.370015455950541,-16.33846804652442,-10.335670894853893,-0.6325973074968025,1.8701189756393437,545,2.4600000381469727,1.336060881614685,"{""type"":""MultiPoint"",""coordinates"":[]}",-14.766881222098032
9049,2.304088586030665,0.2077056063225487,0.7488629622305715,-14.56280309305884,-7.425937123551445,-0.5099249832671923,97.354446,645,20.84000015258789,1.854334115982056,"{""type"":""MultiPoint"",""coordinates"":[]}",-148.73228789353342
9053,0.6780213270142179,-0.1151767940089108,0.3625851417709488,-16.844838484236924,-8.360516749283871,-0.4963251358632783,12.206867218017578,795,3.0199999809265137,1.330640196800232,"{""type"":""MultiPoint"",""coordinates"":[]}",-25.622651477732624
9119,1.0927128427128427,-0.0225220756027383,0.4995876628731651,-15.157786269541816,-8.445745648396647,-0.5571885958946129,13.981378555297852,516,3.880000114440918,3.823497295379639,"{""type"":""MultiPoint"",""coordinates"":[]}",-26.042718378175348
9131,0.6259651019147622,-0.02196571625463,0.4326884589726484,-18.15529718234674,-10.022279317947106,-0.5520305846434861,0.9703500270843506,577,2.0199999809265137,2.139115571975708,"{""type"":""MultiPoint"",""coordinates"":[]}",-16.428695930962256
9146,0.5621012701879418,-0.0637137989778535,0.2411837237977805,-21.91485431547065,-14.571789962261953,-0.664927530546032,36.52106475830078,905,9.390000343322754,18.4200496673584,"{""type"":""MultiPoint"",""coordinates"":[]}",-68.95137679767073
9195,0.6908731280022605,-0.0569691510920963,0.3651979088872292,-19.79249157909312,-12.40816674594212,-0.6269128217818172,1.2719420194625854,737,2.0899999141693115,0.9616242051124572,"{""type"":""MultiPoint"",""coordinates"":[]}",-15.433238267483906
9227,0.5737288917597121,-0.0528814202981107,0.3456567060458652,-15.748182401909087,-9.421717735864352,-0.598273343260375,10.812909126281738,562,2.200000047683716,0.9591472148895264,"{""type"":""MultiPoint"",""coordinates"":[]}",-13.918222566967762
9236,0.4318779589689637,-0.2433214224944699,0.235310977357409,-17.62639311048283,-10.098351691955523,-0.5729108405025756,1.7482229471206665,815,2.390000104904175,1.854334115982056,"{""type"":""MultiPoint"",""coordinates"":[]}",-17.992019780003236
9270,1.917777018562806,0.112845990063875,0.6557632398753894,-15.738275125105591,-9.662003997193237,-0.613917593916024,28.89227294921875,839,8.880000114440918,16.860437393188477,"{""type"":""MultiPoint"",""coordinates"":[]}",-53.95728831123576
9301,1.0639588835748448,0.0933058230169646,0.4819725141471301,-16.44272292099762,-8.442546445523153,-0.5134518465151465,3.3590550422668457,559,3.2100000381469727,1.33990740776062,"{""type"":""MultiPoint"",""coordinates"":[]}",-25.680566791455558
9328,2.588097102584181,0.3668850506253722,0.8342448464450989,-13.328481003070586,-7.493386123982287,-0.562208560919731,157.505814,466,20.690001,1.854334115982056,"{""type"":""MultiPoint"",""coordinates"":[]}",-120.72811888343178
9342,2.0383209378545315,0.1018407841262252,0.6326291079812206,-13.266243354624878,-6.933064473340832,-0.5226094748913095,24.24031352996826,755,8.305000066757202,1.3258861303329468,"{""type"":""MultiPoint"",""coordinates"":[]}",-52.597051031849304
9348,0.5907328162610324,-0.0504793808478687,0.2863393291200777,-16.97145387571817,-9.976374766798209,-0.5878326535755349,1.3161979913711548,532,2.240000009536743,2.128781318664551,"{""type"":""MultiPoint"",""coordinates"":[]}",-15.668977270690982
9368,0.556000640922929,-0.1456500488758553,0.2830342577487765,-19.818422252774965,-9.971501161176644,-0.5031430370185215,1.214100956916809,367,2.1600000858306885,0.9274099469184875,"{""type"":""MultiPoint"",""coordinates"":[]}",-21.269350403020393
9374,0.664279112754159,-0.1212996389891696,0.3558168316831683,-15.107077725186295,-8.412741515657926,-0.5568741796854813,35.69413375854492,811,9.369999885559082,6.018635749816895,"{""type"":""MultiPoint"",""coordinates"":[]}",-62.72592951717484
9377,2.274476786143853,0.185956416464891,0.7149338374291115,-15.033741606727586,-8.243919382730573,-0.5483611198320334,155.677856,529,24.15999984741211,0.9594781398773192,"{""type"":""MultiPoint"",""coordinates"":[]}",-164.04210389572322
9419,0.6116316068587591,-0.1781852374236013,0.2735177865612648,-18.68265601624169,-10.919143319130155,-0.5844534797213867,1.8878649473190308,362,2.430000066757202,0.0,"{""type"":""MultiPoint"",""coordinates"":[]}",-18.865336372251416
9426,1.731224973441203,0.1156619555811941,0.6580214318993632,-15.658677474708677,-8.50163090555682,-0.54293416026279,30.600191116333008,927,11.199999809265137,5.0974626541137695,"{""type"":""MultiPoint"",""coordinates"":[]}",-80.15892020940251
9454,0.8987516274795129,-0.0785925682341335,0.3854491706355723,-14.375497815915985,-8.625373559804025,-0.600005208185163,10.578492164611816,687,2.1700000762939453,2.082344055175781,"{""type"":""MultiPoint"",""coordinates"":[]}",-12.477770074462619
9476,0.4655154478310621,-0.1465318431789959,0.2518998029833943,-18.85207237507572,-12.371533793901678,-0.6562426425997628,1.02217698097229,715,2.0199999809265137,5.002694129943848,"{""type"":""MultiPoint"",""coordinates"":[]}",-13.090687810365104
9489,0.7719123505976095,-0.0899237254114813,0.4119601328903654,-14.173469798786424,-8.341767138645725,-0.5885479883944842,4.183956146240234,530,3.359999895095825,2.135021924972534,"{""type"":""MultiPoint"",""coordinates"":[]}",-19.594520326302796
9569,1.558104081491234,0.2083171395258453,0.6003203844613536,-14.278379019350506,-8.767213866863951,-0.6140202508269565,1.7482229471206665,540,2.390000104904175,1.9345953464508057,"{""type"":""MultiPoint"",""coordinates"":[]}",-13.1716852925871
9594,0.7853891936048547,-0.0681737901801483,0.3928779918272037,-14.724771640155566,-8.587790863288976,-0.5832206483847546,12.41879653930664,737,3.059999942779541,1.9011588096618648,"{""type"":""MultiPoint"",""coordinates"":[]}",-18.77916082605091
9603,0.680945063388398,-0.0564404432132964,0.3801608579088472,-16.040149498521686,-10.08289176785078,-0.6286033536520376,13.916183471679688,714,3.700000047683716,7.6137375831604,"{""type"":""MultiPoint"",""coordinates"":[]}",-22.041853887546534
9606,2.068208430913349,0.1189452565204929,0.6643159379407616,-12.473938806078896,-5.627485184813694,-0.4511393932821976,16.953996658325195,734,5.010000228881836,9.031620025634766,"{""type"":""MultiPoint"",""coordinates"":[]}",-34.30073420956754
9610,0.8716783619003796,0.0597455470737913,0.4713108381278184,-15.826750336481917,-8.625278018788979,-0.5449809869627518,19.19060516357422,600,5.989999771118164,3.704791784286499,"{""type"":""MultiPoint"",""coordinates"":[]}",-43.136817534694494
9623,0.5388252862120458,-0.0216889709275496,0.2782776349614396,-19.75383118131752,-12.100946382341702,-0.6125873138870578,1.5648930072784424,493,2.3499999046325684,3.050781011581421,"{""type"":""MultiPoint"",""coordinates"":[]}",-17.984278547757203
9646,0.7077421517148921,0.0220208618691391,0.3686354378818737,-16.70586433661732,-8.736116056713843,-0.5229370884788815,2.6866989135742188,638,2.880000114440918,0.9688925743103028,"{""type"":""MultiPoint"",""coordinates"":[]}",-22.952875958187324
9649,2.6216293337137966,0.281093728494747,0.797180043383948,-16.223955404615396,-9.984728855699425,-0.615431231576177,118.779549,569,19.68000030517578,11.60922908782959,"{""type"":""MultiPoint"",""coordinates"":[]}",-122.78798038672714
9688,2.663431344561804,0.307628294036061,0.7814070351758794,-14.234460477183289,-7.476667584087942,-0.5252512096311939,184.881393,543,26.06999969482422,11.1272554397583,"{""type"":""MultiPoint"",""coordinates"":[]}",-176.17565866068097
9689,1.2300123001230012,0.1201712363673427,0.4342790966994788,-18.11974103026065,-10.985267910572354,-0.6062596530616273,1.2719420194625854,357,2.200000047683716,3.032833337783813,"{""type"":""MultiPoint"",""coordinates"":[]}",-15.695841203512437
9718,1.4582112868580357,0.1555616363387604,0.5584221349785007,-16.086955184575707,-7.613706002717125,-0.4732844665357931,1.3916250467300415,528,2.1700000762939453,2.9433434009552,"{""type"":""MultiPoint"",""coordinates"":[]}",-18.386951371090735
9746,2.5538748445917947,0.318233295583239,0.836443841194435,-13.10560596424849,-7.138769619630913,-0.5447111441550401,45.50522613525391,987,14.229999542236328,6.781911373138428,"{""type"":""MultiPoint"",""coordinates"":[]}",-84.90807845250721
9772,0.4888321029717963,-0.0704591931585796,0.2801735828586927,-18.608087831890863,-9.252948489702437,-0.4972541280595512,1.4378809928894043,486,2.240000009536743,2.681303739547729,"{""type"":""MultiPoint"",""coordinates"":[]}",-20.955512215719637
9795,1.0867052023121389,0.1191006880511677,0.4981452040275569,-17.428268998044626,-10.184787202994348,-0.5843831767880697,1.22843599319458,599,2.130000114440918,0.9693699479103088,"{""type"":""MultiPoint"",""coordinates"":[]}",-15.428617052407796
9818,0.4896448507402313,-0.0255761409850881,0.315686530186465,-18.288833742538973,-8.56059866554969,-0.4680778876368774,10.538941383361816,937,2.240000009536743,3.3929812908172607,"{""type"":""MultiPoint"",""coordinates"":[]}",-21.79124666523167
9832,1.2044546665052656,0.0869831546707503,0.4219677692960136,-16.192996791952837,-10.012320850277234,-0.6183117911350967,1.6303950548171997,596,2.390000104904175,3.3740015029907227,"{""type"":""MultiPoint"",""coordinates"":[]}",-14.7718161489834
9850,0.7197491567295358,0.0151700087183958,0.3825757575757575,-15.595707875548658,-10.254588289252434,-0.6575263124368874,2.0144050121307373,425,2.470000028610229,0.0,"{""type"":""MultiPoint"",""coordinates"":[]}",-13.19256553096233
9853,0.4473495504440399,0.0304353760065511,0.2845614035087719,-19.584242704564623,-11.459671010229824,-0.5851475179869399,1.22843599319458,567,2.0899999141693115,3.0435376167297363,"{""type"":""MultiPoint"",""coordinates"":[]}",-16.980354143822147
9861,1.2709891936824604,0.1281386302015796,0.5098366122040681,-17.122695485576745,-11.277902539601223,-0.658652286907814,5.818078994750977,583,3.890000104904175,0.9274099469184875,"{""type"":""MultiPoint"",""coordinates"":[]}",-22.73624517298796
9866,0.3257671290458175,-0.0844524022679797,0.2247772943857468,-18.269879641587387,-9.60919341360421,-0.5259582220635424,1.2719420194625854,507,2.200000047683716,3.991079330444336,"{""type"":""MultiPoint"",""coordinates"":[]}",-19.053510114536692
9889,1.4187157261630992,0.0111432108955839,0.536813922356091,-14.331070883725928,-6.846698612519403,-0.4777520583122908,13.200654029846191,821,5.760000228881836,14.726449966430664,"{""type"":""MultiPoint"",""coordinates"":[]}",-43.10998599518645
9906,1.682222860425043,0.1650745128009171,0.6626131221719457,-16.463993888292354,-8.969551461081902,-0.5447980315068147,52.22860336303711,643,11.270000457763672,3.825839281082153,"{""type"":""MultiPoint"",""coordinates"":[]}",-84.46236958534527
9910,1.5847560540038574,0.1633676431776194,0.5788649706457926,-15.95037155605146,-8.445433673238995,-0.529481939875868,13.71418285369873,725,5.840000152587891,2.0853874683380127,"{""type"":""MultiPoint"",""coordinates"":[]}",-43.82883838078744
9957,1.8340514039518645,0.2290076335877862,0.6696501220504475,-16.188891153949427,-9.25114432596947,-0.5714501529471689,14.965824127197266,483,6.059999942779541,1.3414762020111084,"{""type"":""MultiPoint"",""coordinates"":[]}",-42.042745380577486
9973,1.1533139615331396,0.0153846153846153,0.5137134052388289,-19.863111066884212,-10.20313260085643,-0.5136724336132367,1.214100956916809,391,2.130000114440918,6.798607349395752,"{""type"":""MultiPoint"",""coordinates"":[]}",-20.57575523813598
9983,0.7484948744372728,-0.1002227171492204,0.3831204886174347,-16.340162722765925,-9.635528187577805,-0.5896837351658137,14.287808418273926,611,3.759999990463257,2.662611484527588,"{""type"":""MultiPoint"",""coordinates"":[]}",-25.209425788366953
9997,1.097948378557247,0.0825610783487784,0.5370670119779865,-15.436129543539952,-9.230402204731371,-0.5979738754261954,24.630857467651367,899,8.609999656677246,0.9274099469184875,"{""type"":""MultiPoint"",""coordinates"":[]}",-53.43131025657448
10010,0.3803551812522885,-0.151781191963532,0.2149508535954475,-17.461196107156425,-11.281935496101294,-0.646114700669184,2.2214550971984863,777,2.7300000190734863,2.7802884578704834,"{""type"":""MultiPoint"",""coordinates"":[]}",-16.86938158604055
10045,0.7221553559855569,-0.0166352255187789,0.4124801692226335,-16.3362574536145,-10.403455022398791,-0.6368322152083224,21.942686080932617,836,7.079999923706055,11.115159034729004,"{""type"":""MultiPoint"",""coordinates"":[]}",-42.004240760370315
10054,0.2510033554839134,-0.142932768660667,0.1883485559121204,-15.61352267512672,-9.215687827571085,-0.5902375792653267,0.9198619723320008,842,2.0199999809265137,1.3295786380767822,"{""type"":""MultiPoint"",""coordinates"":[]}",-12.923626270033369
10080,0.9630566065192084,0.1185715614247186,0.4659215910590927,-16.051352131594527,-9.867432444938238,-0.6147415098766521,0.9703500270843506,428,2.0199999809265137,0.9274099469184875,"{""type"":""MultiPoint"",""coordinates"":[]}",-12.491517649096796
10091,0.6873740471392271,-0.0890256718210479,0.3824031196685352,-16.584111053833418,-11.04989751125594,-0.6662942303863646,1.0619250535964966,932,2.049999952316284,1.3301680088043213,"{""type"":""MultiPoint"",""coordinates"":[]}",-11.345137498391964
10102,0.6707522533906157,-0.0715569938870909,0.3595213906761485,-18.359152847769664,-11.760184281501605,-0.6405624692497875,11.15090274810791,649,2.430000066757202,5.292331695556641,"{""type"":""MultiPoint"",""coordinates"":[]}",-16.03549405656006
10105,0.8432017543859649,-0.0313253012048192,0.4255672385168788,-16.99427826977356,-10.576135814945353,-0.6223350969694503,3.7229549884796143,423,3.2100000381469727,0.9274099469184875,"{""type"":""MultiPoint"",""coordinates"":[]}",-20.60223752483125
10132,0.2804821511358368,-0.1260732037957523,0.1958562641631596,-17.740911343907875,-9.278544287419978,-0.5230026861391298,1.1160930395126345,497,2.130000114440918,2.0882568359375,"{""type"":""MultiPoint"",""coordinates"":[]}",-18.024842798760275
10145,0.3246753246753247,-0.0601295097132284,0.1923548149963244,-18.58703192715424,-11.38298761463479,-0.6124155625947525,1.4534660577774048,502,2.200000047683716,1.854334115982056,"{""type"":""MultiPoint"",""coordinates"":[]}",-15.848897831058391
10193,1.0689655172413794,0.0970873786407767,0.5256112796716045,-15.524198955585746,-9.301610062882622,-0.5991684395113874,31.063121795654297,747,8.569999694824219,0.0,"{""type"":""MultiPoint"",""coordinates"":[]}",-53.32758491148235
10216,2.4303039848795085,0.354087089381207,0.821618743343983,-12.562169843037708,-8.52800358473073,-0.6788638978207399,43.95529556274414,559,10.489999771118164,2.1474356651306152,"{""type"":""MultiPoint"",""coordinates"":[]}",-42.31840312629282
10231,1.284074074074074,0.063010713637189,0.4853702925941481,-18.3184394601216,-12.354582913704515,-0.6744342464651467,57.648411,1358,9.960000038146973,23.217151641845703,"{""type"":""MultiPoint"",""coordinates"":[]}",-59.400011429817226
10255,1.7785821268097854,0.2052219321148825,0.4843643779741672,-16.649433491486214,-9.953944631235734,-0.5978548541201563,10.392067909240724,665,2.059999942779541,5.999656677246094,"{""type"":""MultiPoint"",""coordinates"":[]}",-13.792706668997043
10336,1.263435194942044,0.1605336460929482,0.4956593633732947,-16.8336191149387,-8.738215531432518,-0.5190931000498842,2.772066116333008,531,2.7699999809265137,0.9676348567008972,"{""type"":""MultiPoint"",""coordinates"":[]}",-22.424267771904553
10360,1.2910183330765677,0.008937850758678,0.5775327360441075,-15.827819522256805,-9.473646443690262,-0.5985440022467141,13.010398864746094,617,3.140000104904175,3.820718050003052,"{""type"":""MultiPoint"",""coordinates"":[]}",-19.95210413327823
10373,0.4513179651784846,-0.040427314620863,0.2789299669371806,-18.83519244765602,-10.65221017724387,-0.5655482526577266,1.6303950548171997,468,2.319999933242798,1.342949390411377,"{""type"":""MultiPoint"",""coordinates"":[]}",-18.984518321083186
10382,1.292093023255814,0.0370016710432084,0.5365005793742758,-16.688034827756862,-9.742252290261742,-0.5837866705585762,15.71205997467041,695,5.949999809265137,19.344873428344727,"{""type"":""MultiPoint"",""coordinates"":[]}",-41.32740477329308
10389,1.8374259102455544,0.156888084776428,0.676539360872954,-16.138718653423368,-7.42495425990066,-0.4600708655594332,63.91282653808594,795,16.31999969482422,1.325855016708374,"{""type"":""MultiPoint"",""coordinates"":[]}",-142.20863224306075
10477,2.780813600485732,0.4412640256468972,0.8424279583077866,-13.821233312321615,-7.978522364640701,-0.5772655872560849,50.04118347167969,815,10.670000076293944,6.464860916137695,"{""type"":""MultiPoint"",""coordinates"":[]}",-62.341726257518815
10489,0.7459182584569417,-0.0492223238792314,0.4020707506471095,-18.191868915796874,-9.760390241711166,-0.5365248775091904,1.1715970039367676,630,2.0899999141693115,2.1229822635650635,"{""type"":""MultiPoint"",""coordinates"":[]}",-17.62178970515951
10508,0.9404859404859404,-0.0211492418196328,0.4237392373923739,-15.71419506737282,-10.7528792335328,-0.684278080259985,2.858752965927124,875,2.619999885559082,2.0844898223876958,"{""type"":""MultiPoint"",""coordinates"":[]}",-12.998646916883315
10513,0.7146377525874815,-0.0313565098841172,0.3621378621378621,-16.76953404181198,-8.567924503293039,-0.5109220376624882,10.341105461120604,996,2.0199999809265137,2.084495782852173,"{""type"":""MultiPoint"",""coordinates"":[]}",-16.567251111374972
10543,0.2201043174308419,-0.2290335202817268,0.1649948822927328,-21.365960219390708,-13.5433223310563,-0.6338737970112402,1.500722050666809,696,2.240000009536743,2.085198402404785,"{""type"":""MultiPoint"",""coordinates"":[]}",-17.52270894447156
10559,0.7003648233486943,-0.0847343644922663,0.3878256246677299,-16.055793644918964,-9.851505381611188,-0.613579471652515,1.500722050666809,856,2.319999933242798,11.032323837280272,"{""type"":""MultiPoint"",""coordinates"":[]}",-14.393948356693114
10584,0.9759117514633048,0.1276681433749496,0.4578419292378102,-16.42927741428593,-10.934564314039411,-0.665553574774467,1.3916250467300415,570,2.240000009536743,2.090986728668213,"{""type"":""MultiPoint"",""coordinates"":[]}",-12.308157396953872
10649,0.5591529576478824,-0.1193369389618599,0.28255582577935,-20.615915780497065,-13.58378651035809,-0.6588980404745608,1.2719420194625854,698,2.2100000381469727,3.924685716629028,"{""type"":""MultiPoint"",""coordinates"":[]}",-15.541005955261578
10690,0.6364232824069735,0.0020104543626859,0.3998822143698469,-16.026889357560457,-8.10568177938775,-0.5057551467755038,26.33909797668457,671,10.329999923706056,3.9002318382263184,"{""type"":""MultiPoint"",""coordinates"":[]}",-81.8260736781839
10725,1.8615934627170585,0.0848379915904031,0.5646785437645236,-16.866423073681663,-10.2958986140826,-0.6104375876915067,12.664522171020508,890,2.880000114440918,4.704589366912842,"{""type"":""MultiPoint"",""coordinates"":[]}",-18.923111195582152
10773,0.3560250391236307,-0.1559181160535631,0.240451597405717,-19.68913847813673,-11.388711122772856,-0.5784260766624778,1.02217698097229,608,2.049999952316284,1.3345686197280884,"{""type"":""MultiPoint"",""coordinates"":[]}",-17.015875682700724
10812,0.6224004753416519,-0.0707213578500707,0.3508233324030142,-17.478940987503577,-11.428497399628428,-0.653843811693119,5.244015216827393,369,3.289999961853028,2.1453158855438232,"{""type"":""MultiPoint"",""coordinates"":[]}",-19.90595917330314
10823,0.578839239856189,-0.0888338347195186,0.3080076523640339,-17.18186325841432,-10.115596160847067,-0.5887368563414243,19.19060516357422,825,5.949999809265137,5.297179698944092,"{""type"":""MultiPoint"",""coordinates"":[]}",-42.04428788274167
10832,0.3357499824030407,-0.1339086859688196,0.19875,-23.030019205836822,-14.87074333004762,-0.6457112865228838,1.1160930395126345,397,2.049999952316284,1.3406914472579956,"{""type"":""MultiPoint"",""coordinates"":[]}",-16.72651515630327
10833,1.1833489242282509,0.0323662585946671,0.5334739061676331,-14.164314255843973,-6.889733577540643,-0.4864149053102269,77.49280548095703,868,14.56999969482422,2.7802884578704834,"{""type"":""MultiPoint"",""coordinates"":[]}",-105.99063826285368
10884,1.0078414686037322,0.0129763972616736,0.5184490306441526,-15.426614783080044,-10.55274790526416,-0.6840611536393871,30.575336456298828,739,8.09000015258789,2.0849239826202397,"{""type"":""MultiPoint"",""coordinates"":[]}",-39.42958378522356
10908,0.594535519125683,-0.0738898756660746,0.286768581971534,-12.849622212010022,-6.430264092435392,-0.5004243693970462,29.22264671325684,853,11.56999969482422,7.3788604736328125,"{""type"":""MultiPoint"",""coordinates"":[]}",-74.27197148444586
10928,0.3290676416819013,-0.1385773428678961,0.2095321765868658,-18.21020177448413,-9.948270752492652,-0.5463020605533336,1.4378809928894043,469,2.200000047683716,0.9679595232009888,"{""type"":""MultiPoint"",""coordinates"":[]}",-18.176248642340823
10997,1.2340585146286571,0.0994475138121546,0.5485161720573525,-15.122456011497905,-10.20124815197043,-0.6745761498141717,6.22771692276001,347,4.139999866485596,1.9327969551086424,"{""type"":""MultiPoint"",""coordinates"":[]}",-20.373799881391605
11031,0.5236068895643363,-0.1198156682027649,0.3190911336132378,-22.0797276590448,-12.260859983751622,-0.5552994209477512,2.519921064376831,665,2.690000057220459,2.08523941040039,"{""type"":""MultiPoint"",""coordinates"":[]}",-26.412754608378762
11055,0.6185191922867018,-0.1182582879762493,0.2490842490842491,-14.73575278506933,-7.779720787893584,-0.5279486498834461,20.88884162902832,681,5.090000152587891,2.136333703994751,"{""type"":""MultiPoint"",""coordinates"":[]}",-35.406203927030795
11061,0.8761769078295343,0.0150311359244148,0.4522781774580335,-16.839570060395012,-8.852473175913866,-0.5256947264190551,7.053875923156738,569,3.849999904632568,0.957000494003296,"{""type"":""MultiPoint"",""coordinates"":[]}",-30.75032224354349
11067,1.4897260273972603,0.1906239227852464,0.6634468734112863,-15.542616454638438,-8.151758262611338,-0.5244778629391308,112.40394592285156,924,15.09000015258789,3.918390274047852,"{""type"":""MultiPoint"",""coordinates"":[]}",-111.5280512454444
11077,0.3291201575837163,-0.1050128064398097,0.2096184004181913,-17.587128231606815,-11.039203629363968,-0.6276865377898818,8.933408737182617,619,4.420000076293945,5.010244369506836,"{""type"":""MultiPoint"",""coordinates"":[]}",-28.94182724148039
11125,0.3645000614930513,-0.0902961396086726,0.2250593260560038,-17.881804086417997,-10.084123334179496,-0.5639321002201799,1.6803940534591677,590,2.390000104904175,1.3323341608047483,"{""type"":""MultiPoint"",""coordinates"":[]}",-18.63645781585928
11130,0.7575416479063485,0.0139885658678992,0.3498527118350372,-19.71323578614909,-10.68483403778674,-0.5420132013687026,1.1715970039367676,519,2.1600000858306885,2.9450552463531494,"{""type"":""MultiPoint"",""coordinates"":[]}",-19.50134855137662
11136,1.2344555656657568,0.3671091845028447,0.5174825174825175,-18.80152419663818,-11.456652019129628,-0.609346981622806,1.1160930395126345,397,2.049999952316284,0.9274099469184875,"{""type"":""MultiPoint"",""coordinates"":[]}",-15.056987613661734
11138,0.4547274838813023,-0.0628321805606115,0.2343411412650913,-20.540334995647797,-12.416813012997665,-0.6045087879836726,1.5091795325279236,380,2.259999990463257,6.774343013763428,"{""type"":""MultiPoint"",""coordinates"":[]}",-18.359159603317355
11191,0.428196434430712,0.0076591670655816,0.2531522793404461,-20.35547771396988,-10.338961738342022,-0.5079203683461793,1.2719420194625854,526,2.240000009536743,2.681025981903076,"{""type"":""MultiPoint"",""coordinates"":[]}",-22.43699588093134
11213,1.065816442723753,-0.0482693666117259,0.3529411764705882,-15.178770270023506,-7.148147733950051,-0.470930622625398,30.522777557373047,12,7.289999961853027,2.0839498043060303,"{""type"":""MultiPoint"",""coordinates"":[]}",-58.54323798163155
11230,2.340608351950507,0.3069834118369854,0.8239564428312159,-10.096580285318211,-1.681122189135213,-0.166504117397035,205.398987,997,28.40999984741211,17.41275978088379,"{""type"":""MultiPoint"",""coordinates"":[]}",-239.08316322846198
11256,0.2633866481223922,-0.1135581555402615,0.1671877873827478,-21.90505004634696,-12.706391133187145,-0.5800667474533413,1.02217698097229,537,2.049999952316284,5.128437519073486,"{""type"":""MultiPoint"",""coordinates"":[]}",-18.857250333351384
11276,1.1155285313376988,0.1539204325994592,0.521311475409836,-17.710388670344823,-12.33368120338254,-0.6964094031450977,1.1715970039367676,551,2.130000114440918,0.9274099469184875,"{""type"":""MultiPoint"",""coordinates"":[]}",-11.452387519945002
11287,0.6619944647799304,-0.1012468078714135,0.3606517509727626,-17.236794310093714,-9.642618648016324,-0.5594206483261038,10.552311897277832,659,2.2100000381469727,2.9373161792755127,"{""type"":""MultiPoint"",""coordinates"":[]}",-16.783128502885845
11297,0.4068187992393371,-0.0492449113591595,0.2190127970749543,-22.39448524391355,-13.483886877225908,-0.6021074711190606,1.4378809928894043,631,2.4600000381469727,1.340407133102417,"{""type"":""MultiPoint"",""coordinates"":[]}",-21.920072321963953
11316,0.7242171442389069,-0.0538525269262634,0.3899739583333333,-18.68717296599964,-11.206776777317724,-0.5997042355046366,1.1715970039367676,406,2.130000114440918,1.3418651819229126,"{""type"":""MultiPoint"",""coordinates"":[]}",-15.933244737955887
11329,0.6088709677419355,0.0638670166229221,0.2716804605973372,-20.663393629294,-13.208829447987128,-0.6392381466934496,35.0243034362793,517,9.350000381469728,21.146928787231445,"{""type"":""MultiPoint"",""coordinates"":[]}",-69.70017793890982
11448,0.5145562685866333,0.0137683328344806,0.264747332393799,-18.338320440990884,-7.3337799097004,-0.3999155720557433,0.9198619723320008,420,2.009999990463257,3.704791784286499,"{""type"":""MultiPoint"",""coordinates"":[]}",-22.119126362946396
11490,0.2164865200646043,-0.1680659203980099,0.1542718016821602,-18.1706374702297,-8.956108624987127,-0.4928890711545251,6.519321918487549,788,4.230000019073486,1.3290163278579712,"{""type"":""MultiPoint"",""coordinates"":[]}",-38.97745719112927
11543,0.8330806089646388,-0.0955185659411011,0.4034366279923631,-15.741590550179838,-9.83769016548468,-0.6249489296602426,90.057671,642,15.119999885559082,3.825281143188477,"{""type"":""MultiPoint"",""coordinates"":[]}",-89.26697314094301
11544,0.3486408914401485,-0.068678459937565,0.195179584120983,-18.99875083574736,-10.576177246205958,-0.5566775067288218,1.2719420194625854,474,2.130000114440918,1.341819405555725,"{""type"":""MultiPoint"",""coordinates"":[]}",-17.940082709610238
11595,1.5722097936863038,0.1781132932228402,0.6383515559293524,-15.525537805877915,-9.308002987798291,-0.5995285383463053,13.526342391967772,401,6.019999980926514,5.425760269165039,"{""type"":""MultiPoint"",""coordinates"":[]}",-37.429559486249275
11600,1.0042667509481669,0.043900286785793,0.4069804674991994,-11.477179164020171,-5.7476883514789145,-0.5007927705352333,27.99210548400879,586,8.460000038146973,0.957743763923645,"{""type"":""MultiPoint"",""coordinates"":[]}",-48.47149249266176
11635,0.667079916078581,-0.0358136300417246,0.358075249552086,-15.62995862287588,-9.662466601490344,-0.6182016750414449,1.7311409711837769,559,2.5299999713897705,2.942417621612549,"{""type"":""MultiPoint"",""coordinates"":[]}",-15.097754643374088
11665,1.2605171352349682,0.0498329621380846,0.5248878444776757,-16.480920145535514,-8.709028777422862,-0.5284309796126301,39.584083557128906,872,15.119999885559082,2.7802884578704834,"{""type"":""MultiPoint"",""coordinates"":[]}",-117.5109965964409
11679,1.2315233785822022,0.0670679277730008,0.5269441755404969,-16.09736053645006,-9.04704697187278,-0.5620205220220482,37.24103546142578,13,9.770000457763672,4.250505447387695,"{""type"":""MultiPoint"",""coordinates"":[]}",-68.88156675329746
11693,1.017476054444631,-0.0249370853351635,0.4376581134803036,-16.056646721454634,-9.10528288112194,-0.5670725051797776,16.771900177001953,515,5.130000114440918,1.9209296703338623,"{""type"":""MultiPoint"",""coordinates"":[]}",-35.660497296427174
11733,0.7280163599182005,-0.1001863519389475,0.3799939005794449,-16.737650516736494,-9.69089155195851,-0.5789875671181142,3.3590550422668457,658,3.0999999046325684,5.709357261657715,"{""type"":""MultiPoint"",""coordinates"":[]}",-21.844952118780448
11750,1.912125144175317,0.356492141355491,0.7027420850443767,-13.88789297523589,-7.428859689629526,-0.5349162542421843,62.00943756103516,640,11.880000114440918,2.9396514892578125,"{""type"":""MultiPoint"",""coordinates"":[]}",-76.73331617218129
11772,1.0247133133010364,-0.0072566204881726,0.4970255800118976,-16.941022262839617,-9.063007384542503,-0.5349740555162569,24.779151916503903,733,9.359999656677246,1.3304024934768677,"{""type"":""MultiPoint"",""coordinates"":[]}",-73.73821655615922
11793,0.5928663239074551,-0.0888284937777142,0.3296114336757481,-16.491862186086827,-10.534080843120892,-0.638744171171152,1.5648930072784424,775,2.309999942779541,1.3299951553344729,"{""type"":""MultiPoint"",""coordinates"":[]}",-13.762474561344328
11803,0.4118079630213257,-0.1535935789857716,0.2288382953882078,-21.077293010333573,-12.60410180235625,-0.597994334290311,1.0619250535964966,348,2.059999942779541,1.9320417642593384,"{""type"":""MultiPoint"",""coordinates"":[]}",-17.454773403593393
11811,2.583050847457627,0.3114186851211072,0.8361375274323336,-10.572813006450234,-4.469517174157886,-0.4227368034818297,76.690491,521,14.68000030517578,16.835933685302734,"{""type"":""MultiPoint"",""coordinates"":[]}",-89.59638468062973
11828,0.635624709707385,-0.0687751473753158,0.4035087719298245,-16.021667940701768,-8.535336000166598,-0.5327370428445379,5.633633136749268,754,3.430000066757202,4.712372303009033,"{""type"":""MultiPoint"",""coordinates"":[]}",-25.678119055802206
11830,1.2660208643815205,-0.0077130736598534,0.5447258736774607,-15.469677543101334,-8.621327059565232,-0.5573048976324586,11.980652809143066,824,5.71999979019165,3.0012545585632324,"{""type"":""MultiPoint"",""coordinates"":[]}",-39.17256332898539
11872,0.4352119630387246,-0.0750976269149894,0.2676789587852494,-16.163054253846006,-9.934544387458493,-0.6146452416377035,10.540980339050291,887,2.130000114440918,2.117063283920288,"{""type"":""MultiPoint"",""coordinates"":[]}",-13.26672672820179
11889,0.4003116420568375,-0.0577581987273617,0.1766246521525618,-20.01225337878607,-11.12590276437183,-0.5559545221512041,0.8707129955291748,518,2.009999990463257,4.699462890625,"{""type"":""MultiPoint"",""coordinates"":[]}",-17.86156465022578
11891,1.0790161517324577,0.1972448340638697,0.5613668061366807,-15.57860329488988,-8.886205558504631,-0.5704109277511097,45.45356750488281,751,10.479999542236328,2.121558427810669,"{""type"":""MultiPoint"",""coordinates"":[]}",-70.13632521378085
11947,0.6585251840598341,-0.0757314974182444,0.2793060718711276,-17.4605011438358,-10.940013039690765,-0.6265577917592011,14.58698558807373,710,4.110000133514404,0.0,"{""type"":""MultiPoint"",""coordinates"":[]}",-26.799206978615175
11988,0.670694697345914,-0.0473679070221701,0.3629983574734955,-17.500183276341396,-11.531708680026624,-0.6589478805982799,3.7979469299316406,634,3.0999999046325684,1.331384301185608,"{""type"":""MultiPoint"",""coordinates"":[]}",-18.502270679377702
12047,0.3881422541361409,-0.134337793699294,0.266844563042028,-18.880986763448,-12.387955823108236,-0.6561074364550838,1.331117033958435,637,2.1700000762939453,5.631389141082764,"{""type"":""MultiPoint"",""coordinates"":[]}",-14.089877635916237
12059,1.6246553761323357,0.1887961217344465,0.6004366812227074,-14.652624990205467,-7.722142476906626,-0.5270142709629492,1.1715970039367676,545,2.049999952316284,4.175265312194824,"{""type"":""MultiPoint"",""coordinates"":[]}",-14.207488821791467
12075,0.5999596835155975,-0.1021594684385382,0.3049827078263097,-16.907822530551922,-10.146610804979272,-0.6001133964261013,1.331117033958435,815,2.1700000762939453,4.67366886138916,"{""type"":""MultiPoint"",""coordinates"":[]}",-14.671829960332168
12148,0.4530149984695439,-0.077345731191885,0.1727962638645651,-16.53577223694454,-7.564953630646283,-0.4574901929130663,2.4587409496307373,441,2.5799999237060547,3.827223300933838,"{""type"":""MultiPoint"",""coordinates"":[]}",-23.144711319830357
12152,0.8182919442761962,-0.0133765707336846,0.3785374054356962,-15.91909060898896,-10.309030663385856,-0.6475891692936719,1.6972270011901855,636,2.2799999713897705,1.854334115982056,"{""type"":""MultiPoint"",""coordinates"":[]}",-12.790936515469973
12216,0.4785323965651834,-0.0214665249734325,0.2703219168014111,-20.09500527178044,-11.9153897357578,-0.5929528046698583,1.066981464624405,603,2.0899999141693115,2.091102600097656,"{""type"":""MultiPoint"",""coordinates"":[]}",-17.095395768225284
12227,0.3697398622800306,-0.1607933125717095,0.2442815619866043,-18.594480005602804,-11.621253154700195,-0.6249840356492106,10.594977378845217,666,2.0899999141693115,5.971733093261719,"{""type"":""MultiPoint"",""coordinates"":[]}",-14.574043519869592
12273,1.5869017632241813,0.0417702047095018,0.5824345146379045,-12.511623784876724,-7.358999439263087,-0.5881730114166468,9.666616201400757,693,4.884999990463257,12.750683784484863,"{""type"":""MultiPoint"",""coordinates"":[]}",-25.17056987918336
12310,2.7752293577981653,0.3093278463648834,0.7900552486187845,-17.805300609022588,-12.084904493590928,-0.6787251032126395,175.745255,931,27.280001,21.73501205444336,"{""type"":""MultiPoint"",""coordinates"":[]}",-156.0524117493718
12326,0.516302897699984,-0.1312479845211222,0.335064935064935,-18.68771470115274,-10.91923834975046,-0.584300355841633,2.163994073867798,660,2.539999961853028,2.7802884578704834,"{""type"":""MultiPoint"",""coordinates"":[]}",-19.731929636217938
12358,0.5190672935365912,0.0346104873249218,0.3315134971185927,-18.98171357054588,-10.901932136152476,-0.5743386705122933,1.0090949535369873,640,2.0199999809265137,0.9274099469184875,"{""type"":""MultiPoint"",""coordinates"":[]}",-16.321158343365077
12404,1.046792774854217,-0.005688282138794,0.4431065623118603,-14.40991466995257,-10.061092857298396,-0.6982062758690515,11.583953857421877,691,2.539999961853028,2.111107587814331,"{""type"":""MultiPoint"",""coordinates"":[]}",-11.046007238247217
12458,0.7911683532658693,-0.1019792313836868,0.4123464189391669,-16.27493476056089,-9.881322709309272,-0.607149758489645,3.4303579330444336,692,3.130000114440918,3.991934776306152,"{""type"":""MultiPoint"",""coordinates"":[]}",-20.012006452108395
12463,0.7093670886075949,0.0724191063174114,0.3451589061345159,-14.517830355632942,-9.363689755202303,-0.6449785901768151,24.72950434684753,461,7.43999981880188,3.98258900642395,"{""type"":""MultiPoint"",""coordinates"":[]}",-38.34680513328336
12522,0.0474040632054176,0.2222222222222222,-0.075268817204301,-28.47392682344493,-20.8382680867431,-0.7318368209608952,1.1160930395126345,553,2.130000114440918,15.51910400390625,"{""type"":""MultiPoint"",""coordinates"":[]}",-16.263953983006697
12532,1.6901860166773572,0.1506702412868632,0.6286282306163022,-14.435669841768838,-7.370638233350074,-0.5105851210328687,85.927872,785,16.030001,2.11775016784668,"{""type"":""MultiPoint"",""coordinates"":[]}",-113.2524637479844
12535,0.4656640086134383,-0.1257849163857492,0.2872561228725612,-17.140259576426477,-11.158408072175884,-0.6510057810047628,1.3916250467300415,733,2.240000009536743,0.0,"{""type"":""MultiPoint"",""coordinates"":[]}",-13.399347426568708
12557,1.637754785948826,0.2146913354094156,0.6399951579711899,-14.417563920135624,-9.390372386395946,-0.6513147740084798,9.08696746826172,718,4.679999828338623,3.8252146244049072,"{""type"":""MultiPoint"",""coordinates"":[]}",-23.527255514927074
12560,0.8269961977186312,-0.1066243194192377,0.3939622641509434,-16.995879551560385,-11.178673908419812,-0.6577284732165275,6.784017086029053,811,4.409999847412109,10.27174472808838,"{""type"":""MultiPoint"",""coordinates"":[]}",-25.65387599861479
12593,1.114931934203063,0.1736705094830792,0.5237302248126561,-17.201363540790624,-10.444900492354307,-0.6072135192995421,1.7482229471206665,564,2.390000104904175,2.091204643249512,"{""type"":""MultiPoint"",""coordinates"":[]}",-16.147947394543976
12624,0.9900085293042524,0.0093144560357675,0.4676258992805755,-18.13580504993816,-9.88651000857756,-0.5451376424346419,25.84827423095703,781,9.8100004196167,2.6502931118011475,"{""type"":""MultiPoint"",""coordinates"":[]}",-80.92558781728944
12632,1.679400317139974,-0.0547202366280502,0.4850124895920066,-14.028977056570517,-7.268260855895031,-0.5180891540834703,18.65709114074707,798,5.710000038146973,0.9481818079948424,"{""type"":""MultiPoint"",""coordinates"":[]}",-38.60368976375788
12645,0.637739345274861,-0.0325524794645573,0.3671111111111111,-16.80794719217193,-11.093263329451334,-0.6600010817869459,1.500722050666809,674,2.2799999713897705,2.086145401000977,"{""type"":""MultiPoint"",""coordinates"":[]}",-13.029479043504542
12653,2.754783287778212,0.3748069711008162,0.8474474474474475,-18.59219567990568,-12.0373228041237,-0.6474395499792183,386.948853,680,20.57999992370605,23.45144844055176,"{""type"":""MultiPoint"",""coordinates"":[]}",-134.89928328349598
12654,0.5861267972285634,-0.0458898975597568,0.3528631705846896,-16.033387599316733,-9.759000723435122,-0.6086674237109445,2.9650269150733948,557,2.819999933242798,3.381143093109131,"{""type"":""MultiPoint"",""coordinates"":[]}",-17.69377057112563
12728,0.7780577805778057,-0.072392282025243,0.4129448292333413,-14.6536216322815,-8.471802105706315,-0.5781370857183307,22.074939727783203,955,3.289999961853028,3.8093740940094,"{""type"":""MultiPoint"",""coordinates"":[]}",-20.33818600661466
12730,1.0227350078279218,-0.0056103695105436,0.4477723141111608,-15.546722555282075,-9.458341151508582,-0.6083816777379271,1.1160930395126345,591,2.059999942779541,1.854334115982056,"{""type"":""MultiPoint"",""coordinates"":[]}",-12.542065343393418
12736,0.4666440907551642,-0.0947669877636032,0.2615793470007593,-20.407085123339648,-10.720345643996222,-0.5253246889108787,0.9198619723320008,597,2.0199999809265137,2.1439759731292725,"{""type"":""MultiPoint"",""coordinates"":[]}",-19.56721356351383
12741,0.7160783001505772,-0.0717720714998639,0.3644621061595231,-15.838913367296763,-8.561984840294379,-0.5405664291322314,1.6972270011901855,844,2.390000104904175,6.737027168273926,"{""type"":""MultiPoint"",""coordinates"":[]}",-17.391859942915882
12749,2.3443906075288856,0.2260357930865408,0.737109375,-13.896616982025376,-7.807087630082952,-0.5617977123627322,100.55792999267578,648,17.93000030517578,6.236218929290772,"{""type"":""MultiPoint"",""coordinates"":[]}",-109.18526313870454
12755,0.514405121821092,-0.0963201876557689,0.2406906594549615,-17.38972517894957,-12.30023967218088,-0.7073280080970135,2.4385130405426025,677,2.650000095367432,1.335686445236206,"{""type"":""MultiPoint"",""coordinates"":[]}",-13.487137078308189
12768,0.4651210589057425,-0.0739763343832467,0.2777027856178672,-19.58457366255552,-10.392283841886425,-0.5306362048491164,1.1160930395126345,543,2.059999942779541,2.9042391777038574,"{""type"":""MultiPoint"",""coordinates"":[]}",-18.936116504591293
12784,0.5747633327453402,-0.0961001344781214,0.3128500560089614,-16.167822398407605,-9.296755322901088,-0.5750159232214687,1.500722050666809,719,2.2799999713897705,3.8217697143554688,"{""type"":""MultiPoint"",""coordinates"":[]}",-15.666032735572053
12810,2.395812562313061,0.3642324214334162,0.8585209003215434,-13.866104039750825,-6.86287305635507,-0.4949388117008819,99.026062,1110,16.780001,12.900607109069824,"{""type"":""MultiPoint"",""coordinates"":[]}",-117.51422290461173
12831,1.55201788946864,0.0990223113562296,0.5488608548295989,-15.233054818781786,-9.348946248607048,-0.6137276048583602,33.945335388183594,582,13.010000228881836,3.011040687561035,"{""type"":""MultiPoint"",""coordinates"":[]}",-76.55225384473893
12862,1.250525136535499,0.2931736822614492,0.5352112676056338,-19.16333084571347,-12.402393055152356,-0.6471940162702232,2.519921064376831,415,2.650000095367432,0.9274099469184875,"{""type"":""MultiPoint"",""coordinates"":[]}",-17.91648578976023
12909,0.6232091690544412,-0.0662217123787673,0.1539823008849557,-14.57609828064421,-7.138896050795638,-0.4897672829412429,29.74775505065918,550,8.829999923706055,7.440598487854004,"{""type"":""MultiPoint"",""coordinates"":[]}",-65.67049512214939
12919,0.7361656996693493,-0.0564018114450391,0.3782051282051282,-17.519769728355644,-11.7380659085343,-0.6699897367678473,3.172523021697998,718,3.0999999046325684,2.8609936237335205,"{""type"":""MultiPoint"",""coordinates"":[]}",-17.923281290059922
12927,1.4638442323704606,0.0941969422982081,0.592328625113386,-16.798507114678138,-9.851497938911711,-0.5864508001609088,10.48524570465088,548,2.200000047683716,2.1281180381774902,"{""type"":""MultiPoint"",""coordinates"":[]}",-15.28342051794535
12950,0.3538791051880057,-0.0433692130839168,0.2011362099283105,-19.490041497617547,-11.241481266860696,-0.5767807763895654,1.4928045272827148,534,2.3499999046325684,2.0913503170013428,"{""type"":""MultiPoint"",""coordinates"":[]}",-19.384115755634596
12999,2.290420422950544,0.2360717658168083,0.7943024105186267,-14.316891626476842,-7.378175206232514,-0.5153475627759686,85.045898,704,7.135000228881836,3.704791784286499,"{""type"":""MultiPoint"",""coordinates"":[]}",-49.507743246589435
13007,0.9971788194444444,0.1540905480540111,0.5276555023923445,-15.994537584661916,-9.539549662419605,-0.5964254741298447,1.1715970039367676,477,2.130000114440918,0.9274099469184875,"{""type"":""MultiPoint"",""coordinates"":[]}",-13.749125013090868
13025,0.9441425120772946,0.0019941986947063,0.4390004211708549,-15.534593542257642,-9.257671789548072,-0.5959391061224157,10.720129013061523,560,2.059999942779541,1.854334115982056,"{""type"":""MultiPoint"",""coordinates"":[]}",-12.930458451413372
13048,1.0250934329951948,-0.0322639612466867,0.4465116279069767,-17.57598713164164,-8.189055813731523,-0.4659229522869277,1.5648930072784424,405,2.240000009536743,2.0914766788482666,"{""type"":""MultiPoint"",""coordinates"":[]}",-21.026726241639413
13052,1.0205237084217975,0.0428047289033836,0.4199184624344787,-16.893718881023695,-8.984302836859019,-0.5318132082185213,8.630131721496582,577,4.110000133514404,1.3385770320892334,"{""type"":""MultiPoint"",""coordinates"":[]}",-32.50770099753779
13067,1.0556492411467118,0.0989098116947472,0.5299097065462754,-16.684395166365142,-9.83921796770776,-0.589725780862773,1.1160930395126345,518,2.049999952316284,2.088417053222656,"{""type"":""MultiPoint"",""coordinates"":[]}",-14.032612930844149
13080,0.504010770180064,-0.1109887689936137,0.3114924596983879,-15.76136146746527,-8.627439220816953,-0.5473790597738516,1.7482229471206665,764,2.470000028610229,3.921467065811157,"{""type"":""MultiPoint"",""coordinates"":[]}",-17.62078815332449
13084,2.3282501540357363,0.3371802269667244,0.8385575589459084,-13.142974308217363,-6.482260850047509,-0.4932111026036636,63.943249,961,13.520000457763672,13.288207054138184,"{""type"":""MultiPoint"",""coordinates"":[]}",-90.05284900348909
13086,0.8011948420679049,-0.0288502696686927,0.3517724970783015,-15.975414901259011,-9.897558469169937,-0.6195493844976707,0.9198619723320008,683,2.049999952316284,3.407825231552124,"{""type"":""MultiPoint"",""coordinates"":[]}",-12.459605395967824
13110,0.5114415269429505,-0.0100799443865137,0.318241469816273,-18.256844592197268,-10.786198576433016,-0.5908030011408923,1.1715970039367676,506,2.130000114440918,2.154859781265259,"{""type"":""MultiPoint"",""coordinates"":[]}",-15.912476868525445
13174,2.0947281713344315,0.2517548852210207,0.6765097100292631,-16.883939309818246,-10.637557506517927,-0.6300400227292952,10.943082809448242,560,2.3499999046325684,6.376020431518555,"{""type"":""MultiPoint"",""coordinates"":[]}",-14.678996642054358
13184,0.6954706071313844,-0.0864891041162227,0.3564959657500411,-16.667274291217193,-10.02681922012961,-0.6015872208578961,22.257771,660,7.78000020980835,3.824103832244873,"{""type"":""MultiPoint"",""coordinates"":[]}",-51.66274184628432
13215,0.4479895104895104,-0.1328530742167867,0.2726789039638201,-19.71441718300975,-11.390120384697994,-0.577755876776018,1.500722050666809,367,2.319999933242798,2.140566349029541,"{""type"":""MultiPoint"",""coordinates"":[]}",-19.31236801637651
13232,0.2724701110162254,-0.0112191473448017,0.1641215238707603,-20.01685337702465,-13.086214576048596,-0.6537598257610738,5.126894950866699,522,3.140000104904175,3.0570976734161377,"{""type"":""MultiPoint"",""coordinates"":[]}",-21.762206562117754
13258,0.8474074074074074,-0.0107625372108999,0.4065387348969438,-15.634772167873376,-8.704419106581126,-0.5567346305478714,29.338051,439,7.420000076293945,8.343162536621094,"{""type"":""MultiPoint"",""coordinates"":[]}",-51.42322024353247
13274,2.494475816351584,0.2453623546871135,0.7630491926398798,-12.3305723248257,-7.406920251112807,-0.6006955764899996,140.715469,612,26.739999771118164,8.968339920043945,"{""type"":""MultiPoint"",""coordinates"":[]}",-131.65845532414824
13277,1.1525635681533972,-0.0707209416380578,0.459837019790454,-16.465974809771332,-10.629793324753404,-0.6455611312149835,13.319236278533936,907,2.559999942779541,4.701760768890381,"{""type"":""MultiPoint"",""coordinates"":[]}",-14.940624267696911
13299,0.3992256672273174,-0.0995308552869,0.2724122996968384,-17.211449523219457,-10.155768977196884,-0.5900589002394039,2.6026499271392822,785,2.690000057220459,2.1218361854553223,"{""type"":""MultiPoint"",""coordinates"":[]}",-18.979781072530002
13315,1.192316701803701,0.0857675574891236,0.4573225516621743,-18.197770850794523,-10.244569678389697,-0.56295739529781,18.435141,731,6.619999885559082,3.3815252780914307,"{""type"":""MultiPoint"",""coordinates"":[]}",-52.65019085114831
13326,0.5905474521689714,-0.0534615384615384,0.3627108784176847,-15.490843669397456,-8.841648915142319,-0.5707661315186605,22.85795211791992,644,5.119999885559082,2.9944443702697754,"{""type"":""MultiPoint"",""coordinates"":[]}",-34.043876380846356
13339,1.1029032812231574,-0.0605508763942636,0.4859954579863739,-16.680452376290418,-9.458558496547417,-0.5670444831575313,2.378324031829834,810,2.7300000190734863,4.232730865478516,"{""type"":""MultiPoint"",""coordinates"":[]}",-19.71577042944509
13387,1.2823074444086369,0.184724308088393,0.6166124283279095,-16.954120931172547,-10.03710323974206,-0.5920155507023326,2.378324031829834,532,2.690000057220459,0.0,"{""type"":""MultiPoint"",""coordinates"":[]}",-18.606777985742937
13393,1.38676200721382,0.1091252792576044,0.5815311131750033,-17.49409360713306,-12.0073296041248,-0.6863647739502731,39.836349,665,9.670000076293944,23.21323013305664,"{""type"":""MultiPoint"",""coordinates"":[]}",-53.05700832769673
13402,2.625268083447066,0.2821762078765732,0.7941610144500147,-15.004323249656489,-9.008994983349153,-0.6004266126134951,42.275021,113,9.770000457763672,2.9969482421875,"{""type"":""MultiPoint"",""coordinates"":[]}",-58.57435990626615
13427,0.5913227513227514,0.0697717231222385,0.3399853979070333,-17.187156139242735,-10.882606577094707,-0.6331825049431473,298.417358,428,27.709999,3.986304759979248,"{""type"":""MultiPoint"",""coordinates"":[]}",-174.69906206257227
13437,1.530442665055144,0.1765971176597117,0.6399241945672773,-13.99167289041237,-5.732718559115108,-0.4097235980297528,20.9970703125,957,3.1050000190734863,11.535308837890623,"{""type"":""MultiPoint"",""coordinates"":[]}",-25.644053356205053
13452,1.1078601358185234,0.1243497646767401,0.5448569905844732,-18.462931324245453,-10.595817485089388,-0.5738968151376374,10.89125156402588,601,2.2100000381469727,2.685513734817505,"{""type"":""MultiPoint"",""coordinates"":[]}",-17.386321884641482
13473,1.3842347119123366,0.1714680557031997,0.5803200948429165,-18.032405189106065,-10.727296649062872,-0.5948899515381101,1.1160930395126345,562,2.049999952316284,0.0,"{""type"":""MultiPoint"",""coordinates"":[]}",-14.975472158753826
13496,2.433874709976798,0.2926762864143751,0.8087895142636854,-13.702720482511277,-7.521472929884872,-0.54890362388144,69.811462,571,12.779999732971191,3.0196340084075928,"{""type"":""MultiPoint"",""coordinates"":[]}",-78.99634207199428
13515,0.8404300617415371,0.0161215170999906,0.4313029226987162,-16.915470256454956,-10.350524756138544,-0.6118969558170442,7.822563171386719,590,3.819999933242798,2.6804420948028564,"{""type"":""MultiPoint"",""coordinates"":[]}",-25.0780913729513
13521,2.531234983181163,0.3125649013499481,0.7996204933586337,-13.842384647538662,-7.4808814557862355,-0.540432999534977,347.757629,695,36.970001,7.3788604736328125,"{""type"":""MultiPoint"",""coordinates"":[]}",-235.18477936059043
13555,2.5394708768935352,0.2397134083930399,0.7527272727272727,-12.15593877894042,-6.687839712847229,-0.5501705655538172,45.19355010986328,842,14.529999732971191,5.2955732345581055,"{""type"":""MultiPoint"",""coordinates"":[]}",-79.4514779701941
13562,1.838946459412781,0.178582232529999,0.6450098440102984,-17.811091231123463,-11.541768783712026,-0.6480101995965135,21.29825210571289,744,6.210000038146973,16.513647079467773,"{""type"":""MultiPoint"",""coordinates"":[]}",-38.932492637580694
13615,0.8312560962392977,-0.0633469207888068,0.2380509000620732,-17.73576698116926,-7.987911341666011,-0.450384319445958,7.9303998947143555,591,4.710000038146973,1.3398172855377195,"{""type"":""MultiPoint"",""coordinates"":[]}",-45.912400433911486
13635,0.4712446351931331,-0.1497921862011637,0.2894043226146547,-19.102444646507344,-12.677838797628471,-0.6636762483668008,1.4534660577774048,730,2.2799999713897705,8.758095741271973,"{""type"":""MultiPoint"",""coordinates"":[]}",-14.648101151634382
13666,2.138919514884234,0.256441717791411,0.6970059880239521,-15.23944997775914,-7.815685286722133,-0.5128587513413249,172.933563,162,22.989999771118164,15.808733940124512,"{""type"":""MultiPoint"",""coordinates"":[]}",-170.6723485477759
13697,0.623640544403704,-0.0826539855072463,0.3635211012497736,-13.039872384866188,-7.560704234529727,-0.5798142812581913,62.61563491821289,670,12.75,5.559265613555908,"{""type"":""MultiPoint"",""coordinates"":[]}",-69.85939391678988
13707,0.6008861990705717,0.1369315342328835,0.3321385902031063,-17.60603334562193,-9.748167186749727,-0.5536833309005286,1.1715970039367676,419,2.0899999141693115,2.092743158340454,"{""type"":""MultiPoint"",""coordinates"":[]}",-16.422939597596844
13777,0.2277622656561627,-0.1448717948717948,0.1214118647671698,-20.80953054706712,-13.05788500828939,-0.6274954150818053,24.886085510253903,658,8.119999885559082,2.920405864715576,"{""type"":""MultiPoint"",""coordinates"":[]}",-62.943360887769735
13828,2.078000301159464,0.4535269709543568,0.7516339869281046,-18.06528125789,-11.978043227036707,-0.6630421666867383,1.0619250535964966,409,2.049999952316284,2.089271306991577,"{""type"":""MultiPoint"",""coordinates"":[]}",-12.47883767298712
13830,2.410737900026448,0.3230495401957876,0.8222823635543527,-12.657043950188008,-6.68576786361294,-0.5282250650250471,190.476517,609,27.620001,16.258840560913086,"{""type"":""MultiPoint"",""coordinates"":[]}",-164.92665148247946
13859,1.2897990726429676,0.0322706825738314,0.5250078641082101,-15.168867659302435,-9.687995154882728,-0.6386762263656169,15.534716606140137,764,4.449999809265137,1.3259483575820925,"{""type"":""MultiPoint"",""coordinates"":[]}",-24.38988159927423
13862,1.3731813409329532,0.1194091095609355,0.5659969088098918,-15.910628031018284,-9.13540955074287,-0.5741702673793324,10.501293182373049,780,2.059999942779541,2.0841338634490967,"{""type"":""MultiPoint"",""coordinates"":[]}",-13.956949681686243
13871,0.7182185244096415,-0.0305658818669971,0.3592411260709914,-13.672723191752103,-1.6608205273104897,-0.1214696226946478,39.7240104675293,899,13.899999618530272,2.7802884578704834,"{""type"":""MultiPoint"",""coordinates"":[]}",-166.9654424535612
13877,0.7468541468064824,0.0350940109636764,0.3663292263811283,-15.151953996954688,-10.064043894576384,-0.6642076590649035,1.2719420194625854,402,2.1600000858306885,2.091762065887451,"{""type"":""MultiPoint"",""coordinates"":[]}",-10.989886257835964
13914,0.5099962278385515,-0.1111788927863352,0.3090992226794696,-16.155226822698438,-9.625552858442957,-0.5958166334699089,10.580711364746094,750,2.0899999141693115,2.6564600467681885,"{""type"":""MultiPoint"",""coordinates"":[]}",-13.647018024847544
13926,1.4238923296808004,0.1818318093239394,0.4579582455468301,-17.30539029649926,-11.614489800458356,-0.6711486768840961,0.9074490070343018,549,2.049999952316284,4.723478317260742,"{""type"":""MultiPoint"",""coordinates"":[]}",-11.666345745520573
13966,0.2316979193424094,-0.147387795554297,0.1881518564872757,-19.601442836229584,-12.822635280918892,-0.6541679297821209,1.923604965209961,618,2.569999933242798,1.3367537260055542,"{""type"":""MultiPoint"",""coordinates"":[]}",-17.421534964614253
13971,0.6363064338524461,-0.0415368639667705,0.3129593810444874,-16.941293569611197,-10.441942102432352,-0.6163603776492491,1.4378809928894043,489,2.390000104904175,1.9385972023010252,"{""type"":""MultiPoint"",""coordinates"":[]}",-15.533450688366544
14002,2.400500625782228,0.2173256106774112,0.7309451219512195,-15.139529913142914,-8.710248432992572,-0.5753314985976572,90.868149,91,24.270000457763672,11.161921501159668,"{""type"":""MultiPoint"",""coordinates"":[]}",-156.0386644663403
14065,0.7115422493598582,-0.036274851761423,0.394700901393062,-15.789944212460409,-11.073554381908306,-0.7013042119027735,20.174633026123047,723,6.949999809265137,2.8428080081939697,"{""type"":""MultiPoint"",""coordinates"":[]}",-32.77890842275715
14071,0.4210311522241872,-0.1521231917872141,0.242080563159953,-20.70302903516599,-10.532723351824531,-0.5087527691688853,1.1160930395126345,602,2.049999952316284,1.3379690647125244,"{""type"":""MultiPoint"",""coordinates"":[]}",-20.849126165892024
14076,0.2735090934724376,-0.2463410333274554,0.2294500295683027,-18.282216796272124,-11.046350774584385,-0.604212875149627,1.157595992088318,620,2.240000009536743,0.0,"{""type"":""MultiPoint"",""coordinates"":[]}",-16.208339957587132
14098,0.5324837865513711,-0.1267605633802817,0.2857142857142857,-20.275307059774946,-9.370394855943172,-0.4621579751328896,1.331117033958435,562,2.200000047683716,1.854334115982056,"{""type"":""MultiPoint"",""coordinates"":[]}",-23.990807368416636
14144,0.348333227101791,-0.039070480081716,0.1835432409739714,-24.74233568901646,-12.448807121378705,-0.5031379121941563,1.22843599319458,553,2.0899999141693115,2.146509885787964,"{""type"":""MultiPoint"",""coordinates"":[]}",-25.69347365120089
14150,0.3540037093782759,-0.1011277500462192,0.2327677624602332,-17.388348926088245,-10.837851722858366,-0.6232823926484488,15.163097381591797,491,5.909999847412109,5.554591655731201,"{""type"":""MultiPoint"",""coordinates"":[]}",-38.71343747156204
14175,1.83456561922366,0.1492421298095608,0.7131736526946107,-15.25674656597584,-7.320987897465553,-0.4798524944887091,97.226738,810,16.139999,4.627367496490479,"{""type"":""MultiPoint"",""coordinates"":[]}",-128.08313697399737
14213,2.41426316544698,0.2891854893908282,0.8165493812181509,-15.783779035781572,-8.536653075725438,-0.5408497582469308,20.080249786376957,1621,6.179999828338623,13.06432819366455,"{""type"":""MultiPoint"",""coordinates"":[]}",-44.78723718909529
14214,1.2408457684048235,0.1385623434187704,0.6164683353850362,-14.879588415011876,-8.555697797249286,-0.574995595215357,10.116243362426758,539,4.679999828338623,1.9376548528671265,"{""type"":""MultiPoint"",""coordinates"":[]}",-29.59580700556115
14237,0.8775633293124246,-0.0081012096326711,0.4311111111111111,-18.715985957056777,-9.970775671951165,-0.5327411387692204,1.9056930541992188,699,2.640000104904175,2.125880002975464,"{""type"":""MultiPoint"",""coordinates"":[]}",-23.087356070087885
14238,1.3673865566610046,0.0722955145118733,0.5619079275386405,-16.648786745015446,-9.581548214752145,-0.575510297626991,23.803209,1012,7.380000114440918,5.701678276062012,"{""type"":""MultiPoint"",""coordinates"":[]}",-52.15622116212443
14240,2.0490791722042907,0.2156992813709231,0.7177057356608478,-14.67701450906324,-8.233089488671872,-0.5609512400214524,38.878632,674,9.81999969482422,1.331655979156494,"{""type"":""MultiPoint"",""coordinates"":[]}",-63.27934173371338
14286,1.317799579537491,0.1049625836943678,0.5756926373794581,-15.125812399731457,-9.063818763247465,-0.5992285586861029,16.311750411987305,910,4.559999942779541,1.3284560441970823,"{""type"":""MultiPoint"",""coordinates"":[]}",-27.642690635496944
14312,0.3531073446327684,0.0738636363636363,-0.1066856330014224,-23.632350983635884,-12.741464647640283,-0.5391534958355627,10.484898567199709,552,2.059999942779541,7.861584186553955,"{""type"":""MultiPoint"",""coordinates"":[]}",-22.435225228969422
14378,1.1363147131632765,0.044414535666218,0.5169543395764475,-15.198789782930753,-9.76526133889122,-0.6425025596352584,4.896554946899414,679,3.700000047683716,1.3304665088653564,"{""type"":""MultiPoint"",""coordinates"":[]}",-20.1040555020371
14384,0.8555866191072978,-0.0068422853232979,0.4872357946747186,-14.899563446003748,-8.878018117450798,-0.5958576000984778,3.1039299964904785,456,2.8399999141693115,3.82795524597168,"{""type"":""MultiPoint"",""coordinates"":[]}",-17.101188216256997
14386,0.5761889179755673,-0.0943539219401288,0.3172196366911875,-15.796298648864134,-7.546619656125005,-0.4777460735504428,10.834693908691406,915,2.3499999046325684,5.302794456481934,"{""type"":""MultiPoint"",""coordinates"":[]}",-19.386744846186257
14412,0.9757356737222508,0.1125718981101068,0.4994128009395185,-17.544953529807074,-10.049123074830856,-0.5727643027243376,2.4587409496307373,556,2.690000057220459,1.3390575647354126,"{""type"":""MultiPoint"",""coordinates"":[]}",-20.163784352800885
14426,0.4584059233449477,-0.1454017424975798,0.2546884452510586,-18.68485050850536,-10.014703580955445,-0.5359798611392018,1.4378809928894043,446,2.240000009536743,6.021029472351074,"{""type"":""MultiPoint"",""coordinates"":[]}",-19.421129200396773
14429,0.7358779689350142,0.0527300362445925,0.3349183705817086,-18.98221833892341,-11.96277981753748,-0.6302097891797802,1.1160930395126345,605,2.130000114440918,1.9301024675369265,"{""type"":""MultiPoint"",""coordinates"":[]}",-14.951404853863018
14442,0.4491045321637427,-0.1025368373082181,0.2108989487234499,-20.29265635688398,-11.939011792888842,-0.5883414957075696,1.22843599319458,573,2.0899999141693115,4.685291290283203,"{""type"":""MultiPoint"",""coordinates"":[]}",-17.459116421750778
14446,0.7307258973120876,-0.0111667308432807,0.3885877318116976,-17.964597631978886,-10.292419688124571,-0.5729279274144706,1.331117033958435,586,2.1700000762939453,1.3363761901855469,"{""type"":""MultiPoint"",""coordinates"":[]}",-16.648626723504588
14464,0.8848643437543038,0.0103532277710109,0.4468529036745102,-14.869664032571508,-5.991884490596765,-0.4029603141988776,11.980652809143066,800,4.860000133514404,2.115718364715576,"{""type"":""MultiPoint"",""coordinates"":[]}",-43.1460097593087
14467,2.568454763811049,0.385452347370542,0.8803512623490669,-15.584493769473628,-7.393833311709872,-0.4744352573192117,32.687252044677734,1266,11.720000267028809,8.393608093261719,"{""type"":""MultiPoint"",""coordinates"":[]}",-95.99454275213351
14495,0.6834315707955083,0.0052229811169144,0.3806157901042291,-15.082051220673096,-9.625017383105275,-0.6381769457136032,6.068545818328857,776,4.119999885559082,3.007148265838623,"{""type"":""MultiPoint"",""coordinates"":[]}",-22.48297878627146
14504,0.9058815693066008,0.067556296914095,0.4728789986091794,-16.339546093249595,-9.37540170313488,-0.5737859331972611,78.71725463867188,626,6.849999904632568,5.863443851470947,"{""type"":""MultiPoint"",""coordinates"":[]}",-47.704388408133234
14543,0.4735035315471728,-0.109692671394799,0.2999250187453137,-17.594218262182025,-10.285642313930786,-0.5846035419510117,10.286048889160156,903,2.0199999809265137,4.815060138702393,"{""type"":""MultiPoint"",""coordinates"":[]}",-14.763323276067478
14553,1.9584245076586435,0.0450107168373422,0.6037099494097807,-14.441458551705004,-7.974524903439699,-0.5521966410032871,2.0885369777679443,517,2.609999895095825,2.0879616737365723,"{""type"":""MultiPoint"",""coordinates"":[]}",-16.87869614356411
14584,2.7201636188642926,0.2354521038495971,0.7777777777777778,-15.806217033639497,-9.1387133359229,-0.5781720772575427,14.548686027526855,615,4.340000152587891,3.825672864913941,"{""type"":""MultiPoint"",""coordinates"":[]}",-28.93696706547036
14588,1.2345866950829656,0.1335078534031413,0.4804502369668246,-16.36097777797102,-9.52362319748481,-0.5820937676663641,10.554780006408691,860,2.0899999141693115,0.9518033862113952,"{""type"":""MultiPoint"",""coordinates"":[]}",-14.290070486361328
14626,1.9722269551882772,0.2657174151150054,0.7099049371358479,-13.961764893777058,-7.288122926576282,-0.5220058482595344,11.143527030944824,661,2.390000104904175,4.674503326416016,"{""type"":""MultiPoint"",""coordinates"":[]}",-15.95000500170276
14660,2.723606168446026,0.3351762266758811,0.7988865692414753,-15.88457186019912,-10.197821107978276,-0.6419953397378153,114.387089,84,17.985000133514404,12.753579139709473,"{""type"":""MultiPoint"",""coordinates"":[]}",-102.27621303795502
14687,0.1401888426174081,-0.2128292268479184,0.1009201543484713,-19.699188108731818,-10.8244316389035,-0.5494861808089181,6.036953926086426,808,3.700000047683716,3.0048530101776123,"{""type"":""MultiPoint"",""coordinates"":[]}",-32.83659936154614
14709,1.4526062120671188,0.1193079418478913,0.6067101584342963,-15.559250985337618,-8.67407030469982,-0.5574863669770413,2.2214550971984863,715,2.539999961853028,2.120955228805542,"{""type"":""MultiPoint"",""coordinates"":[]}",-17.488358666171212
14724,0.5700159359293916,-0.1308802308802308,0.3113144387413524,-18.874228427993764,-12.803327433752491,-0.678349712815965,1.22843599319458,752,2.130000114440918,4.7241291999816895,"{""type"":""MultiPoint"",""coordinates"":[]}",-12.931019812493393
14731,0.8823077514020128,-0.0151751841106895,0.3711423493294555,-16.991820476121127,-8.987640552524208,-0.5289392366847732,10.339341163635254,823,2.130000114440918,4.160482406616211,"{""type"":""MultiPoint"",""coordinates"":[]}",-17.048904153267134
14760,0.4885872917951881,-0.0408508581097413,0.2814498933901919,-20.46950431141649,-11.44543160717114,-0.5591455187699715,1.02217698097229,484,2.0899999141693115,0.9690475463867188,"{""type"":""MultiPoint"",""coordinates"":[]}",-18.86031117733041
14769,0.3474676089517078,-0.0520262377572108,0.2135434909515469,-21.233892112517907,-12.991319536549742,-0.6118199841889107,1.2719420194625854,575,2.240000009536743,2.680185079574585,"{""type"":""MultiPoint"",""coordinates"":[]}",-18.463362648775988
14770,2.2013164431197216,0.1388054320394183,0.6664786614025193,-15.621595627049883,-9.904379271309269,-0.6340184132124853,30.456457138061523,750,9.3100004196167,9.475451469421388,"{""type"":""MultiPoint"",""coordinates"":[]}",-53.227286670984576
14781,0.5404637417594907,-0.0060292850990525,0.2905591200733272,-18.33612588432249,-9.587734471241433,-0.5228876880387806,2.2992279529571533,458,2.539999961853028,0.9695130586624146,"{""type"":""MultiPoint"",""coordinates"":[]}",-22.220913855501244
14813,1.6259810416879017,0.2267273155046663,0.7122446701640808,-14.843389420408784,-8.158348369130557,-0.5496283994215843,2.665563106536865,596,2.720000028610229,2.678138971328736,"{""type"":""MultiPoint"",""coordinates"":[]}",-18.18331185073733
14853,2.2121728027239835,0.2489939637826961,0.7422349161013924,-12.471186306459288,-5.347456892058716,-0.4287849415968608,129.845596,161,24.90999984741211,5.627509117126465,"{""type"":""MultiPoint"",""coordinates"":[]}",-177.45209862572338
14854,0.3663255653968527,-0.1415802645691812,0.2369299221357063,-18.37171846113757,-10.77648165717553,-0.5865799478677759,1.02217698097229,582,2.0199999809265137,0.9274099469184875,"{""type"":""MultiPoint"",""coordinates"":[]}",-15.342378199135672
14874,1.4992818473096894,0.0421632705369729,0.5612076095947064,-16.72753565374682,-10.405184581340352,-0.6220393007507763,6.036953926086426,712,3.880000114440918,3.429786205291748,"{""type"":""MultiPoint"",""coordinates"":[]}",-24.530722884472755
14879,0.3657138763521742,-0.0444255800792303,0.1946615824594852,-21.64451354936164,-11.89992421808934,-0.5497894046429287,1.22843599319458,616,2.200000047683716,1.3408842086791992,"{""type"":""MultiPoint"",""coordinates"":[]}",-21.43809699345729
14886,0.586374695863747,0.01326553172673,0.336644420301102,-19.833419523878,-10.886201648433552,-0.5488817314294873,1.2719420194625854,561,2.200000047683716,0.0,"{""type"":""MultiPoint"",""coordinates"":[]}",-19.68387975261438
14948,1.1811825101787927,0.0295676758157615,0.5029206708121349,-15.309147656577286,-9.383851254113187,-0.6129571328604695,2.6866989135742188,589,2.8399999141693115,2.1355016231536865,"{""type"":""MultiPoint"",""coordinates"":[]}",-16.827841274425772
14975,0.4107870805895264,-0.0881383855024711,0.2418461538461538,-19.19964607361156,-9.668810628554706,-0.5035931699722186,0.8707129955291748,392,2.0199999809265137,2.090510845184326,"{""type"":""MultiPoint"",""coordinates"":[]}",-19.252287417228587
15012,2.075357402471529,0.1716822890971879,0.7093167701863354,-16.54776786957789,-11.336245346510028,-0.685061902962215,62.16449737548828,569,21.34000015258789,13.745342254638672,"{""type"":""MultiPoint"",""coordinates"":[]}",-111.2138914374834
15029,2.294637551990493,0.3111170832213563,0.7967762733720181,-13.990357858206366,-7.321830674238889,-0.5233483480870434,88.66814422607422,1280,15.609999656677246,9.242210388183594,"{""type"":""MultiPoint"",""coordinates"":[]}",-104.0957070522752
15060,1.5229621876226611,0.0872083402283633,0.5987654320987654,-15.728690626122855,-9.689986635277382,-0.6160707757315701,10.726340293884276,640,2.240000009536743,1.906423091888428,"{""type"":""MultiPoint"",""coordinates"":[]}",-13.526696997083429
15073,0.3149958278698295,-0.1483757682177348,0.2027623249568386,-21.40789132729466,-14.438000404746788,-0.6744242197426801,1.2719420194625854,406,2.200000047683716,0.9274099469184875,"{""type"":""MultiPoint"",""coordinates"":[]}",-15.333760361955617
15081,1.7024152847873109,0.149908592321755,0.6353851328624285,-13.836237369203342,-7.711485561953882,-0.5573397851006867,11.875903129577637,642,2.7300000190734863,0.9558516144752502,"{""type"":""MultiPoint"",""coordinates"":[]}",-16.720572550611397
15109,1.8543579829225068,0.1809300508010941,0.7072196620583717,-12.34374520465184,-5.418658470763692,-0.4389800972821139,25.16757202148437,1406,8.949999809265137,13.308484077453612,"{""type"":""MultiPoint"",""coordinates"":[]}",-61.97952494744346
15114,0.7725664726691772,0.021805661820964,0.3773690078037904,-18.447227767812123,-8.378505100427915,-0.4541877622960375,1.1715970039367676,412,2.0899999141693115,5.749880313873291,"{""type"":""MultiPoint"",""coordinates"":[]}",-21.043629510627596
15129,0.4848818031885651,-0.1023029229406554,0.3006134969325153,-11.616294643761984,-5.2671861359052805,-0.4534308312103455,4.105281829833984,506,3.400000095367432,6.714881420135498,"{""type"":""MultiPoint"",""coordinates"":[]}",-21.586969532210965
15131,0.3904779826872412,-0.1275730622617535,0.0677551020408163,-13.805367726822642,3.9061187025385657,0.2829420251478932,27.93735122680664,753,4.800000190734863,1.3269541263580322,"{""type"":""MultiPoint"",""coordinates"":[]}",-85.01513823913174
15201,1.8047547428323871,0.0623683101559207,0.6567984093427537,-15.274863384915164,-9.816564685632898,-0.6426613736740415,21.12401580810547,1127,6.769999980926514,5.993748664855957,"{""type"":""MultiPoint"",""coordinates"":[]}",-36.95268209003216
15225,0.5739856175528844,-0.0590547312567554,0.3273462056578357,-15.86827455000314,-8.84432571854892,-0.5573590052704986,2.9246320724487305,590,2.7300000190734863,6.760195732116699,"{""type"":""MultiPoint"",""coordinates"":[]}",-19.175380443841213
15233,0.6120364550597108,-0.1120619396903015,0.2492002559181062,-17.557272636050484,-7.748509532356726,-0.441327630605146,14.252029418945312,695,3.930000066757202,2.082360029220581,"{""type"":""MultiPoint"",""coordinates"":[]}",-38.54843965232205
15240,1.0100943890928158,0.0598838373723212,0.4488785318963006,-17.11628206229855,-10.246469623764805,-0.5986387456382455,2.163994073867798,571,2.5799999237060547,0.9653872847557068,"{""type"":""MultiPoint"",""coordinates"":[]}",-17.724115567291964
15366,0.4963198726874875,-0.0134325273816904,0.281443880428652,-18.931792806616297,-10.975255982723624,-0.5797261830843607,1.5648930072784424,523,2.3499999046325684,2.905529737472534,"{""type"":""MultiPoint"",""coordinates"":[]}",-18.6978607773533
15383,0.7451087950265132,-0.1918162839248434,0.3671722480852981,-18.11513167029428,-10.350964816471858,-0.5713988175667346,17.30713653564453,702,5.090000152587891,2.939453125,"{""type"":""MultiPoint"",""coordinates"":[]}",-39.51961047067396
15401,1.6695319961795607,0.1080517313308302,0.5524652338811631,-19.80350352476432,-12.36912846522493,-0.6245929388078889,1.0619250535964966,418,2.0199999809265137,2.0883021354675293,"{""type"":""MultiPoint"",""coordinates"":[]}",-15.017437478470116
15426,0.4460854287910398,-0.0956918800873535,0.2316464718460442,-19.992454424578103,-11.512419858847704,-0.5758382444876148,1.214100956916809,416,2.200000047683716,0.9274099469184875,"{""type"":""MultiPoint"",""coordinates"":[]}",-18.656076448966438
15488,0.72518188218728,0.0845509768510917,0.409452296819788,-18.153397159973288,-11.025744486723422,-0.6073653536889646,12.246785163879396,472,4.510000228881836,2.142064094543457,"{""type"":""MultiPoint"",""coordinates"":[]}",-32.14571518774712
15514,0.3909498976830153,-0.1529243937232525,0.2578643735713508,-20.60219342282466,-10.412281446255989,-0.5053967425973431,1.0619250535964966,709,2.130000114440918,3.370355129241944,"{""type"":""MultiPoint"",""coordinates"":[]}",-21.704513676234146
15520,0.8625993941688754,0.0363368311508108,0.4954465135245344,-15.64270427403758,-10.059140587341336,-0.6430563674362006,1.0485919713974,540,2.049999952316284,2.0901525020599365,"{""type"":""MultiPoint"",""coordinates"":[]}",-11.446305291482238
15528,0.3406413061774112,-0.0759606791778373,0.2250173731758165,-19.86582879760826,-12.587464262115043,-0.6336239172478175,1.6803940534591677,476,2.3499999046325684,1.3430418968200684,"{""type"":""MultiPoint"",""coordinates"":[]}",-17.104155964290126
15532,0.9635337967160268,0.0713900377629922,0.5306518723994452,-16.2151356196215,-8.880284324004041,-0.5476540272199911,26.741628646850582,652,7.670000076293945,0.9274099469184875,"{""type"":""MultiPoint"",""coordinates"":[]}",-56.25830999699065
15583,2.305530059660395,0.1530457402991545,0.6976219406353064,-12.602550603899516,-6.745332922755585,-0.5352355356278772,24.860788345336918,697,7.78000020980835,3.412140369415283,"{""type"":""MultiPoint"",""coordinates"":[]}",-45.56915478819296
15619,1.7355747387551113,0.1524008350730689,0.5701492537313433,-16.05032296612409,-9.703788649580725,-0.6045852578830719,44.181351,711,16.889999,5.9726409912109375,"{""type"":""MultiPoint"",""coordinates"":[]}",-107.1929582598831
15626,1.3682811331727174,0.1147911952273194,0.4820017559262511,-16.876782858501066,-10.182284059300102,-0.6033308684878378,10.41427755355835,637,2.0500000715255737,0.9274099469184875,"{""type"":""MultiPoint"",""coordinates"":[]}",-13.723723017189844
15654,2.7902354500050963,0.344058344058344,0.8158247653106839,-12.3026154552985,-5.033932891553453,-0.409175830118744,97.879311,190,19.479999542236328,22.66875267028809,"{""type"":""MultiPoint"",""coordinates"":[]}",-141.5939330144147
15684,0.4239882446580542,-0.0527903469079939,0.2604852360353583,-17.182224738978572,-5.653001871345853,-0.3290029060393902,1.996078968048096,497,2.640000104904175,4.025932312011719,"{""type"":""MultiPoint"",""coordinates"":[]}",-30.437149580013987
15722,0.9704898083358686,0.1585549422980431,0.4360902255639097,-19.105809970986417,-8.892555761603834,-0.4654372557409414,1.4378809928894043,671,2.240000009536743,0.9274099469184875,"{""type"":""MultiPoint"",""coordinates"":[]}",-22.87768952641817
15760,1.5213538897749423,0.060702875399361,0.5955601803676726,-14.708951030274884,-7.941802228979787,-0.5399298843699645,43.54335403442383,826,9.949999809265137,4.723752975463867,"{""type"":""MultiPoint"",""coordinates"":[]}",-67.33312928215501
15761,1.1721825338970695,0.1978609625668449,0.4707259953161593,-15.146423218096034,-9.625069918507275,-0.6354681748894895,46.805408,579,10.760000228881836,0.9685849547386168,"{""type"":""MultiPoint"",""coordinates"":[]}",-59.40976276731252
15829,1.4232142857142858,0.1356131346237091,0.5624558927311221,-16.44665092826182,-10.51283470178991,-0.6392082344086674,1.4378809928894043,547,2.390000104904175,2.091107130050659,"{""type"":""MultiPoint"",""coordinates"":[]}",-14.181821403749964
15870,0.3937405350832912,-0.141173697855291,0.1009708737864077,-11.802170795827877,1.6845880415989911,0.1427354400085873,42.98956298828125,908,12.579999923706056,4.705083847045898,"{""type"":""MultiPoint"",""coordinates"":[]}",-169.66342514587197
15934,0.5455966649296509,-0.1337491337491337,0.2958462842610907,-18.146147384582587,-12.001813813051443,-0.6613973511120316,11.110234260559082,820,2.5799999237060547,2.082158327102661,"{""type"":""MultiPoint"",""coordinates"":[]}",-15.852380145774902
15946,0.4937538861568029,-0.0272630709311932,0.3016750129511311,-19.24852616267397,-11.07555114945379,-0.5753973606005788,1.376373052597046,445,2.2799999713897705,4.022993564605713,"{""type"":""MultiPoint"",""coordinates"":[]}",-18.634382796311314
15959,0.6063911704312115,-0.1254658385093167,0.3176470588235294,-18.16325636485685,-11.159853294026288,-0.6144191916829911,1.996078968048096,566,2.5,2.087998628616333,"{""type"":""MultiPoint"",""coordinates"":[]}",-17.508507677076402
15993,0.8731196860693263,-0.0979206049149338,0.4160174509192895,-16.63776348159861,-11.17479840335384,-0.6716526783009736,1.7482229471206665,646,2.319999933242798,2.127370595932007,"{""type"":""MultiPoint"",""coordinates"":[]}",-12.674078616835605
16023,1.241455959988886,0.0523509452253999,0.5614475998994722,-15.861878515308677,-8.649973497899097,-0.5453309637664167,11.110000610351562,589,2.430000066757202,3.933229684829712,"{""type"":""MultiPoint"",""coordinates"":[]}",-17.524929673751878
16024,0.3246318607764391,-0.1117519826964671,0.2074126870990734,-16.90075091306218,-8.987995790572775,-0.5318104406607266,10.53833293914795,498,2.130000114440918,2.9465582370758057,"{""type"":""MultiPoint"",""coordinates"":[]}",-16.85416931644539
16026,0.5512415139960941,-0.1391772695339942,0.3102996989922785,-15.96264103234456,-8.994489322085421,-0.5634712516469043,3.823107957839966,633,2.9200000762939453,2.086343050003052,"{""type"":""MultiPoint"",""coordinates"":[]}",-20.347003525584473
16049,2.3169785707359645,0.2435659872349186,0.7367041775859411,-14.276682019659509,-7.358699046272845,-0.5154348213499222,32.051048,68,8.260000228881836,1.328169822692871,"{""type"":""MultiPoint"",""coordinates"":[]}",-57.14254094357449
16050,0.974790689115834,-0.1177210845441025,0.4208540218470705,-16.6970680958508,-9.236605321002289,-0.5531872582646754,10.319676399230955,725,2.069999933242798,2.988400220870972,"{""type"":""MultiPoint"",""coordinates"":[]}",-15.443157445896794
16063,0.4591964062889942,-0.1788108423200233,0.2633587786259542,-18.418345286995248,-11.208396149213796,-0.6085452289314924,35.6772346496582,659,12.1899995803833,2.086268663406372,"{""type"":""MultiPoint"",""coordinates"":[]}",-87.88927696414085
16065,1.1378393178440116,0.1504009870450339,0.4975200957756114,-17.06400138180129,-12.55742139214016,-0.7359013346970668,1.376373052597046,529,2.200000047683716,1.854334115982056,"{""type"":""MultiPoint"",""coordinates"":[]}",-9.914476192144965
16094,1.4014631915866484,0.1846013943619278,0.4843935203476887,-16.55662201363546,-7.9808726866289295,-0.4820350842132023,1.9596760272979736,541,2.539999961853028,3.385554075241089,"{""type"":""MultiPoint"",""coordinates"":[]}",-21.78240296345772
16121,0.2097654868994775,-0.1718344015243374,0.1284580226124609,-19.42717039935889,-10.426553502983587,-0.536699544434308,2.858752965927124,769,2.799999952316284,2.0861945152282715,"{""type"":""MultiPoint"",""coordinates"":[]}",-25.201726880667987
16189,1.9510150866083071,0.1627801675345257,0.7560447491880188,-15.184927377985382,-8.816652537927647,-0.5806186831495649,47.51567459106445,841,10.369999885559082,18.111543655395508,"{""type"":""MultiPoint"",""coordinates"":[]}",-66.03900936260749
16193,0.6103539562702226,0.0727796052631579,0.3467000835421888,-19.74412751658919,-10.274550209493896,-0.5203851221514412,1.1160930395126345,435,2.009999990463257,2.7802884578704834,"{""type"":""MultiPoint"",""coordinates"":[]}",-19.033850296952618
16212,0.7646691635455681,0.0027734976887519,0.3391785879095523,-20.34155658561922,-10.537052007011862,-0.5180061792547969,1.1722645163536072,785,2.1100000143051147,1.3393709659576416,"{""type"":""MultiPoint"",""coordinates"":[]}",-20.687504801116088
16245,0.4194630872483221,-0.0861825374399547,0.2308309915696507,-17.883228150339157,-9.46854763942648,-0.529465237474304,11.377957344055176,609,2.4600000381469727,3.704791784286499,"{""type"":""MultiPoint"",""coordinates"":[]}",-20.70011437783977
16246,0.3070490625204154,-0.1672028022017299,0.2105263157894736,-19.21705437887023,-12.339585444683491,-0.6421163827402843,4.699281215667725,704,3.400000095367432,1.9131585359573364,"{""type"":""MultiPoint"",""coordinates"":[]}",-23.383395032121463
16251,0.2755115688110204,-0.100598302490608,0.1775862068965517,-16.885579358955617,-8.990652026018903,-0.5324455758902062,1.500722050666809,517,2.200000047683716,3.391298532485962,"{""type"":""MultiPoint"",""coordinates"":[]}",-17.368840508920243
16273,1.6793711291090996,0.1881773399014778,0.6193265007320644,-15.061792582879976,-8.328144486970054,-0.552931826749245,11.43056869506836,886,2.539999961853028,2.1153318881988525,"{""type"":""MultiPoint"",""coordinates"":[]}",-17.103465906742915
16289,1.0730360065466449,0.052765596265384,0.4259033698741372,-16.19756196039573,-10.955113207599164,-0.6763433431762909,2.0698800086975098,543,2.5299999713897705,1.854334115982056,"{""type"":""MultiPoint"",""coordinates"":[]}",-13.263395194587654
16307,0.5095665755564233,-0.0767106739149193,0.3386092371562013,-18.097353954048163,-10.687969747441503,-0.5905819035522998,1.22843599319458,553,2.2100000381469727,0.0,"{""type"":""MultiPoint"",""coordinates"":[]}",-16.374739379246297
16352,0.8632922041503084,-0.023025044031101,0.3122210953346855,-16.61178164923565,-8.125550610493564,-0.4891438367098595,11.56682300567627,768,2.720000028610229,1.854334115982056,"{""type"":""MultiPoint"",""coordinates"":[]}",-23.082548668171487
16356,0.3843412467788804,-0.1095278604849,0.220440251572327,-17.370129422845128,-9.538929533710675,-0.549157078885383,10.194086074829102,601,2.0199999809265137,2.161252975463867,"{""type"":""MultiPoint"",""coordinates"":[]}",-15.819023626683311
16381,0.7348136663159643,0.0594936708860759,0.3885797950219619,-18.870811820590752,-9.779166280709532,-0.5182165120230314,1.0619250535964966,439,2.059999942779541,5.356749534606934,"{""type"":""MultiPoint"",""coordinates"":[]}",-18.728789291927182
16411,2.03433766624089,0.3462940461725395,0.7234468937875751,-19.229749847512792,-11.022168577059697,-0.573183149258976,1.02217698097229,402,2.0199999809265137,1.3394553661346436,"{""type"":""MultiPoint"",""coordinates"":[]}",-16.579314009768066
16437,1.5556749535315986,0.0946074065561525,0.6093371403869999,-15.254772531950715,-8.702626886937079,-0.5704855230525173,2.6866989135742188,899,3.2100000381469727,0.9274099469184875,"{""type"":""MultiPoint"",""coordinates"":[]}",-21.032387770438294
16458,1.4597151244971185,0.1838709677419354,0.606231655001129,-14.412960554999326,-7.14709336340418,-0.4958796172466534,40.36261749267578,866,13.329999923706056,2.938377618789673,"{""type"":""MultiPoint"",""coordinates"":[]}",-96.85400910962163
16472,0.4900287111042135,-0.0873973925639787,0.3084249084249084,-18.27842503139325,-10.94770805523985,-0.5989415409936647,1.941599011421204,480,2.390000104904175,4.903690814971924,"{""type"":""MultiPoint"",""coordinates"":[]}",-17.520414342029444
16476,2.044556479084344,0.3434433541480821,0.7813069513147618,-16.698419521669152,-9.706556523251637,-0.5812859421010271,1.1715970039367676,434,2.0899999141693115,0.0,"{""type"":""MultiPoint"",""coordinates"":[]}",-14.612993066576191
16479,2.3614652388237296,0.3199831365935919,0.8231373129906681,-10.824796422437178,-3.8755255109289215,-0.3580229465466804,161.74234008789062,1310,23.06999969482422,14.044027328491213,"{""type"":""MultiPoint"",""coordinates"":[]}",-160.31967780774627
16481,0.4731680393988282,-0.1282918149466192,0.3141649048625793,-16.780269120251297,-9.559171559222971,-0.5696673569845473,20.903481,595,6.949999809265137,2.128350257873535,"{""type"":""MultiPoint"",""coordinates"":[]}",-50.18662667183181
16496,0.4359383306751727,-0.1157038793833643,0.2105803800719055,-19.496805373903083,-12.238085937841898,-0.6276969843594404,1.9596760272979736,566,2.5,0.9274099469184875,"{""type"":""MultiPoint"",""coordinates"":[]}",-18.14679859015296
16525,1.1066066066066065,-0.0592419279363593,0.4622138601442458,-16.665449627897985,-11.291569310619336,-0.6775436344493961,15.54853343963623,835,4.449999809265137,11.59570598602295,"{""type"":""MultiPoint"",""coordinates"":[]}",-23.913766386903664
16540,1.2931110914088129,0.0510624096117476,0.5185777777777778,-15.342899043458498,-8.156449463998594,-0.5316107106548502,16.965906143188477,920,4.75,17.380680084228516,"{""type"":""MultiPoint"",""coordinates"":[]}",-34.13563550243454
16544,0.2999592169657422,-0.145821325648415,0.2134049035253155,-18.701271090988094,-12.358588995544665,-0.6608421927801534,0.8707129955291748,633,2.059999942779541,2.094077587127685,"{""type"":""MultiPoint"",""coordinates"":[]}",-13.065924753682284
16560,0.4769599375940269,-0.0654953852996775,0.2781930451738706,-19.37314374558945,-12.02950580800332,-0.6209372090547769,2.145004987716675,481,2.650000095367432,1.854334115982056,"{""type"":""MultiPoint"",""coordinates"":[]}",-19.460641234947133
16577,0.9376664890783164,-0.094925634295713,0.3879500367376928,-19.28507846158928,-8.948952548394114,-0.4640350603819443,1.941599011421204,339,2.539999961853028,8.932658195495605,"{""type"":""MultiPoint"",""coordinates"":[]}",-26.253759425223812
16585,1.4572776515813386,0.1184902054467271,0.6136865342163356,-13.65481934087956,-8.124455806382082,-0.5949881579215939,16.270496368408203,945,6.199999809265137,9.614997863769531,"{""type"":""MultiPoint"",""coordinates"":[]}",-34.288252859051234
16632,1.6599149280939842,0.0474704702473813,0.6059149722735675,-14.04647666935621,-7.8602877966798435,-0.559591417955212,22.07964324951172,777,6.289999961853027,6.606164455413818,"{""type"":""MultiPoint"",""coordinates"":[]}",-38.911127773149964
16646,0.91520412056467,0.0431428571428571,0.4018848167539267,-19.031128902063244,-11.38543878356198,-0.598253463688517,1.6303950548171997,424,2.430000066757202,1.941795229911804,"{""type"":""MultiPoint"",""coordinates"":[]}",-18.57902749836295
16698,0.3153038227665093,-0.2042420917900896,0.2220392274292559,-17.37163732613351,-9.567696572861594,-0.5507653880425055,10.286048889160156,629,2.059999942779541,2.086045026779175,"{""type"":""MultiPoint"",""coordinates"":[]}",-16.07611750519507
16701,2.6295907660020985,0.399583043780403,0.8099547511312217,-14.279705115717327,-6.861107032853651,-0.4804796021524138,64.057091,133,13.100000381469728,1.854334115982056,"{""type"":""MultiPoint"",""coordinates"":[]}",-97.18363771548475
16705,0.6536728378305011,0.0300374131480491,0.3494920174165457,-18.181296248084,-12.52190513631891,-0.6887245532693254,1.5648930072784424,563,2.430000066757202,3.3830902576446533,"{""type"":""MultiPoint"",""coordinates"":[]}",-13.752320779394283
16720,0.5796267893660532,0.0591341077085533,0.3261416756562387,-18.516415901077064,-10.116033164979168,-0.5463278217028349,7.751073837280273,406,4.360000133514404,0.9696736335754396,"{""type"":""MultiPoint"",""coordinates"":[]}",-36.62566985095892
16721,1.3809043536728862,0.0333333333333333,0.5511573297551158,-16.441880719722324,-9.319440625462793,-0.5668111078244206,26.45674514770508,893,9.279999732971191,3.4015495777130127,"{""type"":""MultiPoint"",""coordinates"":[]}",-66.09624217283175
16751,0.9156254704199908,-0.0532238723365003,0.3719614737807675,-16.156622506600034,-9.879195931319542,-0.6114641799227443,27.26743698120117,705,9.770000457763672,2.9930920600891118,"{""type"":""MultiPoint"",""coordinates"":[]}",-61.33046051406824
16755,2.4252084355076016,0.4081294068851099,0.8538129496402878,-13.175774500892109,-7.153811627574939,-0.5429518869718488,58.427319,1013,13.81999969482422,3.913157224655152,"{""type"":""MultiPoint"",""coordinates"":[]}",-83.22352507148608
16764,1.186563382321002,0.088441740758072,0.5728766165676337,-14.874823084161486,-8.948452842982148,-0.6015838166512609,12.024810791015623,524,4.449999809265137,0.0,"{""type"":""MultiPoint"",""coordinates"":[]}",-26.372346442882638
16783,0.6074358974358974,-0.0626731301939058,0.3095518097478113,-19.29632066534376,-10.461283306636046,-0.5421387573344248,1.22843599319458,368,2.1700000762939453,0.9640674591064452,"{""type"":""MultiPoint"",""coordinates"":[]}",-19.172031742455598
16786,0.6354916067146282,-0.0762085308056872,0.366753805935722,-15.222699261580996,-9.175646084856272,-0.6027607802785503,4.370386123657227,865,3.5799999237060547,9.195145606994627,"{""type"":""MultiPoint"",""coordinates"":[]}",-21.648449911320967
16795,0.686842960875691,-0.1199096987062603,0.3714285714285714,-14.19687992491751,-9.321985096089834,-0.6566220990380038,3.698121070861816,872,3.1700000762939453,5.997673988342285,"{""type"":""MultiPoint"",""coordinates"":[]}",-15.453416979308694
16836,1.422552579297116,0.0973818044829534,0.6037214711440616,-15.218432842946653,-8.63291732064829,-0.5672671693425662,11.134368896484377,694,2.5,4.99912166595459,"{""type"":""MultiPoint"",""coordinates"":[]}",-16.46378880574591
16844,0.9534957965308076,0.0870356882738528,0.4618556701030928,-16.627811352749788,-8.588161189351382,-0.5164937830456643,10.445266723632812,916,2.130000114440918,10.103352546691896,"{""type"":""MultiPoint"",""coordinates"":[]}",-17.124455768103548
16858,0.5280105866784297,0.0449536811311555,0.3023490780500126,-15.11319001319049,-10.339600299854162,-0.6841441344170202,2.240773916244507,472,2.5799999237060547,4.013487339019775,"{""type"":""MultiPoint"",""coordinates"":[]}",-12.315861096211734
16904,0.6799170411337712,-0.004214179474467,0.3510619311083348,-19.26329424399165,-11.575212265194295,-0.6008947440962586,1.2719420194625854,514,2.130000114440918,3.0566179752349854,"{""type"":""MultiPoint"",""coordinates"":[]}",-16.37561549466952
16931,0.9243468795355588,0.0151158225363172,0.473146571738121,-18.83685850541373,-9.790763810861964,-0.5197662767413203,0.9703500270843506,562,2.0199999809265137,2.665027618408203,"{""type"":""MultiPoint"",""coordinates"":[]}",-18.273111110454003
16945,1.6651411136536995,0.2244318181818181,0.6617156714155805,-15.159080358917343,-9.67269385541528,-0.6380791991596843,1.6303950548171997,857,2.319999933242798,3.704791784286499,"{""type"":""MultiPoint"",""coordinates"":[]}",-12.728416321868973
16970,0.792493033928864,-0.115019115237575,0.3390603085553997,-19.015259883258352,-11.119775071453692,-0.5847816511434535,1.2719420194625854,540,2.1700000762939453,3.0226047039031982,"{""type"":""MultiPoint"",""coordinates"":[]}",-17.1332026439938
16983,0.2579792441746622,-0.1615678776290631,0.1879457917261055,-17.534160805538207,-11.902684714416992,-0.6788283081479155,1.7482229471206665,804,2.390000104904175,0.953491985797882,"{""type"":""MultiPoint"",""coordinates"":[]}",-13.459228448545055
17015,1.2256439894319684,0.0192347466390899,0.4908249297404529,-15.4729123242069,-9.286553154147231,-0.6001813336471055,1.1160930395126345,594,2.059999942779541,2.669271945953369,"{""type"":""MultiPoint"",""coordinates"":[]}",-12.743899536336606
17020,0.5557686774719478,-0.1641093087826976,0.2837209302325581,-19.18545397186859,-11.682681471648912,-0.6089343253893859,1.02217698097229,839,2.130000114440918,2.118680953979492,"{""type"":""MultiPoint"",""coordinates"":[]}",-15.980906284092086
17021,0.5738831615120275,0.1674641148325359,-0.4525745257452574,-26.51970374567106,-20.46279272039371,-0.771607138474688,1.4534660577774048,855,2.2100000381469727,2.653470754623413,"{""type"":""MultiPoint"",""coordinates"":[]}",-13.385773596915758
17111,1.0334884330559015,0.0379303637424625,0.4700447093889717,-17.899482386182676,-10.066118894386095,-0.5623692728766579,14.123218536376951,707,3.920000076293945,7.615519046783447,"{""type"":""MultiPoint"",""coordinates"":[]}",-30.706785485480797
17147,1.0524069087804555,0.1970635466850195,0.5032187156539488,-16.826382047667067,-10.90673423185608,-0.6481924754209577,1.053336501121521,427,2.01500004529953,1.3426876068115234,"{""type"":""MultiPoint"",""coordinates"":[]}",-11.928090617016405
17155,2.2422549517521584,0.1865364850976361,0.7098070739549839,-14.826717665501407,-8.632503531046842,-0.5822262031152603,43.19502639770508,568,15.100000381469728,8.293028831481934,"{""type"":""MultiPoint"",""coordinates"":[]}",-93.53263579316912
17164,2.352430555555556,0.4070953436807095,0.8152827918170878,-15.890044083670798,-8.054035551800414,-0.5068604913486074,109.0713805,978,17.229999542236328,2.65723729133606,"{""type"":""MultiPoint"",""coordinates"":[]}",-135.01442341708668
17202,1.3714370989404567,0.0375333598319232,0.5566323440339188,-15.997637357132232,-7.883661933995204,-0.4928016405172747,23.101303100585938,730,7.860000133514404,0.0,"{""type"":""MultiPoint"",""coordinates"":[]}",-63.77584790918963
17349,1.8378678511937812,0.07714133711651,0.529317697228145,-16.31825454661673,-10.6688450898412,-0.6537981779462544,100.581093,601,18.600000381469727,3.704791784286499,"{""type"":""MultiPoint"",""coordinates"":[]}",-105.0790180511035
17351,1.017843866171004,0.0985714285714285,0.4706084565142661,-16.606510520085095,-8.91948680230676,-0.5371078283736309,9.08696746826172,434,3.140000104904175,1.939767360687256,"{""type"":""MultiPoint"",""coordinates"":[]}",-24.13725528022485
17368,1.0896316620936226,-0.045016077170418,0.4519744783583376,-17.286578219547543,-10.731800161873505,-0.6208169150409453,2.5818440914154053,588,2.8299999237060547,0.9644386768341064,"{""type"":""MultiPoint"",""coordinates"":[]}",-18.55002140312765
17399,0.4283738535449119,-0.0931242122951967,0.2428306168764184,-24.33709124499507,-13.162225030354715,-0.5408298345046282,0.9703500270843506,636,2.009999990463257,2.0914676189422607,"{""type"":""MultiPoint"",""coordinates"":[]}",-22.46148098485528
17401,1.2552966101694916,0.0701253022642339,0.5222919138837091,-14.601978107572297,-9.493539946983333,-0.6501543747733858,28.60798454284668,551,9.34000015258789,5.673984527587891,"{""type"":""MultiPoint"",""coordinates"":[]}",-47.71281319938673
17418,2.837209302325581,0.2849936948297604,0.7838785046728972,-15.407572268460338,-8.957342325046323,-0.5813597475951622,44.424599,938,16.489999771118164,9.79431438446045,"{""type"":""MultiPoint"",""coordinates"":[]}",-106.36429029055664
17422,1.0275381815304263,0.0131723380900109,0.4336283185840708,-17.551934891161544,-8.95461376765884,-0.5101781554675221,1.0619250535964966,543,2.059999942779541,1.3358737230300903,"{""type"":""MultiPoint"",""coordinates"":[]}",-17.71048102247291
17446,0.4225709930559476,-0.1471988282680336,0.2088740058601925,-24.49351485280833,-15.790167033870503,-0.6446672569763936,11.372085571289062,464,2.3499999046325684,0.9274099469184875,"{""type"":""MultiPoint"",""coordinates"":[]}",-20.452866544487968
17466,0.3338467113607538,-0.0435881238155401,0.1452789276562192,-14.93321679969038,-5.9137194854279205,-0.3960110915653841,11.261307716369627,925,2.2799999713897705,1.9020025730133057,"{""type"":""MultiPoint"",""coordinates"":[]}",-20.56445361846852
17497,0.275024395254481,-0.0284136661681812,0.1610284167794316,-19.91092961324008,-12.47143604316218,-0.6263613143842921,5.572797775268555,526,4.0,5.815101146697998,"{""type"":""MultiPoint"",""coordinates"":[]}",-29.757974280311593
17530,0.1829469651938445,-0.0476505625413633,0.0715207849212496,-15.635681730668807,-9.658700070055607,-0.617734502174627,16.756372451782227,601,5.289999961853027,3.0687503814697266,"{""type"":""MultiPoint"",""coordinates"":[]}",-31.618232756640072
17538,0.8949091162337209,0.1142474753619661,0.4408233276157804,-19.24601959628889,-10.052037738695676,-0.5222917751073036,1.7482229471206665,394,2.3499999046325684,1.9408535957336424,"{""type"":""MultiPoint"",""coordinates"":[]}",-21.605856488537615
17590,0.4437884378843788,-0.0258098778544875,0.2649823736780258,-19.21682765841183,-12.495424808166366,-0.6502334844376206,1.3916250467300415,579,2.200000047683716,3.9715521335601807,"{""type"":""MultiPoint"",""coordinates"":[]}",-14.787086591041486
17592,1.679001903150772,0.3694915254237288,0.6631403118040089,-17.984548011903847,-11.534092003393456,-0.6413334377799832,1.1160930395126345,379,2.0199999809265137,1.339833378791809,"{""type"":""MultiPoint"",""coordinates"":[]}",-13.029921014158306
17660,0.6061418801126459,-0.0623330365093499,0.3023411371237458,-20.703598082522625,-10.759936247080622,-0.5197133466459556,1.2719420194625854,539,2.1600000858306885,0.9274099469184875,"{""type"":""MultiPoint"",""coordinates"":[]}",-21.478310418026066
17670,0.5378973105134475,-0.0873136598722239,0.3370033508855912,-16.4337799430024,-9.261420465006426,-0.5635599659438055,11.370762825012209,608,5.130000114440918,2.875397205352783,"{""type"":""MultiPoint"",""coordinates"":[]}",-36.79420494293075
17692,0.4079046510034934,-0.1455671189566592,0.2386295331596874,-18.83998746285948,-12.836420108269982,-0.6813391003351394,1.1160930395126345,586,2.130000114440918,5.003803253173828,"{""type"":""MultiPoint"",""coordinates"":[]}",-12.787599152329388
17711,0.3446737311767986,-0.0383644623927309,0.1934877896055103,-15.816137288051888,-9.635849742341062,-0.6092416603907674,64.979912,491,12.829999923706056,3.3782875537872314,"{""type"":""MultiPoint"",""coordinates"":[]}",-79.29308873995139
17731,0.9126801342370204,-0.0497487932223426,0.4435561240805884,-18.345824080882338,-10.88086295309676,-0.5930975302676862,1.2719420194625854,604,2.240000009536743,1.3362953662872314,"{""type"":""MultiPoint"",""coordinates"":[]}",-16.721512997431113
17772,2.0091498284407168,0.217577706323687,0.7192902638762512,-15.701223238577928,-8.842035038504573,-0.5631430688011416,2.772066116333008,907,2.950000047683716,2.119816541671753,"{""type"":""MultiPoint"",""coordinates"":[]}",-20.234605517287978
17816,0.5577102078808563,-0.0270422535211267,0.2811888932342589,-20.050881414547547,-10.972218988088615,-0.5472187861092194,1.02217698097229,656,2.0199999809265137,5.340813159942627,"{""type"":""MultiPoint"",""coordinates"":[]}",-18.3388979282853
17822,0.3482389260489265,-0.1048451151707704,0.2137832017229002,-21.235575968856708,-12.46217568338764,-0.5868536695997413,1.1160930395126345,637,2.130000114440918,0.962263822555542,"{""type"":""MultiPoint"",""coordinates"":[]}",-18.687343612085098
17836,1.4848135885993954,0.1315227934044616,0.606764705882353,-15.898240481354414,-8.84184521742396,-0.5561524388685496,3.08122992515564,658,2.990000009536743,2.6621217727661133,"{""type"":""MultiPoint"",""coordinates"":[]}",-21.098621906447082
17846,0.8238335100742311,0.1042944785276073,0.4299550328606019,-17.7590709990273,-8.867962576663945,-0.4993483373735969,1.1160930395126345,453,2.0899999141693115,2.6812915802001958,"{""type"":""MultiPoint"",""coordinates"":[]}",-18.582415839609457
17864,1.97503749732162,0.1884732935526124,0.7616195001032845,-15.53096960659026,-8.406225992628704,-0.541255710722767,1.1160930395126345,915,2.0199999809265137,3.369223117828369,"{""type"":""MultiPoint"",""coordinates"":[]}",-14.391981964308643
17868,0.8798171129980404,-0.0225788393356969,0.3894189071986123,-19.00854001057974,-9.720360392964684,-0.5113680686446483,1.7999659776687622,366,2.609999895095825,5.154117107391357,"{""type"":""MultiPoint"",""coordinates"":[]}",-24.242147827606477
17914,1.4608891563662176,0.1444398282786317,0.6010412037330964,-14.752022315758182,-7.9578543222706974,-0.5394415865118424,27.726564407348636,590,7.96999979019165,2.1586689949035645,"{""type"":""MultiPoint"",""coordinates"":[]}",-54.14951748262208
17919,0.4842679438568482,-0.0413773951680088,0.2895783611774065,-16.87358225412025,-12.106613397768417,-0.7174892216388835,11.17555809020996,680,2.380000114440918,2.651355028152466,"{""type"":""MultiPoint"",""coordinates"":[]}",-11.345386423653657
17941,0.9731410426038636,-0.0574397177024112,0.4834045349983569,-16.189639956634885,-9.782958899497814,-0.604272789617445,3.4303579330444336,670,3.059999942779541,9.541803359985352,"{""type"":""MultiPoint"",""coordinates"":[]}",-19.604443668246205
17967,0.8675408589889776,0.0845093807072887,0.4256410256410256,-18.82406018275279,-9.826965509612162,-0.5220428225477065,1.1715970039367676,512,2.1700000762939453,0.9274099469184875,"{""type"":""MultiPoint"",""coordinates"":[]}",-19.523696127139008
17974,0.4431650116205366,-0.1305022299786697,0.2544737640279041,-19.411554884128652,-11.296122445884825,-0.5819277493901738,0.9703500270843506,534,2.059999942779541,0.965627133846283,"{""type"":""MultiPoint"",""coordinates"":[]}",-16.717790358413517
17993,0.4551609207374232,-0.1423213950871929,0.2561547479484173,-17.48199015738773,-10.223913354447973,-0.5848254839639889,9.515846252441406,619,4.53000020980835,3.704791784286499,"{""type"":""MultiPoint"",""coordinates"":[]}",-32.87908944012222
17998,0.5225522552255225,0.0579365079365079,0.2566936870547777,-17.930388206810242,-10.986288503765458,-0.6127189426714528,2.5818440914154053,493,2.9100000858306885,3.878848791122437,"{""type"":""MultiPoint"",""coordinates"":[]}",-20.20733073187718
18026,1.6727691181085889,0.0532306662202879,0.6126436781609196,-14.17029276507947,-7.45986898033733,-0.5264442382391027,41.748172760009766,952,12.380000114440918,2.107851505279541,"{""type"":""MultiPoint"",""coordinates"":[]}",-83.07504722305475
18055,0.3794546685541946,-0.015356820234869,0.2451779677868363,-18.143391108152617,-10.174572476462734,-0.5607867027620241,1.251357018947601,447,2.1700000762939453,1.3428676128387451,"{""type"":""MultiPoint"",""coordinates"":[]}",-17.29233703873966
18058,0.4014989293361884,-0.0651018600531443,0.2041124886604172,-19.359295425630517,-12.124753084390656,-0.6263013615845868,3.7728679180145264,474,3.200000047683716,2.8811166286468506,"{""type"":""MultiPoint"",""coordinates"":[]}",-23.150535836937415
18064,0.2913456027510667,-0.1627545468677133,0.2182208442642499,-22.611463850357147,-12.246733180417143,-0.5416161139086848,1.22843599319458,775,2.0899999141693115,1.926893711090088,"{""type"":""MultiPoint"",""coordinates"":[]}",-21.662286210562637
18076,1.997115277931876,0.286321155480034,0.7255139056831923,-14.765236650479435,-7.126227257119528,-0.4826354921231915,113.340561,799,19.040001,0.0,"{""type"":""MultiPoint"",""coordinates"":[]}",-145.44674648858202
18089,0.5257097198721564,-0.1017137010827862,0.3010361997039429,-17.106921309187165,-11.562657885666288,-0.675905247746515,1.941599011421204,512,2.4600000381469727,1.334869623184204,"{""type"":""MultiPoint"",""coordinates"":[]}",-13.63888823335822
18142,0.4107591072518824,-0.1491847826086956,0.2600386514923771,-19.33836980263014,-12.409625570914194,-0.6417100147307353,2.519921064376831,415,2.690000057220459,2.1417994499206543,"{""type"":""MultiPoint"",""coordinates"":[]}",-18.63832237978182
18167,2.1001243781094527,0.1072551531384651,0.6502984787213557,-13.808897897475862,-6.388902292714484,-0.462665618947209,34.20763397216797,892,12.869999885559082,4.7228684425354,"{""type"":""MultiPoint"",""coordinates"":[]}",-95.49534258412784
18172,0.3665655299782336,-0.1525520796048393,0.2484076433121019,-18.59100607886346,-11.459318562636795,-0.6163904478340823,12.874067306518556,774,3.220000028610229,5.002762794494629,"{""type"":""MultiPoint"",""coordinates"":[]}",-22.96403400628908
18192,2.500687568756876,0.3795655671761866,0.7846817691477885,-14.986734349106223,-9.310876761507789,-0.6212745581937315,10.44583511352539,857,2.1600000858306885,3.824413061141968,"{""type"":""MultiPoint"",""coordinates"":[]}",-12.259852876375383
18203,1.2865808672842036,0.00040494027130998176,0.5227310574521232,-16.17007388309376,-10.031985322923784,-0.6204044208735798,16.104393005371094,539,4.300000190734863,7.500265121459961,"{""type"":""MultiPoint"",""coordinates"":[]}",-26.39378197947838
18219,2.208654416123296,0.1342808413871518,0.6573747353563867,-14.48638813889131,-7.982189642458008,-0.5510131004310443,51.20841217041016,538,18.149999618530277,2.087543487548828,"{""type"":""MultiPoint"",""coordinates"":[]}",-118.05120022910965
18374,0.5328886130933912,0.0260715863897481,0.3442458660430934,-17.772592241583226,-9.741534659195668,-0.5481212040865384,1.8173799514770508,539,2.470000028610229,4.937628269195557,"{""type"":""MultiPoint"",""coordinates"":[]}",-19.836712458267662
18434,0.6371255349500714,-0.021788990825688,0.3705278440319403,-16.613011113491577,-10.42301070356263,-0.6274004533168589,2.4385130405426025,776,2.390000104904175,2.659378290176392,"{""type"":""MultiPoint"",""coordinates"":[]}",-14.794101629087068
18457,0.4257921067259589,-0.0963348688163428,0.2256923983500294,-20.33109817071841,-11.087431423982816,-0.5453434600965797,1.2719420194625854,462,2.130000114440918,0.0,"{""type"":""MultiPoint"",""coordinates"":[]}",-19.68901122840052
18472,1.4226400313356835,0.217732884399551,0.5414430530709601,-18.03478983270168,-12.951381244019618,-0.7181331950170806,1.0619250535964966,536,2.0199999809265137,3.0441079139709477,"{""type"":""MultiPoint"",""coordinates"":[]}",-10.26848525217944
18480,1.9123081296191016,0.2694588584136397,0.6568220649255553,-17.17391575667566,-10.961474205942332,-0.6382629541944449,147.25622597481538,568,2.690000057220459,3.3864970207214355,"{""type"":""MultiPoint"",""coordinates"":[]}",-16.711468126951413
18484,2.2451022451022453,0.401556420233463,0.8355508249068654,-15.28320136983968,-7.712196504964556,-0.5046191775097613,132.075516,835,18.239999771118164,2.7802884578704834,"{""type"":""MultiPoint"",""coordinates"":[]}",-138.0951270024568
18489,1.427463818056513,0.2869232869232869,0.5448865504768169,-19.53049713835906,-10.93765967259349,-0.5600297624329938,3.823107957839966,336,2.319999933242798,1.3392332792282104,"{""type"":""MultiPoint"",""coordinates"":[]}",-19.935382346942333
18500,1.2987846304823734,0.0793996084402871,0.5863009030499233,-15.662512342627384,-8.168124047332178,-0.5215079080960505,13.362709999084473,856,3.25,2.084465980529785,"{""type"":""MultiPoint"",""coordinates"":[]}",-24.35676195970942
18521,0.981769436997319,0.0,0.4976895895623811,-15.57688539146138,-9.932599637123948,-0.6376499144410858,11.848655700683594,619,5.349999904632568,2.890164852142334,"{""type"":""MultiPoint"",""coordinates"":[]}",-30.196928247424225
18548,1.151467253109752,0.0321012658227848,0.5276334435521965,-16.514064595841216,-9.814708060385438,-0.5943241897489674,10.983942985534668,782,2.390000104904175,6.627382278442383,"{""type"":""MultiPoint"",""coordinates"":[]}",-16.011462822529776
18563,2.552629138458685,0.3606521260189469,0.7649020425177158,-16.024427480862343,-10.027282218109848,-0.625749795434828,68.430878,815,16.209999,1.896273851394653,"{""type"":""MultiPoint"",""coordinates"":[]}",-97.21371871207268
18616,1.3587032141366358,0.3550038392628615,0.6,-19.637833028950524,-12.358599608716696,-0.6293260356423938,1.2719420194625854,347,2.119999885559082,1.9329733848571775,"{""type"":""MultiPoint"",""coordinates"":[]}",-15.43197401785356
18627,1.881172176899957,0.1185974561705053,0.6441830545855541,-13.29321247800898,-7.919336562891603,-0.595742870731405,32.2767333984375,567,8.420000076293945,2.112337350845337,"{""type"":""MultiPoint"",""coordinates"":[]}",-45.24803561528251
18663,0.673778775968557,-0.0934512994707322,0.3699897225077081,-15.693032402809742,-8.91163809539846,-0.5678722802995606,12.5593900680542,835,2.880000114440918,2.7802884578704834,"{""type"":""MultiPoint"",""coordinates"":[]}",-19.530416381413477
18669,0.8519003931847968,-0.0398906224867299,0.408394068861523,-15.732122537065258,-9.857746301205124,-0.6265998931790696,10.891606330871582,877,2.240000009536743,4.7024827003479,"{""type"":""MultiPoint"",""coordinates"":[]}",-13.158602824349119
18682,1.8071242397914855,0.0731566820276497,0.5703839122486288,-15.18676903205102,-8.592972473272573,-0.5658196588844853,40.31442260742188,798,10.40999984741211,1.3299058675765991,"{""type"":""MultiPoint"",""coordinates"":[]}",-68.64142117075012
18719,0.4321262391260367,0.0057173972229784,0.2631189948263119,-20.378083739251156,-10.87926639814644,-0.533870924143441,1.6972270011901855,516,2.3499999046325684,2.943589210510254,"{""type"":""MultiPoint"",""coordinates"":[]}",-22.32221984571827
18736,0.896067243389165,-0.0777079347727065,0.4435839028094153,-16.419289054672795,-10.697687069960535,-0.6515316853451741,11.82971477508545,682,2.880000114440918,3.8253824710845943,"{""type"":""MultiPoint"",""coordinates"":[]}",-16.478214370756692
18750,0.53712818317997,-0.1524217823588433,0.3116076970825574,-13.498853251241298,-7.170831919991969,-0.5312178587712677,108.2800750732422,673,21.459999,40.711822509765625,"{""type"":""MultiPoint"",""coordinates"":[]}",-135.7993314405893
18752,0.816252712804437,0.0247200975501607,0.4387556707712249,-15.702449589439508,-7.80214047923758,-0.4968740981970619,30.5040340423584,796,11.649999618530272,3.807350635528565,"{""type"":""MultiPoint"",""coordinates"":[]}",-92.0385981201237
18759,0.4953956763677549,-0.141112242065328,0.2957084068195179,-15.807270823434596,-9.556691654921874,-0.6045756893564376,8.221494674682617,734,4.340000152587891,7.3788604736328125,"{""type"":""MultiPoint"",""coordinates"":[]}",-27.127514545107903
18768,0.1105828854898718,0.1,0.0479175996417375,-20.88124514480617,-15.466499857992808,-0.7406885820618708,8.933408737182617,357,2.7699999809265137,4.693970203399658,"{""type"":""MultiPoint"",""coordinates"":[]}",-14.998844341194939
18770,2.016546018614271,0.0778605280974949,0.6426217502746246,-13.550716147353167,-7.112520491659843,-0.5248815202323543,17.45431900024414,853,3.7799999713897705,0.948586881160736,"{""type"":""MultiPoint"",""coordinates"":[]}",-24.336379394322513
18775,1.195680123425045,0.0610944527736131,0.5317324185248714,-15.17520545255479,-8.557228184287412,-0.563895375982984,16.21885108947754,851,4.079999923706055,4.227823257446289,"{""type"":""MultiPoint"",""coordinates"":[]}",-27.001346749619305
18790,0.840751194094659,0.0437340655030398,0.4444763271162123,-16.742135839828162,-8.148103890649782,-0.4866824620587604,71.90225982666016,808,13.510000228881836,2.118395566940308,"{""type"":""MultiPoint"",""coordinates"":[]}",-116.10537360041772
18798,1.6829960951366705,0.1066887783305693,0.6684054701818695,-15.283377845357997,-9.00845374993726,-0.5894281906190907,66.378128,768,12.81999969482422,2.6571738719940186,"{""type"":""MultiPoint"",""coordinates"":[]}",-80.444524988339
18823,0.9869296865545202,-0.0741956664478003,0.4489402697495183,-16.84588595531303,-9.160405491637862,-0.543777009765922,10.68620491027832,750,2.240000009536743,2.082176685333252,"{""type"":""MultiPoint"",""coordinates"":[]}",-17.215476311926828
18839,2.0579225842383737,0.1146139460325941,0.6563055062166963,-14.97608978440364,-7.951962457726582,-0.5309772158289204,97.697388,470,20.870001,5.136969089508057,"{""type"":""MultiPoint"",""coordinates"":[]}",-146.59354433187752
18861,0.5389729806196067,-0.1483357452966714,0.3065164923572003,-14.203208757433645,-8.532560395567561,-0.6007487843971743,6.884610176086426,585,4.260000228881836,8.303915023803711,"{""type"":""MultiPoint"",""coordinates"":[]}",-24.156963319457926
18893,0.6271256739941933,-0.0711920529801324,0.3064450749898662,-17.9039914552413,-11.454034515376158,-0.6397475414356864,10.48524570465088,671,2.200000047683716,0.0,"{""type"":""MultiPoint"",""coordinates"":[]}",-14.189905575261227
19001,1.2416645564277875,0.1004796458000246,0.4811907098462545,-15.24597339005564,-9.3798512004206,-0.6152346564200823,1.6803940534591677,886,2.390000104904175,3.003661870956421,"{""type"":""MultiPoint"",""coordinates"":[]}",-14.020032648608455
19016,0.2997737556561086,0.1740041928721174,-0.0832025117739403,-25.98348345546522,-19.77959384562384,-0.7612371866738102,1.02217698097229,415,2.0199999809265137,0.0,"{""type"":""MultiPoint"",""coordinates"":[]}",-12.531856893549783
19036,1.074911660777385,0.0036658306000385,0.4488049572145176,-18.65872121639378,-11.128189313342771,-0.5964068589848167,1.6303950548171997,544,2.319999933242798,2.7802884578704834,"{""type"":""MultiPoint"",""coordinates"":[]}",-17.470833512361096
19062,0.5671840354767184,-0.1200184999614584,0.312027323737497,-15.55867687931818,-8.041234534168877,-0.5168327998930243,26.19680976867676,826,9.699999809265137,3.906604528427124,"{""type"":""MultiPoint"",""coordinates"":[]}",-72.91918931410989
19070,0.6400080377775546,-0.0800494787064852,0.3268342739866598,-18.35985789168481,-11.90523967046108,-0.648438552231549,2.6866989135742188,439,2.8399999141693115,1.3358930349349976,"{""type"":""MultiPoint"",""coordinates"":[]}",-18.33111519427107
19099,0.3955796641468059,-0.1201182182816128,0.2160756501182033,-19.89234533430136,-10.866240106587451,-0.5462523359601171,10.648301124572754,472,2.130000114440918,0.9699496626853944,"{""type"":""MultiPoint"",""coordinates"":[]}",-19.225605167986394
19109,1.6561809216119707,0.0283951737276603,0.581145584725537,-14.825362881196853,-9.603045977827442,-0.6477444130562953,19.21294403076172,890,4.409999847412109,2.997197389602661,"{""type"":""MultiPoint"",""coordinates"":[]}",-23.03041674699678
19136,0.3312984865827292,-0.1252138746305801,0.2456388495992456,-16.607822745112358,-9.312923390656314,-0.5607552256298668,26.900754928588867,459,9.270000457763672,8.648612022399902,"{""type"":""MultiPoint"",""coordinates"":[]}",-67.62372035514744
19141,0.9529751740443976,0.0168946098149637,0.4544315690573128,-7.776931809723972,-0.411956159939006,-0.0529715535661393,103.039803,1389,21.82999992370605,34.159019470214844,"{""type"":""MultiPoint"",""coordinates"":[]}",-160.77741787290273
19167,0.1796160500947516,-0.1740304369170348,0.1552706552706552,-22.73735433024729,-13.071762150012905,-0.5749025132894929,5.0614186227321625,556,3.005000114440918,1.3333300352096558,"{""type"":""MultiPoint"",""coordinates"":[]}",-29.045105607743565
19183,0.7604302477183833,-0.1003948110547095,0.346502302094163,-15.908861995625756,-9.340483412068536,-0.5871245482320963,12.54220962524414,824,3.0199999809265137,3.9800291061401367,"{""type"":""MultiPoint"",""coordinates"":[]}",-19.836503197060924
19184,0.4236798381853645,-0.1289656190054596,0.2767815007078811,-19.01875350374892,-11.37315796718473,-0.5979970225147977,1.331117033958435,694,2.1600000858306885,0.9274099469184875,"{""type"":""MultiPoint"",""coordinates"":[]}",-16.514487015205376
19195,0.3423862581244197,-0.1194104840060291,0.209170408886788,-16.674540698356815,-8.81280760316438,-0.5285187617811167,13.3862886428833,591,4.260000228881836,1.854334115982056,"{""type"":""MultiPoint"",""coordinates"":[]}",-33.490984784927676
19209,0.2061347061347061,-0.2071115215885476,0.1691008270279781,-20.58465824339054,-12.570849408336116,-0.6106902169421466,1.1160930395126345,660,2.130000114440918,4.183430194854736,"{""type"":""MultiPoint"",""coordinates"":[]}",-17.069413735773562
19223,0.6882623158561698,-0.044803982576229,0.168312996319969,-15.128043439594933,-8.520053946377983,-0.5631960260028257,16.30381202697754,739,4.409999847412109,4.220381259918213,"{""type"":""MultiPoint"",""coordinates"":[]}",-29.141232656787572
19257,0.6867266334870554,0.0089074119473727,0.3561449206725077,-15.815938122251849,-12.080494131237046,-0.7638177411835401,1.6803940534591677,417,2.2799999713897705,2.0880584716796875,"{""type"":""MultiPoint"",""coordinates"":[]}",-8.51681219264184
19260,2.5498670212765955,0.3298025999037072,0.7920826161790018,-15.868135477058086,-9.58906317675163,-0.60429678021185,152.779694,150,23.729999542236328,11.439823150634766,"{""type"":""MultiPoint"",""coordinates"":[]}",-149.002382811941
19298,1.0459372684613486,0.153793035414817,0.548362035478441,-16.19739881302798,-10.441300859423087,-0.6446282504956835,1.6803940534591677,578,2.390000104904175,1.854334115982056,"{""type"":""MultiPoint"",""coordinates"":[]}",-13.7570747129544
19343,-0.0170068027210884,0.0881226053639846,-0.0011750881316098,-21.603999270261937,-15.913411755505194,-0.736595644002364,135.58168029785156,635,21.07999992370605,2.1211283206939697,"{""type"":""MultiPoint"",""coordinates"":[]}",-119.95758437691475
19351,1.0479145122371596,0.044150344097406,0.473667809286382,-16.31222722543248,-7.611735854150114,-0.4666276253363254,2.0513060092926025,606,2.640000104904175,1.3376253843307495,"{""type"":""MultiPoint"",""coordinates"":[]}",-22.969298132903315
19366,1.4861196251860933,-0.0422354557947778,0.5319749216300941,-16.25303183722103,-10.165419910418908,-0.6254476095431687,10.338996887207031,841,2.0899999141693115,4.224258899688721,"{""type"":""MultiPoint"",""coordinates"":[]}",-12.723108404512512
19373,0.395484015202325,-0.1632263344548513,0.2573839662447257,-16.609293673314085,-8.317367455036251,-0.5007658735301699,1.22843599319458,678,2.1700000762939453,1.3369710445404053,"{""type"":""MultiPoint"",""coordinates"":[]}",-17.993480526286664
19432,1.2594994073764207,0.0094564737074679,0.5208303301138821,-15.116504109219273,-8.387738706863185,-0.554872915474396,5.9113969802856445,817,4.039999961853027,0.0,"{""type"":""MultiPoint"",""coordinates"":[]}",-27.184211968836564
19435,2.198717948717949,0.2427390290438838,0.7322354376334248,-14.211488449607987,-8.228447337679551,-0.5789996851389994,56.41640472412109,22,6.434999942779541,3.000765085220337,"{""type"":""MultiPoint"",""coordinates"":[]}",-38.500869212907126
19467,1.2850880062814891,0.1792586591047194,0.5523059617547806,-16.367016248229195,-8.988038339069718,-0.5491555823464258,2.5404789447784424,598,2.5799999237060547,4.699254512786865,"{""type"":""MultiPoint"",""coordinates"":[]}",-19.037762442660114
19468,0.8747160012982798,0.0651534258091635,0.3121019108280254,-16.737721888210118,-9.92137864254036,-0.5927556156569239,2.2992279529571533,754,2.430000066757202,2.138618230819702,"{""type"":""MultiPoint"",""coordinates"":[]}",-16.563714542017514
19491,0.4181523500810372,-0.1902448896984416,0.2118922470433639,-16.332360213476832,-9.325563435893908,-0.5709868821163284,10.538941383361816,689,2.240000009536743,10.094386100769045,"{""type"":""MultiPoint"",""coordinates"":[]}",-15.69522484860777
19516,0.5998384273596338,-0.0540818072907752,0.3422097042632185,-16.26354277850092,-11.883258599804392,-0.7306685118763356,10.943082809448242,656,2.390000104904175,8.386993408203125,"{""type"":""MultiPoint"",""coordinates"":[]}",-10.468879646594798
19519,0.4645499241832468,-0.0557792819809784,0.2429704397981254,-22.265671940611675,-12.609681518485887,-0.5663283619788875,1.1715970039367676,610,2.130000114440918,2.088791847229004,"{""type"":""MultiPoint"",""coordinates"":[]}",-20.567260704168337
19558,0.3162474954394569,-0.17014025429283,0.210134128166915,-18.956721254856877,-11.576280795785625,-0.6106689358435169,1.1715970039367676,655,2.1700000762939453,1.3314262628555298,"{""type"":""MultiPoint"",""coordinates"":[]}",-16.01555635926754
19580,1.066507084168985,-0.0007215007215007215,0.4792847797645007,-17.431956083927993,-11.580039721395003,-0.6642995006206808,10.946016311645508,943,2.359999895095825,6.735007286071777,"{""type"":""MultiPoint"",""coordinates"":[]}",-13.810522001687398
19629,1.5809582817017762,0.1680426098535286,0.5458110516934046,-15.964369977749444,-7.922606796660871,-0.4962680524006341,2.145004987716675,605,2.539999961853028,2.6763081550598145,"{""type"":""MultiPoint"",""coordinates"":[]}",-20.42607817319606
19702,0.9976758493403514,-0.0031126789790412,0.485286783042394,-14.846467322898723,-8.91290167887616,-0.6003382141372567,21.426816940307617,579,7.110000133514404,0.0,"{""type"":""MultiPoint"",""coordinates"":[]}",-42.187652521216904
19710,2.278362884948673,0.0879107841974136,0.666796722590714,-13.206522529288735,-7.68279006607885,-0.5817420936541289,27.264793395996094,885,4.230000019073486,1.905901908874512,"{""type"":""MultiPoint"",""coordinates"":[]}",-23.36538842473465
19721,0.6415947058348802,-0.2114014251781472,0.3169856459330143,-16.236547680788362,-8.166600120475621,-0.5029763888870675,13.262351989746094,851,3.319999933242798,6.871296405792236,"{""type"":""MultiPoint"",""coordinates"":[]}",-26.79222536151118
19756,0.8145640458753627,-0.0238346340434507,0.3701726844583987,-18.968407619163703,-11.647990542107449,-0.6140731882174195,1.22843599319458,691,2.2100000381469727,2.088131904602051,"{""type"":""MultiPoint"",""coordinates"":[]}",-16.17812201954607
19764,0.5109961190168176,-0.089145129224652,0.2721225798788454,-17.674751365133794,-10.38348635817392,-0.5874756676157248,1.102426052093506,546,2.0899999141693115,1.339290738105774,"{""type"":""MultiPoint"",""coordinates"":[]}",-15.238743238731841
19779,0.4971274475319498,-0.1495909622126996,0.2774869109947644,-18.39974443767706,-10.572026648847224,-0.5745746461129613,4.755238056182861,618,3.569999933242798,2.129163980484009,"{""type"":""MultiPoint"",""coordinates"":[]}",-27.94495198356598
19826,0.5164717066920184,-0.0678650944174156,0.3229934082977898,-16.96526918590267,-10.422370607682614,-0.6143357051088295,1.500722050666809,469,2.1600000858306885,4.701593399047852,"{""type"":""MultiPoint"",""coordinates"":[]}",-14.13266149053681
19843,1.1146519368316692,-0.0134899513627603,0.4611778493993554,-16.808353797769385,-10.22148658070047,-0.6081194329724872,1.4534660577774048,827,2.2100000381469727,1.3292977809906006,"{""type"":""MultiPoint"",""coordinates"":[]}",-14.556976800991347
19852,0.974530018192844,-0.0568826258807355,0.4645851402139346,-16.048058561236488,-10.487947670302544,-0.6535337362013252,13.232595443725586,849,3.440000057220459,3.391354560852051,"{""type"":""MultiPoint"",""coordinates"":[]}",-19.126781782964862
19863,0.7770328347945676,-0.0143492320129345,0.4434270765206017,-18.427282517707862,-11.02574370872655,-0.5983380185402413,1.9596760272979736,757,2.690000057220459,2.9390974044799805,"{""type"":""MultiPoint"",""coordinates"":[]}",-19.910139819679177
19895,1.4004187707845794,0.1348376444689047,0.6323692992213571,-14.090561190089035,-8.491659666098574,-0.602648791026961,1.941599011421204,895,2.4200000762939453,2.7802884578704834,"{""type"":""MultiPoint"",""coordinates"":[]}",-13.549342115219202
19984,0.4339584491735329,-0.1017324738114423,0.2526114462262763,-16.39157215292912,-9.996862133857013,-0.6098781764548805,21.838184356689453,646,7.21999979019165,11.617865562438965,"{""type"":""MultiPoint"",""coordinates"":[]}",-46.169804996037044
19993,1.1602491506228765,-0.0239745811669555,0.5018368846436444,-15.042600510190429,-7.879227756389309,-0.5237942569206449,36.96378326416016,876,14.34000015258789,2.655675411224365,"{""type"":""MultiPoint"",""coordinates"":[]}",-102.722766382552
4,1.05132241813602,0.0967930597524125,0.4795346833261525,-17.35640211183296,-9.338609634321852,-0.5380498546962754,10.986584663391112,266,2.1700000762939453,2.936479091644287,"{""type"":""MultiPoint"",""coordinates"":[]}",-17.398610287908124
26,1.3356490941288657,0.1350289698517136,0.5536420101637493,-17.188850021791506,-10.745352825699676,-0.6251350620941507,11.088618278503418,175,2.430000066757202,2.0794968605041504,"{""type"":""MultiPoint"",""coordinates"":[]}",-15.657698616652992
70,1.646554900515844,0.0750560881093208,0.5507625943614235,-14.960352426485592,-9.186215967915691,-0.6140374040689408,13.174505233764648,231,3.4800000190734863,0.9499565958976746,"{""type"":""MultiPoint"",""coordinates"":[]}",-20.09399498595617
206,1.59832546157149,0.0410958904109589,0.4648766781142678,-17.103084212278667,-10.013460444458063,-0.5854768835944332,81.347343,382,13.720000267028809,7.615750789642334,"{""type"":""MultiPoint"",""coordinates"":[]}",-97.26963998763246
230,1.1253787332275285,0.1416781292984869,0.4558737580362361,-16.658373275464665,-9.100469217743925,-0.5462999938383887,1.376373052597046,33,2.2799999713897705,0.9401968121528624,"{""type"":""MultiPoint"",""coordinates"":[]}",-17.232021035369918
244,0.9306569343065694,-0.0593607305936073,-0.132238547968885,-25.990514141581308,-20.619052690715485,-0.7933299271570695,10.739827156066896,40,2.1700000762939453,0.0,"{""type"":""MultiPoint"",""coordinates"":[]}",-11.656071758188823
252,0.9355609950475324,-0.0290796597061098,0.4013921113689095,-18.12230106014959,-9.363106068862038,-0.5166620970364098,1.2719420194625854,108,2.1700000762939453,7.052676200866699,"{""type"":""MultiPoint"",""coordinates"":[]}",-19.00745379936753
309,1.811700566156427,0.149436550710436,0.6682134570765661,-13.346491927640244,-7.95593596208882,-0.5961069024896557,22.690081,422,6.420000076293945,2.9997880458831787,"{""type"":""MultiPoint"",""coordinates"":[]}",-34.60736971010692
318,0.8821462791440435,-0.075689935064935,0.4628016085790885,-16.23914148556844,-10.45990553025942,-0.6441169035663019,7.225156784057617,904,4.25,6.75291633605957,"{""type"":""MultiPoint"",""coordinates"":[]}",-24.561752810063332
339,0.4136690647482014,-0.0124653739612188,0.1980451477775192,-18.7123043101908,-11.36274150469006,-0.6072336851908646,3.899082899093628,26,3.25,3.821520328521729,"{""type"":""MultiPoint"",""coordinates"":[]}",-23.8860791178774
349,0.5887258172114743,-0.048029360140418,0.3512437810945273,-14.639375816352738,-6.057749659087067,-0.4137983569163059,27.410497665405277,34,8.479999542236328,0.9274099469184875,"{""type"":""MultiPoint"",""coordinates"":[]}",-72.77218588525619
351,0.2647597156599838,-0.0734725444702242,0.1463185132909903,-19.99605589626404,-10.911745610125507,-0.5456948943698544,10.207589149475098,15,2.049999952316284,0.0,"{""type"":""MultiPoint"",""coordinates"":[]}",-18.62283565341032
425,-0.7841140529531567,0.4467005076142132,-0.0632703368940016,-24.45723895538929,-13.954822881706775,-0.5705804693310139,10.35259246826172,181,2.059999942779541,1.3201271295547483,"{""type"":""MultiPoint"",""coordinates"":[]}",-21.63497651083291
489,1.5556062680663318,0.164708225453097,0.6325394370553665,-14.729109526070234,-9.27646430520843,-0.6298048289198522,1.8878649473190308,98,2.5799999237060547,0.941125750541687,"{""type"":""MultiPoint"",""coordinates"":[]}",-14.067824253819637
490,2.5919858870967745,0.2082368709638113,0.7709895052473763,-12.010112439446832,-5.561482907469719,-0.4630666811414026,49.32112503051758,1303,11.34000015258789,11.786476135253906,"{""type"":""MultiPoint"",""coordinates"":[]}",-73.12745987660324
505,2.172651933701657,0.0997330744964814,0.6171047469595919,-13.666244356162842,-8.235273751500847,-0.6025996269989948,40.239253997802734,329,9.739999771118164,2.1113264560699463,"{""type"":""MultiPoint"",""coordinates"":[]}",-52.89765244635731
509,1.0231465951023146,0.0330545599362803,0.3417366946778711,-15.483691428148184,-8.903303889282396,-0.5750117102628939,9.283970832824709,375,2.200000047683716,0.9498525261878968,"{""type"":""MultiPoint"",""coordinates"":[]}",-14.476852899282061
540,1.687531296945418,0.184962936816096,0.7370147621651175,-14.625553451361206,-7.4452892014259024,-0.5090603392333825,43.81783676147461,15,10.81999969482422,1.854334115982056,"{""type"":""MultiPoint"",""coordinates"":[]}",-77.69045699305725
614,0.6330868761552679,-0.0399191510864072,0.3305984555984556,-16.387662118545624,-9.116969176327837,-0.5563312881591771,10.207589149475098,518,2.240000009536743,8.497652053833008,"{""type"":""MultiPoint"",""coordinates"":[]}",-16.286352259906575
640,0.6005755128562146,-0.1060897435897435,0.3354069466044582,-17.77477292039338,-11.00872499972867,-0.6193454650044008,16.850872039794922,252,2.690000057220459,3.399642944335937,"{""type"":""MultiPoint"",""coordinates"":[]}",-18.20066929374444
668,0.5669736333882215,-0.0480306712904111,0.3184880666895055,-18.29401695118047,-11.616552389228127,-0.6349918894373026,11.302515029907228,121,2.4600000381469727,1.88783860206604,"{""type"":""MultiPoint"",""coordinates"":[]}",-16.42656307712782
695,1.6061827956989247,0.1196496117857853,0.5542028985507247,-16.6248738510792,-11.779203531463637,-0.708528896939509,88.753441,133,18.200001,2.818978071212769,"{""type"":""MultiPoint"",""coordinates"":[]}",-88.1912046626736
718,1.450777202072539,0.2494336773219229,0.5114155251141552,-20.10251045268437,-12.546647203516937,-0.6241333505607769,10.246421813964844,41,2.049999952316284,0.9274099469184875,"{""type"":""MultiPoint"",""coordinates"":[]}",-15.489519300501604
721,1.437216338880484,0.1098754448398576,0.4332247557003257,-19.61611817442032,-10.962911420791787,-0.5588726231822753,10.706623077392578,113,2.0899999141693115,1.3198312520980835,"{""type"":""MultiPoint"",""coordinates"":[]}",-18.085201372372936
742,1.62853730246233,0.0689765800449149,0.5952980688497062,-14.66974622434439,-9.328151115798336,-0.6358767884013088,16.51559829711914,325,4.860000133514404,4.815190315246582,"{""type"":""MultiPoint"",""coordinates"":[]}",-25.96015294071371
764,1.8633868243243243,0.1050800278357689,0.6496135443503864,-13.5700711865517,-8.39174392071781,-0.61840087685275,12.498684883117676,180,3.0299999713897705,0.9502210021018982,"{""type"":""MultiPoint"",""coordinates"":[]}",-15.69033146732356
784,1.9568520206624127,0.2150706436420722,0.7116022099447514,-15.671925777882237,-8.056336888893803,-0.514061705183909,10.742215156555176,18,2.1700000762939453,2.079808473587036,"{""type"":""MultiPoint"",""coordinates"":[]}",-16.525828470128225
826,0.5913638757240653,-0.0721906116642958,0.3011531241619737,-17.554755443884254,-10.933942145471772,-0.6228478762021691,11.357881546020508,26,2.390000104904175,0.0,"{""type"":""MultiPoint"",""coordinates"":[]}",-15.823744477756788
834,2.0067382606864603,0.0995113282985339,0.6744515215852795,-10.82750299481206,-4.654878483082011,-0.4299124632255812,62.713905334472656,734,14.729999542236328,18.51611328125,"{""type"":""MultiPoint"",""coordinates"":[]}",-90.92275623218035
838,1.2664259927797832,0.0741222366710013,0.5070829719572131,-17.824497794293677,-10.320135073156552,-0.5789860220611901,17.827693939208984,253,5.460000038146973,2.9353179931640625,"{""type"":""MultiPoint"",""coordinates"":[]}",-40.97382074367742
906,1.016519174041298,0.0216834556940413,0.4407776925044768,-15.77462422459018,-7.69920714974355,-0.4880754710937384,13.158611297607422,273,3.3299999237060547,2.8408970832824707,"{""type"":""MultiPoint"",""coordinates"":[]}",-26.89113824313385
934,1.4311620484549543,0.0968115942028985,0.5747159918438683,-16.746684315639566,-10.711325243262884,-0.6396087154553741,20.39415740966797,212,6.360000133514404,1.3249433040618896,"{""type"":""MultiPoint"",""coordinates"":[]}",-38.38488450612307
966,2.864246068455134,0.2146744607941947,0.7458596808190304,-11.991592446664566,-6.519965207081416,-0.5437113741215355,17.561598300933838,810,6.400000095367432,11.751898765563965,"{""type"":""MultiPoint"",""coordinates"":[]}",-35.01841485514719
980,1.9108205906384963,0.1397374555269292,0.613798275215598,-12.017359173786616,-5.56129275355595,-0.4627716183840756,74.660362,661,15.229999542236328,24.761693954467773,"{""type"":""MultiPoint"",""coordinates"":[]}",-98.32588862476038
983,0.8214477211796246,0.0239689813182939,0.4027339642481598,-17.806284235281133,-11.779806687241614,-0.6615533331710646,27.1893367767334,397,9.619999885559082,0.9274099469184875,"{""type"":""MultiPoint"",""coordinates"":[]}",-57.97471332246455
994,1.4898581942200682,0.0070298769771528,0.4901092412164157,-17.014794932630263,-10.303545301213878,-0.6055638837852915,10.431589126586914,178,2.049999952316284,1.3242225646972656,"{""type"":""MultiPoint"",""coordinates"":[]}",-13.758061424386268
995,0.4007907979870596,-0.0374821173104434,0.2178159796835319,-17.952352980774236,-10.372188809532425,-0.5777620805829932,7.1564040184021,97,3.930000066757202,4.722890377044678,"{""type"":""MultiPoint"",""coordinates"":[]}",-29.79004569901087
1033,0.593389296956978,-0.0787328925111487,0.2649332396345748,-24.1385426592326,-16.929146222665274,-0.7013325726269622,1.7482229471206665,127,2.390000104904175,3.962062358856201,"{""type"":""MultiPoint"",""coordinates"":[]}",-17.23045823969169
1072,0.3944359756097561,-0.1169660086091732,0.2388094139363175,-22.292447123962585,-14.252681158510484,-0.6393502283197074,10.392067909240724,179,2.059999942779541,4.994105339050293,"{""type"":""MultiPoint"",""coordinates"":[]}",-16.56191742879223
1074,1.957217113154738,0.1238532110091743,0.598776758409786,-14.032586672864271,-8.90761039813311,-0.6347803584465533,12.383004188537598,446,3.130000114440918,1.3270972967147827,"{""type"":""MultiPoint"",""coordinates"":[]}",-16.041176326415524
1081,0.8862749349522983,0.004359761020507,0.3957879448075526,-18.73744825146609,-10.49234791924209,-0.5599667456544477,10.7025146484375,711,2.1700000762939453,0.9500967860221864,"{""type"":""MultiPoint"",""coordinates"":[]}",-17.89186834997732
1138,2.225745999711691,0.2918330308529945,0.8278820375335121,-15.424730296144189,-9.602753075617224,-0.6225556551881936,15.31187343597412,276,5.869999885559082,15.648228645324709,"{""type"":""MultiPoint"",""coordinates"":[]}",-34.175005618220865
1222,1.4044991153424888,0.1376348821845408,0.5225705329153605,-14.879557045495346,-7.18333093913097,-0.4827651063245636,89.595009,344,12.375,0.9274099469184875,"{""type"":""MultiPoint"",""coordinates"":[]}",-95.24079806625916
1224,2.343996632642323,0.2563642125277279,0.6931694414190135,-14.385800281833967,-6.527011868316321,-0.4537121147551638,51.07096481323242,200,14.979999542236328,2.107296228408813,"{""type"":""MultiPoint"",""coordinates"":[]}",-117.7246468370265
1252,0.8636225574567176,0.1140401146131805,0.4586021505376344,-16.42149493214071,-9.616465379501063,-0.5856023108273406,11.451936721801758,445,2.5,1.8980464935302732,"{""type"":""MultiPoint"",""coordinates"":[]}",-17.012573881599117
1257,1.0463341676332336,0.0054577464788732,0.4892948900942049,-17.956200416435617,-10.751819799770733,-0.5987803405184433,23.47618103027344,300,8.569999694824219,0.9274099469184875,"{""type"":""MultiPoint"",""coordinates"":[]}",-61.74153968621558
1264,0.5403386454183267,0.0041084634346754,0.2922840100057726,-19.4946781435366,-11.432347954255215,-0.5864343012016117,10.67082977294922,431,2.1249999403953552,4.627367496490479,"{""type"":""MultiPoint"",""coordinates"":[]}",-17.132451171670617
1293,1.7703795892968264,0.2800958710099139,0.6057794676806084,-16.92856351641361,-10.515500720529506,-0.6211691092592634,14.918590545654297,185,3.440000057220459,3.8231048583984375,"{""type"":""MultiPoint"",""coordinates"":[]}",-22.060936384799717
1340,2.368829154820367,0.1865504358655043,0.7213695395513577,-14.477931353117544,-7.862894972222927,-0.5430951964370105,103.438492,384,18.15999984741211,10.086244583129885,"{""type"":""MultiPoint"",""coordinates"":[]}",-120.1290596676718
1372,1.6084064534390037,0.2629969418960244,0.6372301654051024,-14.19980527407297,-7.489845486089083,-0.5274611405949758,35.494381,16,12.170000076293944,2.10437273979187,"{""type"":""MultiPoint"",""coordinates"":[]}",-81.6602111316932
1441,2.732081459931235,0.34768932978466,0.6353013530135302,-19.074852058478108,-9.727571425868932,-0.5099683811988133,10.683920860290527,87,2.1449999809265137,2.077820301055908,"{""type"":""MultiPoint"",""coordinates"":[]}",-20.04991677866145
1469,1.848341232227488,-0.0072980992862298,0.3921474742638257,-13.688583699040924,-8.469435099320087,-0.6187225271459961,77.75629425048828,382,13.59000015258789,2.646645784378052,"{""type"":""MultiPoint"",""coordinates"":[]}",-70.92823026658505
1486,0.3816640754300616,-0.1545551566896284,0.2248153618906942,-17.57466308180198,-9.284911027667334,-0.5283123200968542,10.578492164611816,237,2.0899999141693115,0.9274099469184875,"{""type"":""MultiPoint"",""coordinates"":[]}",-17.325581081626282
1511,0.757660635258529,0.0127259313906307,0.3535485557443471,-16.29172697102442,-7.256358497467268,-0.4454014304544283,37.3570442199707,103,9.579999923706056,1.3206231594085691,"{""type"":""MultiPoint"",""coordinates"":[]}",-86.55882928733364
1534,1.1366181410974243,0.1054852320675105,0.522583664872455,-14.357149084565188,-8.080391225465,-0.5628130750659903,25.174781799316406,14,8.5600004196167,1.3274976015090942,"{""type"":""MultiPoint"",""coordinates"":[]}",-53.72904990773002
1538,1.186072492552135,0.0301256670683422,0.5283384019905999,-15.524984003400306,-10.265555373441911,-0.6612280805695862,10.79702091217041,359,2.240000009536743,4.658082962036133,"{""type"":""MultiPoint"",""coordinates"":[]}",-11.781120181264624
1579,0.246067302186142,-0.1373608382449246,0.1766840004837344,-19.610584597287776,-11.0679652943899,-0.5643873205044915,138.052307,137,26.239999771118164,3.359978675842285,"{""type"":""MultiPoint"",""coordinates"":[]}",-224.15832855278987
1594,0.8832011535688535,-0.0236024844720496,0.3989145183175034,-18.753319264625823,-11.416889584588022,-0.6087930047734841,10.80738353729248,199,2.259999990463257,3.823762893676758,"{""type"":""MultiPoint"",""coordinates"":[]}",-16.580331006919785
1644,0.8773573854984186,0.0171258376768428,0.428,-16.240955144298372,-9.872899613749038,-0.6079014150356216,14.765617370605469,495,4.119999885559082,0.9274099469184875,"{""type"":""MultiPoint"",""coordinates"":[]}",-26.236388057097138
1647,1.209005726184279,0.1825906735751295,0.536064627813041,-17.45891063281833,-10.007575919949652,-0.5732073512729908,10.41828155517578,13,2.0799999237060547,3.965970039367676,"{""type"":""MultiPoint"",""coordinates"":[]}",-15.498775634275129
1651,1.1018547626532535,0.0771110093143991,0.4659871482384223,-18.237228159515745,-9.50279875820811,-0.5210659577809679,7.644443988800049,42,4.260000228881836,2.6514012813568115,"{""type"":""MultiPoint"",""coordinates"":[]}",-37.20867124872276
1671,1.3969393282773566,0.1325568496949528,0.5842537524780516,-16.86590021750564,-10.823213169247246,-0.6417216412802856,10.672468185424805,29,2.190000057220459,1.8888262510299685,"{""type"":""MultiPoint"",""coordinates"":[]}",-13.233484981451209
1719,0.6783971763728849,-0.0216955332725615,0.36075075903947,-16.995573348957944,-11.13628932221493,-0.6552464629207543,1.1160930395126345,99,2.1700000762939453,2.079221248626709,"{""type"":""MultiPoint"",""coordinates"":[]}",-12.714646785060236
1732,1.196702671972712,0.0255686827719978,0.4788171737276087,-15.89885720182358,-10.449628543501566,-0.657256582083334,1.8701189756393437,42,2.4200000762939453,1.32132089138031,"{""type"":""MultiPoint"",""coordinates"":[]}",-13.187133768882425
1737,1.8675357443229603,0.2539341107211593,0.7264845411418289,-16.519665723497305,-9.772201643457567,-0.5915495995513848,122.221748,132,17.260000228881836,1.3218724727630615,"{""type"":""MultiPoint"",""coordinates"":[]}",-116.46123156585783
1840,1.0348410757946211,0.0933101650738488,0.4276332407173528,-16.848371876617797,-9.957921478029531,-0.5910316765888315,11.357881546020508,133,2.390000104904175,2.078457355499268,"{""type"":""MultiPoint"",""coordinates"":[]}",-16.46817717546297
1866,0.8212765957446809,0.0032452480296708,0.3523183643665571,-17.862231346413,-9.672394381237364,-0.5414997820627669,1.331117033958435,78,2.200000047683716,2.935957431793213,"{""type"":""MultiPoint"",""coordinates"":[]}",-18.017641713908258
1873,1.7186619056568313,0.1065478496706702,0.5849056603773585,-15.96906467882232,-9.768255826536937,-0.6116986826092133,18.48957252502441,83,7.110000133514404,3.8228330612182617,"{""type"":""MultiPoint"",""coordinates"":[]}",-44.08775176764638
1874,1.5422167216721672,0.1198102016607354,0.6021476510067114,-16.67347153646709,-10.16354500643343,-0.6095638202400989,11.7555513381958,32,2.650000095367432,2.937565803527832,"{""type"":""MultiPoint"",""coordinates"":[]}",-17.251305925424173
1919,1.680550046277932,0.0853618954884777,0.6588906168999482,-19.34850614650456,-13.178949374209726,-0.6811352398174984,17.578899,1485,5.429999828338623,18.79546546936035,"{""type"":""MultiPoint"",""coordinates"":[]}",-33.50069221448633
1948,1.208996023856859,-0.0157833203429462,0.4939922152648502,-15.358454930224,-7.539156090624138,-0.4908798524900955,27.528209686279297,105,8.3100004196167,2.1156163215637207,"{""type"":""MultiPoint"",""coordinates"":[]}",-64.97837663818322
2069,1.27524893314367,0.0203416015792635,0.4927177796097829,-16.15767979734867,-10.151081218610267,-0.6282511688513576,20.227588653564453,305,6.769999980926514,7.148891448974609,"{""type"":""MultiPoint"",""coordinates"":[]}",-40.664672263492214
2088,0.6010555728034772,-0.0351566067025842,0.2518210197710718,-15.746755067103797,-7.69063359443647,-0.4883948192286806,33.132503509521484,137,8.6899995803833,1.3213344812393188,"{""type"":""MultiPoint"",""coordinates"":[]}",-70.00769221699596
2094,2.560855908912446,0.3518599562363239,0.773954316226639,-13.888996760234733,-5.764684639319676,-0.4150540704152521,45.04526519775391,345,11.800000190734863,0.9429404139518738,"{""type"":""MultiPoint"",""coordinates"":[]}",-95.86688457638724
2102,0.9228346456692914,0.0173041894353369,0.4181731684110371,-17.529103389693894,-11.539386363231372,-0.6582987222276222,2.0144050121307373,102,2.650000095367432,2.641298770904541,"{""type"":""MultiPoint"",""coordinates"":[]}",-15.872750691349614
2105,2.0703060380479736,0.2320510547775217,0.6403172166794576,-15.154056562589332,-7.924421065176249,-0.5229240786087065,11.041231155395508,435,2.3499999046325684,0.9274099469184875,"{""type"":""MultiPoint"",""coordinates"":[]}",-16.989642729448978
2128,0.7118032348616494,-0.0128996950981158,0.3782407955487155,-18.244397876345644,-9.444588299122293,-0.5176705947291063,11.856800079345703,242,2.609999895095825,0.9274099469184875,"{""type"":""MultiPoint"",""coordinates"":[]}",-22.967502073416185
2225,2.2115633912367123,0.2056698165647582,0.7259574468085106,-11.614419534171642,-5.98449965954186,-0.5152646365093341,52.99440383911133,529,13.350000381469728,16.31157875061035,"{""type"":""MultiPoint"",""coordinates"":[]}",-75.1594324739516
2289,0.9228991956186888,0.0553431942828652,0.4807220860262982,-17.176480547853437,-10.356721029932366,-0.6029594363687418,10.57907485961914,138,2.2300000190734863,4.72089147567749,"{""type"":""MultiPoint"",""coordinates"":[]}",-15.208063855040578
2300,1.9897441104792848,0.2234823215476984,0.628346961680295,-15.83367545008166,-8.477944114624602,-0.5354375325774964,29.278276443481445,151,10.989999771118164,1.3257393836975098,"{""type"":""MultiPoint"",""coordinates"":[]}",-80.83948569307978
2311,1.9355409325691644,0.2459829398928784,0.7570222775702228,-16.369240590083713,-8.840454387579651,-0.5400650286082966,28.026939,841,9.770000457763672,2.108266592025757,"{""type"":""MultiPoint"",""coordinates"":[]}",-73.5562446448695
2386,1.3423076923076924,0.1603498542274052,0.5354403191162933,-19.229384070741894,-12.090843138505804,-0.6287691323874693,10.810553550720217,167,2.2799999713897705,0.0,"{""type"":""MultiPoint"",""coordinates"":[]}",-16.27587312126299
2514,1.051166646926448,0.0450581395348837,0.5052661542840877,-16.644320472541914,-9.782254389873152,-0.5877232660841222,10.92967700958252,270,2.380000114440918,1.322322964668274,"{""type"":""MultiPoint"",""coordinates"":[]}",-16.331718062052794
2546,0.9009360374414976,-0.0429536679536679,0.3698959167333867,-16.58195347324436,-9.571696453548723,-0.5772357562691897,1.02217698097229,140,2.0199999809265137,1.3243433237075806,"{""type"":""MultiPoint"",""coordinates"":[]}",-14.160719046075148
2579,1.126369135196992,-0.0308542892812555,0.3892655367231638,-16.221898196027958,-6.583900010235546,-0.4058649567809307,17.079402923583984,361,5.010000228881836,2.110890865325928,"{""type"":""MultiPoint"",""coordinates"":[]}",-48.286373116782705
2613,1.0672809896490785,-0.0028228652081863,0.4908563134978229,-16.220845064683072,-10.491315152031746,-0.6467798138873802,1.22843599319458,107,2.1700000762939453,0.9274099469184875,"{""type"":""MultiPoint"",""coordinates"":[]}",-12.43308034758182
2627,1.8365881677197011,0.1487190390135006,0.5994375878768943,-15.319990493694034,-9.757928126282312,-0.6369408734488993,1.331117033958435,90,2.1700000762939453,0.9505273699760436,"{""type"":""MultiPoint"",""coordinates"":[]}",-12.069675761635118
2630,1.4845070422535211,0.0621181262729124,0.5615343633457646,-17.173939810385683,-9.955117939817212,-0.5796641917771834,1.6803940534591677,159,2.3499999046325684,1.328358769416809,"{""type"":""MultiPoint"",""coordinates"":[]}",-16.964230707395405
2705,0.5503339104625278,-0.0537583254043767,0.3212223291626564,-16.9403485029685,-10.021737627385733,-0.5915898144379732,11.56682300567627,147,2.609999895095825,0.9441965222358704,"{""type"":""MultiPoint"",""coordinates"":[]}",-18.05757365947986
2752,0.5038898008707444,-0.0305997552019583,0.3009377664109122,-19.04931329260925,-11.846742781429962,-0.6218986794671627,2.8806300163269043,54,3.049999952316284,1.3210431337356567,"{""type"":""MultiPoint"",""coordinates"":[]}",-21.9678397156515
2793,0.3909154588070478,-0.0579076754984976,0.2901419716056788,-19.95229675222737,-12.700265574993225,-0.6365315097659338,3.6733689308166495,15,3.1600000858306885,2.934210538864136,"{""type"":""MultiPoint"",""coordinates"":[]}",-22.916419142506726
2833,1.6775415701957483,0.1068979427188382,0.4388766519823788,-16.4196765848334,-10.020358680576011,-0.6102652892585997,12.743042945861816,108,3.064999938011169,2.63922119140625,"{""type"":""MultiPoint"",""coordinates"":[]}",-19.61390897986266
2863,0.5942194333523484,-0.0952614379084967,0.3353004291845493,-17.76532846998804,-12.100279727824615,-0.6811177034112424,2.0885369777679443,255,2.5799999237060547,3.367823600769043,"{""type"":""MultiPoint"",""coordinates"":[]}",-14.615825322572721
2866,1.2297808012093727,0.1146297948260481,0.5150364039252928,-15.78635482485524,-9.997422781261127,-0.6332952028621848,23.100814819335938,420,7.519999980926514,2.0829620361328125,"{""type"":""MultiPoint"",""coordinates"":[]}",-43.532768857412606
2881,1.7373090192212912,0.165705875137986,0.6659739278292084,-10.080773339877524,-3.720200657417743,-0.3690392127656886,20.47725296020508,571,5.760000228881836,17.64405632019043,"{""type"":""MultiPoint"",""coordinates"":[]}",-36.63690010678789
2891,1.0574504872681547,0.0320277437780497,0.4241134751773049,-17.32570575943314,-11.11857024848719,-0.6417383743478144,11.000234603881836,66,2.240000009536743,3.371476650238037,"{""type"":""MultiPoint"",""coordinates"":[]}",-13.903983603714789
2900,1.0816105368456153,0.031153714481342,0.4079547240999843,-16.16207868848679,-9.720963252459036,-0.6014673879408752,48.51270294189453,31,10.329999923706056,1.3291571140289309,"{""type"":""MultiPoint"",""coordinates"":[]}",-66.5367219627486
2904,0.7329131490690413,-0.0660686562014835,0.3290071382219338,-15.65646724533318,-10.072914462844146,-0.6433708387086264,10.7025146484375,196,2.1600000858306885,0.9274099469184875,"{""type"":""MultiPoint"",""coordinates"":[]}",-12.060474489416494
2917,0.4815121412803532,-0.1060282171868319,0.2189460476787955,-13.090734984263108,-5.47910596528074,-0.4185483834076077,9.954383850097656,335,2.430000066757202,16.795841217041016,"{""type"":""MultiPoint"",""coordinates"":[]}",-18.49625902425821
3006,0.8656664942231419,-0.0219112502301601,0.2680192205018686,-14.932066755520452,-8.79382096643303,-0.5889218894083711,20.44211769104004,459,5.650000095367432,2.990551710128784,"{""type"":""MultiPoint"",""coordinates"":[]}",-34.681089293732676
3009,0.8822854520422212,-0.0516363636363636,0.4686166971358927,-16.08243266116405,-10.71500346670974,-0.6662551426429655,14.14440631866455,938,3.670000076293945,1.32776939868927,"{""type"":""MultiPoint"",""coordinates"":[]}",-19.69846555314966
3011,2.2809635472180774,0.2588028169014084,0.6540342298288508,-15.46453273439301,-8.428619989834218,-0.545029076183403,11.493695259094238,185,2.309999942779541,0.0,"{""type"":""MultiPoint"",""coordinates"":[]}",-16.252958037332654
3015,2.060451255853555,0.1902301550023485,0.7122884473877852,-12.506653336968892,-7.337209544254664,-0.5866645014111271,28.64006233215332,560,8.550000190734863,15.06589412689209,"{""type"":""MultiPoint"",""coordinates"":[]}",-44.198745413699804
3033,1.1069676812470604,0.0755330683050234,0.4371765954623856,-15.270325454141735,-9.453882681404956,-0.6191015842979823,12.767667770385742,43,3.009999990463257,0.9274099469184875,"{""type"":""MultiPoint"",""coordinates"":[]}",-17.507492690467785
3090,0.4707875551904713,-0.040180247840781,0.2471032066828348,-17.88628195420365,-10.044581641601177,-0.5615801913063598,11.622564315795898,46,2.5799999237060547,2.0830390453338623,"{""type"":""MultiPoint"",""coordinates"":[]}",-20.231586208240127
3096,0.7595221996844714,-0.0579484518249437,0.3617820719269994,-16.664657276942005,-9.517288733425282,-0.5711061784987229,4.811522006988525,620,3.5899999141693115,5.692275047302246,"{""type"":""MultiPoint"",""coordinates"":[]}",-25.659052457761472
3110,1.6847004534966985,0.2211496270293988,0.616,-16.531082964293788,-10.970531471683092,-0.6636305374172294,7.679905891418457,95,4.489999771118164,2.079073667526245,"{""type"":""MultiPoint"",""coordinates"":[]}",-24.966874929112787
3157,5.537769784172662,0.1025413186422605,0.3785810893889094,-16.17124319437163,-6.074893820487972,-0.3756602845848195,17.303632736206055,149,5.269999980926514,0.941707730293274,"{""type"":""MultiPoint"",""coordinates"":[]}",-53.207761007794296
3181,2.4278949634093845,0.2074074074074074,0.749003984063745,-12.696680913270942,-5.3308575984064674,-0.4198622958882505,20.101837158203125,767,5.869999885559082,10.877324104309082,"{""type"":""MultiPoint"",""coordinates"":[]}",-43.237382015302884
3192,0.4418199583669654,-0.1237523556920499,0.2275711159737418,-19.97311822497992,-12.13002756139774,-0.6073176669142724,10.929476737976074,341,2.390000104904175,0.0,"{""type"":""MultiPoint"",""coordinates"":[]}",-18.74498750873436
3194,2.65926071569013,0.2966384902693139,0.798641865958075,-13.91648459399445,-8.177708142356256,-0.5876274347248069,12.520200729370115,212,3.0999999046325684,2.7802884578704834,"{""type"":""MultiPoint"",""coordinates"":[]}",-17.790206452786034
3214,0.2584589731119294,-0.0477941176470588,0.1668909825033647,-18.94889082172099,-12.377354318685487,-0.6531967720504994,1.6303950548171997,29,2.319999933242798,3.9554364681243896,"{""type"":""MultiPoint"",""coordinates"":[]}",-15.245964248344976
3244,1.377664651606745,0.1141455088542778,0.5619727449707982,-15.2368408514144,-9.557706423761031,-0.6272761208813056,23.507646560668945,402,6.400000095367432,8.566563606262207,"{""type"":""MultiPoint"",""coordinates"":[]}",-36.34646087858602
3260,0.6116642958748222,-0.0111751982696467,0.2894230769230769,-18.78076674956569,-11.283315936141117,-0.6007910159686131,12.658616065979004,352,3.069999933242798,9.622137069702148,"{""type"":""MultiPoint"",""coordinates"":[]}",-23.017173496704597
3272,1.6026241799437675,0.0041554632119286,0.5728643216080402,-14.193444747355493,-8.237323446771601,-0.5803611169378998,19.83428001403809,604,6.5,8.753092765808105,"{""type"":""MultiPoint"",""coordinates"":[]}",-38.71478845379529
3318,1.860101923393063,0.2619669277632724,0.6872153051928332,-14.221426280593956,-6.989714714552686,-0.4914918220326886,27.587919,190,10.0600004196167,2.638100862503052,"{""type"":""MultiPoint"",""coordinates"":[]}",-72.75102138892211
3378,0.3882304863097671,0.010765058755855,0.0470452294486629,-15.67276973692255,4.161356880015187,0.2655150908145924,54.62143707275391,11,12.25,0.9274099469184875,"{""type"":""MultiPoint"",""coordinates"":[]}",-242.9680510574873
3384,1.7685478110011226,0.2638093055237222,0.5188622754491018,-18.35944131820339,-11.817697544966212,-0.6436850305052018,11.15090274810791,89,2.3499999046325684,2.0838816165924072,"{""type"":""MultiPoint"",""coordinates"":[]}",-15.37309724323807
3430,0.73470713821591,-0.0526805082119615,0.3915409349492951,-15.764036825896763,-9.597196013689436,-0.6088031967752957,13.422504425048828,59,3.4800000190734863,2.082954406738281,"{""type"":""MultiPoint"",""coordinates"":[]}",-21.460606144104656
3449,1.519663993890798,0.238928939237899,0.5632075471698114,-18.43357914294009,-11.372435493898305,-0.616941257349572,17.6812686920166,49,6.699999809265137,0.9274099469184875,"{""type"":""MultiPoint"",""coordinates"":[]}",-47.30966110177369
3492,0.6546707503828484,-0.1038251366120218,0.3123097528308778,-21.450344994030708,-14.350139720219124,-0.6689934229128968,1.6303950548171997,118,2.2799999713897705,2.7802884578704834,"{""type"":""MultiPoint"",""coordinates"":[]}",-16.18846782115191
3496,1.8682018051377,0.0521225147770016,0.5597157219622119,-11.46196711218662,-3.5208839865688706,-0.307179732074557,14.965824127197266,368,6.170000076293945,22.641263961791992,"{""type"":""MultiPoint"",""coordinates"":[]}",-48.99648349091808
3512,1.1334269662921348,0.0425429751272447,0.4560610341904493,-15.891320176379631,-10.01612443237576,-0.6302890081633004,18.54061317443848,279,5.650000095367432,0.94649475812912,"{""type"":""MultiPoint"",""coordinates"":[]}",-33.1948565139242
3594,1.931054919004346,0.1331658291457286,0.6118935837245696,-13.907399099432498,-8.684950645788728,-0.624484174481131,2.858752965927124,218,3.0299999713897705,0.9274099469184875,"{""type"":""MultiPoint"",""coordinates"":[]}",-15.824018665125173
3653,1.977218910753654,0.2290983990263084,0.664425847166964,-13.849411362017566,-6.914985194692922,-0.499298130002657,10.648301124572754,51,2.130000114440918,0.950981080532074,"{""type"":""MultiPoint"",""coordinates"":[]}",-14.770328529983589
3684,1.7429483767961682,-0.002539829138767,0.5395387149917628,-12.776523967537264,-6.67296673769016,-0.5222834281565869,17.441865921020508,428,5.730000019073486,12.522516250610352,"{""type"":""MultiPoint"",""coordinates"":[]}",-34.973383043440016
3721,1.6171266808209483,0.2543536072745989,0.6439643024894317,-17.375349282525118,-9.485487526952358,-0.5459163653470945,11.041539192199709,136,2.3499999046325684,2.1034369468688965,"{""type"":""MultiPoint"",""coordinates"":[]}",-18.541174373160132
3732,1.0673173173173174,0.1062285829469864,0.5233128834355828,-15.339498630406986,-8.76043023313166,-0.5711027748824948,117.723961,10,16.959999,1.320154070854187,"{""type"":""MultiPoint"",""coordinates"":[]}",-111.58099343872114
3746,1.0138797091870455,-0.0247330960854092,0.4486692015209125,-17.261384234613754,-11.396482598010326,-0.6602299353928575,10.50086498260498,64,2.059999942779541,0.0,"{""type"":""MultiPoint"",""coordinates"":[]}",-12.081697035810697
3782,1.289647725738966,0.047779154132012,0.527754763877382,-16.597085010091288,-10.425518892229146,-0.6281536116667636,15.363763809204102,283,4.630000114440918,1.890362024307251,"{""type"":""MultiPoint"",""coordinates"":[]}",-28.574351831981406
3920,0.9503032882834948,-0.0406084826608224,0.349237387563551,-18.716802814196125,-12.205441803509496,-0.6521114703549711,13.793036460876465,259,3.700000047683716,6.656027317047119,"{""type"":""MultiPoint"",""coordinates"":[]}",-24.092036050026415
3921,1.214164237123421,0.1767591020562158,0.5484224965706447,-16.029032942763234,-9.797020133547376,-0.6112046914202969,10.848238945007324,109,2.240000009536743,2.638369083404541,"{""type"":""MultiPoint"",""coordinates"":[]}",-13.959708752076628
3927,1.147765278200061,-0.014834673815907,0.4292211483797612,-16.254089169988962,-10.318083211495692,-0.6347992252033829,124.0261459350586,621,21.82999992370605,38.17967224121094,"{""type"":""MultiPoint"",""coordinates"":[]}",-129.58300962102675
3963,1.8851892788063005,0.2142857142857142,0.7369700243046179,-13.929467133482875,-9.57244560984773,-0.687208313004165,5.244015216827393,35,3.5899999141693115,2.7802884578704834,"{""type"":""MultiPoint"",""coordinates"":[]}",-15.641706895884015
3995,1.829592596532284,0.0857009781089892,0.6830818109610802,-13.759771442743618,-7.55010941018393,-0.5487089259876894,24.590072631835938,587,7.150000095367432,10.472725868225098,"{""type"":""MultiPoint"",""coordinates"":[]}",-44.39908412500129
4030,0.8366533864541832,-0.0408896492728828,0.413618458075408,-17.39259514879224,-9.917659471711538,-0.5702230970632483,1.376373052597046,98,2.200000047683716,1.323988676071167,"{""type"":""MultiPoint"",""coordinates"":[]}",-16.444858846010252
4152,0.7116866438356164,-0.0207758480766109,0.4105300291030955,-17.031060005418762,-9.142188731380177,-0.5367950514220142,1.613895058631897,100,2.380000114440918,1.8940035104751587,"{""type"":""MultiPoint"",""coordinates"":[]}",-18.775514535021504
4171,1.1545298920200158,0.0848652252595485,0.4886442803399749,-16.74081374223757,-8.569527082979747,-0.5118942970710304,1.9596760272979736,82,2.5,4.152184009552002,"{""type"":""MultiPoint"",""coordinates"":[]}",-20.42821664814456
4173,0.3411586322283802,-0.1058488829386662,0.1527924130663856,-16.712040290652958,-1.7981924884283982,-0.1075986209436155,15.71205997467041,36,5.949999809265137,1.854334115982056,"{""type"":""MultiPoint"",""coordinates"":[]}",-88.7373915786454
4192,0.8791497492237879,-0.0061989292758523,0.3956788132860367,-19.36005798417329,-12.25223100357217,-0.6328612762207778,1.22843599319458,80,2.130000114440918,1.854334115982056,"{""type"":""MultiPoint"",""coordinates"":[]}",-15.139672282106632
4293,2.495211433623103,0.2614922930023189,0.5932737782448765,-17.298366085722,-11.221224601985751,-0.6486869653688104,10.945680618286133,151,2.2799999713897705,1.3259179592132568,"{""type"":""MultiPoint"",""coordinates"":[]}",-13.855882409050238
4311,2.684610075914424,0.303894297635605,0.7955010224948875,-13.480857577279933,-7.938581567779392,-0.5888780830352175,563.341736,985,53.31999969482422,27.396286010742188,"{""type"":""MultiPoint"",""coordinates"":[]}",-295.51415513520044
4331,1.0987432675044884,0.0126432906271072,0.5094339622641509,-15.521675372427662,-10.445300215531743,-0.6729492767312044,19.54519462585449,38,5.820000171661377,2.118448257446289,"{""type"":""MultiPoint"",""coordinates"":[]}",-29.5445042845518
4333,0.904053659959172,-0.0389517782333541,0.3441576464057729,-19.190162418547644,-7.780502938993314,-0.4054422661620266,22.635303497314453,138,7.630000114440918,2.0809991359710693,"{""type"":""MultiPoint"",""coordinates"":[]}",-87.05570313473144
4406,1.2876968241259674,0.264026402640264,0.4653592669988747,-17.494844915878687,-10.608515784415552,-0.6063795269649427,10.578492164611816,167,2.1700000762939453,3.823339939117432,"{""type"":""MultiPoint"",""coordinates"":[]}",-14.943334740660221
4437,2.512865497076024,0.212775951150775,0.7601273660003538,-14.80159731250926,-8.796592079094804,-0.5943001889168102,600.058349609375,580,52.150002,29.07426071166992,"{""type"":""MultiPoint"",""coordinates"":[]}",-313.16103493257435
4447,1.0202896779319195,0.0386481802426343,0.4170101161483702,-14.9053032769433,-8.391675709644076,-0.5629993267312435,37.83136749267578,312,12.529999732971191,2.0810117721557617,"{""type"":""MultiPoint"",""coordinates"":[]}",-81.61575167893307
4451,0.95942140296979,-0.0800469877496224,0.4090040927694406,-20.096884017160672,-13.174858097098948,-0.6555672056349121,1.500722050666809,60,2.430000066757202,1.3184148073196411,"{""type"":""MultiPoint"",""coordinates"":[]}",-16.820523447845073
4490,1.5994943486020228,0.2783359774369822,0.4932354964457693,-15.509966810897186,-10.532554140117307,-0.6790829579801045,3.195552110671997,2,3.0299999713897705,2.965071201324463,"{""type"":""MultiPoint"",""coordinates"":[]}",-15.081560250058114
4504,2.826330532212885,0.1218214703691882,0.7083187083187084,-12.96266782215884,-8.28990333526302,-0.6395213893464097,22.973761,317,7.670000076293945,2.081673145294189,"{""type"":""MultiPoint"",""coordinates"":[]}",-35.84010397099458
4523,0.4166937528440486,-0.048780487804878,0.2717253073336159,-18.94164784255877,-11.989803113312714,-0.6329862751631143,1.6303950548171997,130,2.390000104904175,0.0,"{""type"":""MultiPoint"",""coordinates"":[]}",-16.614909632175607
4535,0.7046202608801657,0.010530205061888,0.3059820010587613,-17.933232090793854,-10.566682054676033,-0.5892235153807277,7.679905891418457,74,3.809999942779541,1.880849838256836,"{""type"":""MultiPoint"",""coordinates"":[]}",-28.066555216091526
4540,1.5154811715481171,0.0667884878940155,0.519804822043628,-14.560446870304824,-8.758156671736991,-0.6015032883090105,10.68592357635498,225,2.240000009536743,1.3252497911453247,"{""type"":""MultiPoint"",""coordinates"":[]}",-12.997130100126899
4543,2.248109294949988,0.0728476821192053,0.6533144275079759,-12.724132614759956,-6.723204106621768,-0.528382115321784,19.93202781677246,486,6.289999961853027,7.559593200683594,"{""type"":""MultiPoint"",""coordinates"":[]}",-37.745840087271944
4659,0.6646917237548602,-0.040703353956366,0.359,-15.31522483694209,-11.187761441108163,-0.730499327317872,5.011075019836426,50,3.509999990463257,3.3725833892822266,"{""type"":""MultiPoint"",""coordinates"":[]}",-14.487396480014523
4690,0.6612636795374769,-0.0548833947045414,0.3446327683615819,-17.754278764525683,-13.0657768896887,-0.7359227070262666,11.673766136169434,117,4.639999866485596,1.8894195556640625,"{""type"":""MultiPoint"",""coordinates"":[]}",-21.75464807326107
4699,0.8570268074735987,0.078967350037965,0.4730941704035874,-15.213177277324297,-8.722411452758825,-0.5733458102640956,10.608392715454102,258,2.1700000762939453,1.3263938426971436,"{""type"":""MultiPoint"",""coordinates"":[]}",-14.084962334513206
4714,2.00218519530183,0.1373213853233228,0.5722092115534738,-10.293381570108275,-0.94349609794488,-0.0916604608037429,36.319820404052734,70,8.40499997138977,2.635319471359253,"{""type"":""MultiPoint"",""coordinates"":[]}",-78.58578712603097
4792,0.7976967370441458,-0.0668880893071316,0.279001074113856,-15.549285426218605,-9.205573750882929,-0.592025517478819,11.628501892089844,413,2.950000047683716,4.201957702636719,"{""type"":""MultiPoint"",""coordinates"":[]}",-18.71394974473199
4799,2.011188066062866,0.0730077120822622,0.6409168081494058,-11.468016123469296,-6.393674997496315,-0.5575223237096483,21.661421,369,7.260000228881836,12.309812545776367,"{""type"":""MultiPoint"",""coordinates"":[]}",-36.83971773598835
4808,0.8011049723756907,-0.0637519740669936,0.3947403198097,-20.098032715931957,-12.510959479857997,-0.6224967217781672,10.285636901855469,245,2.0199999809265137,0.9459109902381896,"{""type"":""MultiPoint"",""coordinates"":[]}",-15.325887792157463
4853,1.2889111138892362,0.119224779373594,0.5563950350782515,-14.734830010357182,-9.03897162202304,-0.6134425450222027,11.46926212310791,19,2.539999961853028,0.9500067234039308,"{""type"":""MultiPoint"",""coordinates"":[]}",-14.467480089088971
4864,0.7566765578635015,-0.0933967876264128,0.3714285714285714,-17.6010013143855,-10.205556622583874,-0.5798281836524127,10.447932243347168,224,2.0899999141693115,2.0816359519958496,"{""type"":""MultiPoint"",""coordinates"":[]}",-15.456478771109287
4915,1.145494956402804,-0.0490614334470989,0.4827089337175792,-15.700900370655775,-8.922746186600728,-0.5682951917379789,14.990029335021973,839,4.070000171661377,5.975059509277344,"{""type"":""MultiPoint"",""coordinates"":[]}",-27.587088692651324
4923,0.7931866703796528,0.0733333333333333,0.4135010887974836,-16.671581850720834,-10.25422696587241,-0.6150722263603946,0.8707129955291748,47,2.049999952316284,2.649702310562134,"{""type"":""MultiPoint"",""coordinates"":[]}",-13.155577207935941
4950,2.0915216170690623,0.1283333333333333,0.5457875457875457,-17.85626080402667,-10.620572690224131,-0.5947814498671045,11.427569389343262,64,2.430000066757202,1.854334115982056,"{""type"":""MultiPoint"",""coordinates"":[]}",-17.582722599574467
4963,1.1097376733965114,0.095154012164018,0.4894003634161114,-16.567479979254237,-9.38447658666574,-0.5664395912001682,10.407994270324709,8,2.059999942779541,1.3236557245254517,"{""type"":""MultiPoint"",""coordinates"":[]}",-14.796986577717554
4965,0.7347923285092364,0.0220673635307781,0.3393099701168161,-17.518058299489397,-8.87837126635362,-0.5068125196622048,10.53866195678711,450,2.240000009536743,3.363710880279541,"{""type"":""MultiPoint"",""coordinates"":[]}",-19.352899036618616
5004,0.8059125964010283,0.0187745597438509,0.2652284263959391,-17.348023531545156,-10.540552512667634,-0.6075938560667151,10.433658599853516,20,2.0199999809265137,1.9023587703704836,"{""type"":""MultiPoint"",""coordinates"":[]}",-13.751091328290387
5076,1.4643201542912243,0.0673586821617962,0.5325267403121164,-15.009759529839364,-8.142193498818408,-0.5424599563125411,16.350080490112305,211,4.980000019073486,2.651771068572998,"{""type"":""MultiPoint"",""coordinates"":[]}",-34.20047896547279
5086,1.456261587729648,0.0085486504658534,0.5353159851301115,-13.789333172455027,-7.472707444918953,-0.5419194207190605,47.58144760131836,326,10.40999984741211,1.891152262687683,"{""type"":""MultiPoint"",""coordinates"":[]}",-65.75607285980993
5111,1.0211056481592518,0.0313436903788498,0.4651734498770827,-14.822503044359497,-7.86875829487504,-0.5308656892379179,13.266948699951172,283,3.3499999046325684,2.079596519470215,"{""type"":""MultiPoint"",""coordinates"":[]}",-23.295044247612154
5145,1.9702892885066456,0.2573792066177853,0.7581227436823105,-13.736936662348826,-6.180431175746287,-0.4499133487807404,17.099645614624023,26,5.949999809265137,0.9274099469184875,"{""type"":""MultiPoint"",""coordinates"":[]}",-44.96120620399607
5166,1.064361897756528,0.1105595201158341,0.4207618493748182,-18.314206834592785,-10.910391465220526,-0.5957337690766076,11.129789352416992,119,2.390000104904175,2.9342849254608154,"{""type"":""MultiPoint"",""coordinates"":[]}",-17.69511950949084
5203,1.428376720730544,0.1209983722192078,0.5854748603351956,-14.005944689667931,-9.44607509641303,-0.6744332714223353,4.588345050811768,13,3.549999952316284,0.9397550225257874,"{""type"":""MultiPoint"",""coordinates"":[]}",-16.187536838623377
5215,1.8403493873589716,0.3095779631033611,0.7617373838814964,-16.27826007866649,-10.705327265562438,-0.6576456705954912,13.998305320739746,52,3.809999942779541,1.3237146139144895,"{""type"":""MultiPoint"",""coordinates"":[]}",-21.23287369904067
5350,1.576488319517709,0.132654015144433,0.6228044060732361,-15.093904923831872,-10.758716319318752,-0.7127854835186976,3.7229549884796143,85,2.465000033378601,3.372642755508423,"{""type"":""MultiPoint"",""coordinates"":[]}",-10.686240054827369
5360,0.5129083847384053,0.0330979699911738,0.2691846522781774,-20.73196206035483,-11.732884529968857,-0.5659321821934709,1.0619250535964966,23,2.0199999809265137,2.092849016189575,"{""type"":""MultiPoint"",""coordinates"":[]}",-18.178136439735887
5396,2.725022502250225,0.2755700325732899,0.7578222778473092,-13.714520100105307,-8.357172788671246,-0.6093667680436792,70.516861,349,13.369999885559082,17.80385971069336,"{""type"":""MultiPoint"",""coordinates"":[]}",-71.62773294077365
5415,0.6139039431881891,-0.0020013342228152,0.3070093457943925,-18.940714824923504,-10.691948269074668,-0.5644954991353052,10.648683547973633,498,2.200000047683716,2.0824968814849854,"{""type"":""MultiPoint"",""coordinates"":[]}",-18.147286816199276
5417,1.8356191612005568,0.1065145950125652,0.5723582274558413,-15.921955413078411,-7.904418030979363,-0.496447692881153,10.896407127380373,4,2.190000057220459,0.0,"{""type"":""MultiPoint"",""coordinates"":[]}",-17.558407325564083
5456,1.2793659779224456,-0.0012154888001389,0.5177548682703322,-14.328364356098248,-9.55210191426456,-0.6666568267576977,11.43354034423828,28,2.5,1.3211873769760132,"{""type"":""MultiPoint"",""coordinates"":[]}",-11.940656104584221
5485,1.3267394270122783,0.0350151640474221,0.4959626009349766,-15.0350880646511,-9.428176441651742,-0.627078232007052,4.811522006988525,14,3.549999952316284,2.078521728515625,"{""type"":""MultiPoint"",""coordinates"":[]}",-19.904535994289343
5502,2.046996732847449,0.0674528301886792,0.6360796563842249,-13.605988983512082,-7.45150919567835,-0.5476639151118076,14.832655906677246,434,4.110000133514404,0.9274099469184875,"{""type"":""MultiPoint"",""coordinates"":[]}",-25.294912749708345
5555,1.931877275091004,0.2524292809328439,0.6877506942301759,-16.44420916263463,-8.25767425027094,-0.5021630513575837,12.03955602645874,202,2.725000023841858,1.3249106407165527,"{""type"":""MultiPoint"",""coordinates"":[]}",-22.308307831373252
5595,0.4887866589994249,0.0411156528011541,0.2206359506813757,-18.88188181740659,-10.581726390366606,-0.5604169379246754,1.1160930395126345,25,2.049999952316284,2.0786352157592773,"{""type"":""MultiPoint"",""coordinates"":[]}",-17.015318229649715
5636,0.3174855147233907,-0.1486106225817798,0.097799511002445,-14.291075298802223,-4.039212160155094,-0.2826387850950328,45.239208,274,9.90999984741211,2.08181381225586,"{""type"":""MultiPoint"",""coordinates"":[]}",-101.59596213968288
5640,2.034490448227161,0.2293644996347699,0.7579617834394905,-13.292236269300288,-8.154513119635231,-0.6134793991338291,21.25168228149414,160,7.119999885559082,1.3222861289978027,"{""type"":""MultiPoint"",""coordinates"":[]}",-36.58058823764945
5646,1.6913527397260275,0.1069924178601516,0.6452719255267026,-6.1042066796164764,1.5303510063862469,0.250704323544038,38.164432525634766,761,10.75,25.775129318237305,"{""type"":""MultiPoint"",""coordinates"":[]}",-82.07149512452928
5674,1.3458262350936967,0.0174633974245898,0.4277206280454791,-18.17863264206679,-10.466205487597458,-0.5757421745449562,31.553544998168945,82,12.09000015258789,2.083714246749878,"{""type"":""MultiPoint"",""coordinates"":[]}",-93.24324547435722
5676,1.6360616406754636,-0.0335315921041289,0.4970563498738435,0.1424247992615644,16.811249075126284,118.03596819014838,14.37494945526123,6,3.740000009536743,2.083759069442749,"{""type"":""MultiPoint"",""coordinates"":[]}",-62.34140295070034
5694,1.0083076192736766,0.1425447817677234,0.4969583528310716,-17.305074520381382,-11.102102839295892,-0.641551865391864,82.566299,12,13.829999923706056,1.874464511871338,"{""type"":""MultiPoint"",""coordinates"":[]}",-85.78709787616316
5697,-0.1728395061728395,-0.0486163051608077,-0.0168404170008019,-24.30992519498692,-17.941011531967987,-0.7380117951028373,25.07505989074707,362,7.75,8.038990020751953,"{""type"":""MultiPoint"",""coordinates"":[]}",-49.35908088839673
5734,2.329052969502408,0.1783587028457975,0.747167868177137,-14.682236682768496,-10.197026967342367,-0.694514547590007,68.4859848022461,882,17.860001,3.956777811050415,"{""type"":""MultiPoint"",""coordinates"":[]}",-80.10585000272037
5779,2.753230512713631,0.2688006170458928,0.7962628089210367,-14.331920163609707,-7.752094346222286,-0.5408971203946342,87.775383,82,13.93000030517578,5.026920318603516,"{""type"":""MultiPoint"",""coordinates"":[]}",-91.65697564421025
5793,1.622320768662232,0.136150234741784,0.5972789115646259,-16.643964869348498,-11.448309648717904,-0.6878354850292369,18.84098625183105,235,4.789999961853027,20.48775291442871,"{""type"":""MultiPoint"",""coordinates"":[]}",-24.887188308622026
5806,1.3340972335897856,0.0784313725490196,0.5006142506142506,-16.80162925191105,-9.991402660426834,-0.5946686782944216,10.608392715454102,227,2.0899999141693115,2.079723358154297,"{""type"":""MultiPoint"",""coordinates"":[]}",-14.233372991675571
5817,1.5904079382579934,-0.1276870163370593,0.4493769470404984,-8.931864537605692,-0.950864039408852,-0.1064575078815227,73.75263977050781,961,16.31999969482422,33.42279052734375,"{""type"":""MultiPoint"",""coordinates"":[]}",-130.24992569496436
5820,0.9062140391254316,-0.1209376664890783,0.3829787234042553,-17.660823301455235,-10.917253143131834,-0.6181621862573227,1.376373052597046,317,2.309999942779541,0.9511750340461732,"{""type"":""MultiPoint"",""coordinates"":[]}",-15.577646679856876
5847,0.5369058618211683,-0.0563486100676183,0.2176446109030378,-18.660791800453083,-11.262221850876642,-0.6035232572823194,11.354378700256348,80,2.200000047683716,2.0782387256622314,"{""type"":""MultiPoint"",""coordinates"":[]}",-16.27685424185948
5859,2.666031140768986,0.2969875573018991,0.7885338345864662,-13.18547408255446,-7.307570448387247,-0.554213705372627,64.563927,536,16.549999,22.29442977905273,"{""type"":""MultiPoint"",""coordinates"":[]}",-97.27929926756376
5873,2.007033081531649,0.1875710496400151,0.647569687631321,-15.50503875631106,-9.148290437957291,-0.5900204818406943,10.92462921142578,246,2.0199999809265137,2.936642408370972,"{""type"":""MultiPoint"",""coordinates"":[]}",-12.840631481829263
5890,0.9317020704490454,0.0597977684797768,0.4581515271717572,-19.44090314615004,-11.994408676212348,-0.6169676679134964,1.331117033958435,33,2.2799999713897705,2.092964172363281,"{""type"":""MultiPoint"",""coordinates"":[]}",-16.978007178412017
5891,1.7981228387946648,0.0076284115951856,0.6419753086419753,-12.756780958821574,-7.588824782459504,-0.5948855598411508,21.771732330322266,2291,7.75,11.53133773803711,"{""type"":""MultiPoint"",""coordinates"":[]}",-40.05166036680604
5892,0.69895203360879,-0.0322104745512662,0.3712604217753801,-16.84304384291039,-9.345507576394738,-0.5548585910929911,11.26148796081543,131,2.4600000381469727,0.9449809789657592,"{""type"":""MultiPoint"",""coordinates"":[]}",-18.443939501636816
5930,1.0845267202235418,0.0237786424556852,0.4403214370125266,-16.1086044111047,-9.691502420661656,-0.6016351369322024,22.22840690612793,12,6.630000114440918,1.3230921030044556,"{""type"":""MultiPoint"",""coordinates"":[]}",-42.545386931016424
5933,1.457748849736281,0.0273715785526809,0.4805771365149833,-15.280546628333322,-8.775321963733099,-0.5742806312610453,46.756569,393,6.03000020980835,21.077247619628903,"{""type"":""MultiPoint"",""coordinates"":[]}",-39.2265060923898
5939,0.922859450726979,0.0804429246051131,0.3728872829001049,-14.736476254053876,-7.633525424061968,-0.5180020849259708,24.61306953430176,355,9.0600004196167,2.080876350402832,"{""type"":""MultiPoint"",""coordinates"":[]}",-64.35273750024346
5943,0.959887107428091,0.0277525847995646,0.4197190494945517,-16.010598167810684,-8.18172751012619,-0.511019477496822,18.817794799804688,298,6.170000076293945,4.191717147827148,"{""type"":""MultiPoint"",""coordinates"":[]}",-48.30413255520875
5980,1.9843471369130172,0.1638346968743444,0.6643449419568822,-15.281464495805023,-10.0914107560592,-0.6603693486857515,26.645929,445,9.15999984741211,13.060587882995604,"{""type"":""MultiPoint"",""coordinates"":[]}",-47.540891464132386
5987,1.5521607022282242,0.0488992791739723,0.5799432355723746,-17.49839354430658,-10.089767454308838,-0.5766110716827332,10.219611167907717,173,2.009999990463257,3.3855133056640625,"{""type"":""MultiPoint"",""coordinates"":[]}",-14.891338370241298
6042,0.9620287132698242,0.005942112325091,0.4220129487934079,-15.948531456596552,-9.5766978701499,-0.6004752159289772,7.538536071777344,433,4.230000019073486,2.0841188430786133,"{""type"":""MultiPoint"",""coordinates"":[]}",-26.952856192202418
6063,1.344892221180881,0.0901845637583892,0.4571519592226823,-17.042494642817093,-10.342878663159516,-0.6068875994934658,11.15117359161377,12,2.3499999046325684,3.3614447116851807,"{""type"":""MultiPoint"",""coordinates"":[]}",-15.74409691327014
6094,0.7137780725859945,-0.0978524014057009,0.3770491803278688,-17.058047480510552,-9.570889092782537,-0.5610776440690314,11.510778427124023,596,2.539999961853028,3.704791784286499,"{""type"":""MultiPoint"",""coordinates"":[]}",-19.017382019216736
6096,1.769243956797531,0.1901075268817204,0.6727509778357236,-12.869071937274832,-7.390151461145516,-0.5742567527142491,98.201439,483,17.860001,38.19694519042969,"{""type"":""MultiPoint"",""coordinates"":[]}",-97.85352518259006
6122,1.7794376098418276,0.178848167539267,0.6232686980609419,-16.89540751374959,-9.63870787947632,-0.5704927727627924,10.834460258483888,219,2.2799999713897705,1.324042558670044,"{""type"":""MultiPoint"",""coordinates"":[]}",-16.545274958527212
6142,1.8783522849174,0.1083798882681564,0.6468415219800517,-13.393179980444234,-7.618055070456553,-0.5688010675268975,23.615257263183597,874,8.109999656677246,2.1128599643707275,"{""type"":""MultiPoint"",""coordinates"":[]}",-46.83626103726831
6151,1.677107804750718,0.2456155658319518,0.6433041301627034,-16.04849725920253,-9.081269836531412,-0.5658641859021429,74.318069,74,6.800000190734863,2.6458749771118164,"{""type"":""MultiPoint"",""coordinates"":[]}",-47.37714780305678
6191,0.4997956681651001,-0.130005977286312,0.2947698240539889,-23.888262916886653,-15.47369798049309,-0.6477531679189075,1.22843599319458,53,2.1700000762939453,2.091838121414185,"{""type"":""MultiPoint"",""coordinates"":[]}",-18.259606553954388
6200,1.421492283732125,0.1050679851668726,0.5534729878721059,-14.861209491852197,-8.19723761507677,-0.5515861693202686,15.244592666625977,218,4.300000190734863,0.9274099469184875,"{""type"":""MultiPoint"",""coordinates"":[]}",-28.655080341186103
6219,1.1254149461582057,-0.0391672926279643,0.5003599712023038,-11.84232868798784,-5.36742514242299,-0.4532406829635955,29.395782470703125,846,8.5,21.685625076293945,"{""type"":""MultiPoint"",""coordinates"":[]}",-55.03668013730122
6261,2.233779971791256,0.3988176443838108,0.7869565217391304,-14.087254846115451,-5.807578145225081,-0.4122576192924142,39.923611,309,10.25,4.7216477394104,"{""type"":""MultiPoint"",""coordinates"":[]}",-84.8666861841263
6274,1.092305770671996,0.1561450044208664,0.4453781512605042,-16.640498890053998,-10.161266906326302,-0.6106347516058955,1.1715970039367676,77,2.049999952316284,5.488127708435059,"{""type"":""MultiPoint"",""coordinates"":[]}",-13.282425257687919
6285,0.5423791138076852,-0.0970690198550267,0.2879453391898487,-17.943776225830305,-9.27140168820862,-0.5166917805663622,10.672468185424805,556,2.190000057220459,0.9274099469184875,"{""type"":""MultiPoint"",""coordinates"":[]}",-18.99250073362874
6332,0.4075505350772889,-0.1625726607912994,0.1932891583251092,-18.585940164130733,-11.321864135380068,-0.6091628422021014,10.7025146484375,176,2.130000114440918,2.080782890319824,"{""type"":""MultiPoint"",""coordinates"":[]}",-15.472482772546446
6348,0.6059119342573286,-0.0776574261061134,0.2650214592274678,-10.94056326155776,1.725605675667345,0.1577254876566242,8.18482780456543,360,4.590000152587891,15.673458099365234,"{""type"":""MultiPoint"",""coordinates"":[]}",-58.137717354567236
6500,2.465488011625091,0.2350967741935483,0.7965571205007824,-12.484286479714765,-7.029628006286036,-0.5630780756039369,151.590485,2054,22.170000076293945,21.04681396484375,"{""type"":""MultiPoint"",""coordinates"":[]}",-120.92977877207232
6624,1.4231443600233782,0.2990239574090506,0.5620311598384304,-17.040865885423898,-9.50825359756932,-0.5579677500837745,10.20725154876709,19,2.0199999809265137,0.0,"{""type"":""MultiPoint"",""coordinates"":[]}",-15.21587667779307
6629,0.3823542712431601,-0.1017807262569832,0.2144034487130721,-17.18166612325685,-10.629974860574924,-0.6186812608461962,10.102519035339355,165,2.049999952316284,2.0805344581604004,"{""type"":""MultiPoint"",""coordinates"":[]}",-13.430966776088963
6650,0.6321612011062822,-0.0256045519203413,0.2869955156950672,-19.357858465940595,-11.589431503169632,-0.5986938856671976,1.8173799514770508,108,2.470000028610229,2.6399686336517334,"{""type"":""MultiPoint"",""coordinates"":[]}",-19.188014820300754
6651,1.0703248186691896,-0.0355434039644566,0.5074760765550239,-16.209953061915478,-11.277958988703173,-0.6957428529019128,17.6812686920166,60,6.25,3.379824638366699,"{""type"":""MultiPoint"",""coordinates"":[]}",-30.824962957576908
6665,1.3868821972677206,0.1790347690710949,0.5731599172332249,-14.619589431931235,-7.371369613591828,-0.5042118075827576,30.528966775634764,257,8.460000038146973,5.857385158538818,"{""type"":""MultiPoint"",""coordinates"":[]}",-61.31993993964903
6710,0.8450123660346249,-0.0802895689371503,0.4080181973272676,-18.030235809092595,-11.47390719335572,-0.6363703345227167,18.552492141723636,339,5.460000038146973,2.080145359039306,"{""type"":""MultiPoint"",""coordinates"":[]}",-35.79755449202743
6726,0.926110212713024,0.0398398398398398,0.4580129191018148,-15.127726505792197,-8.673215338402835,-0.5733323731812564,15.894708633422852,619,4.630000114440918,3.394796133041382,"{""type"":""MultiPoint"",""coordinates"":[]}",-29.884387443672924
6758,1.5436867341502398,-0.0459613815610552,0.2205518553758325,-14.4823995527024,-6.985181022636596,-0.482322076339426,15.58853244781494,21,4.670000076293945,2.0847768783569336,"{""type"":""MultiPoint"",""coordinates"":[]}",-35.01201110739969
6765,1.720968329086276,0.1285682673157778,0.6563693162096494,-13.449095532090428,-6.501218385816619,-0.4833944684461705,16.39086151123047,548,5.349999904632568,11.17328929901123,"{""type"":""MultiPoint"",""coordinates"":[]}",-37.17114206996368
6833,2.529917411090511,0.263637958252938,0.7883403361344538,-13.069074872513273,-7.3399717760743055,-0.561629024829573,76.238609,679,14.140000343322754,13.890863418579102,"{""type"":""MultiPoint"",""coordinates"":[]}",-81.00951975057845
6843,1.038284054007862,0.0752050734128351,0.5209003215434084,-14.82212015285187,-8.901578359986646,-0.6005603967711681,9.202975273132324,79,5.389999866485596,4.195964336395264,"{""type"":""MultiPoint"",""coordinates"":[]}",-31.911719473065947
6861,0.0753904146472805,0.21875,-0.0369393139841688,-25.674952742596474,-21.966501592114746,-0.8555615199116157,10.447932243347168,185,2.0199999809265137,0.0,"{""type"":""MultiPoint"",""coordinates"":[]}",-7.4910712532399995
6906,2.5165357585779247,0.2437872253029369,0.7416996649406031,-15.395711142842872,-9.192751323944371,-0.5970981943382252,79.912018,38,16.969999,7.08966875076294,"{""type"":""MultiPoint"",""coordinates"":[]}",-105.26422192374775
6915,2.190677966101694,0.269852182880715,0.7945696721311475,-15.508772811382771,-7.99084897880311,-0.5152470202502528,26.678071975708008,24,9.8100004196167,3.357844352722168,"{""type"":""MultiPoint"",""coordinates"":[]}",-73.75083595225286
6961,0.8884512915556585,0.0370631839039887,0.3865927419354839,-15.646630421566964,-10.199589200252364,-0.6518712927604834,12.239086151123049,91,2.9200000762939453,4.682397365570068,"{""type"":""MultiPoint"",""coordinates"":[]}",-15.905360781814899
7029,2.109105750045347,0.2050511124473842,0.6700763578735053,-17.00665818019988,-11.178753284088057,-0.65731627963823,10.659737586975098,135,2.359999895095825,0.9274099469184875,"{""type"":""MultiPoint"",""coordinates"":[]}",-13.753854943452353
7089,1.724604966139955,0.3082608695652173,0.7266962587190868,-16.278695815079182,-11.54507099328299,-0.7092135097572515,11.583953857421877,28,2.690000057220459,4.665379047393799,"{""type"":""MultiPoint"",""coordinates"":[]}",-12.733451041491943
7120,0.5187747035573123,-0.0037864445285876,0.2642174131857071,-19.22570807032476,-11.133510980700407,-0.579094977411271,14.422202110290527,282,4.559999942779541,7.759486675262451,"{""type"":""MultiPoint"",""coordinates"":[]}",-36.900418265647815
7138,1.6881904465536022,0.1372772089495639,0.6555891238670695,-13.26130041189775,-9.861216736323952,-0.7436085775929397,1.9596760272979736,65,2.799999952316284,2.640314817428589,"{""type"":""MultiPoint"",""coordinates"":[]}",-9.52023412947801
7146,1.1106895056374675,0.0911136107986501,0.4889047959914102,-15.640026355451637,-8.66497899991119,-0.5540258566694066,16.457748413085938,29,4.900000095367432,2.1100995540618896,"{""type"":""MultiPoint"",""coordinates"":[]}",-34.17773270734054
7207,1.1701739447755748,0.0236346215266687,0.4868421052631579,-17.206141998770114,-10.446348632975075,-0.6071290492500746,25.00620651245117,9,8.760000228881836,4.204983234405518,"{""type"":""MultiPoint"",""coordinates"":[]}",-59.21579143155846
7210,1.902169775409212,0.132190218768477,0.6520944799686806,-14.720984518729315,-8.342242929520417,-0.5666905578839981,1.075342059135437,7,2.059999942779541,0.9528384804725648,"{""type"":""MultiPoint"",""coordinates"":[]}",-13.140207308775809
7212,0.623937275647081,-0.0269916571241616,0.3024959926723151,-19.420283371745228,-12.911514385426065,-0.6648468582189259,1.2719420194625854,103,2.200000047683716,2.6414382457733154,"{""type"":""MultiPoint"",""coordinates"":[]}",-14.31929208026445
7233,0.766554563377015,-0.0142018557091459,0.3747165532879818,-16.796846281737068,-9.14674103958297,-0.5445510952569751,42.01387023925781,302,16.510000228881836,2.936703681945801,"{""type"":""MultiPoint"",""coordinates"":[]}",-126.30323929893429
7246,0.6232422094723816,-0.0497186606401623,0.2926571579503433,-17.060029273635998,-10.04941971617847,-0.5890622785570778,15.341107368469238,281,4.329999923706055,0.9433515071868896,"{""type"":""MultiPoint"",""coordinates"":[]}",-30.355938848924033
7298,0.6663309835515274,-0.0550382785019656,0.3164355172963494,-16.132366816254397,-10.39593361851558,-0.6444146563814187,10.445575714111328,306,2.2100000381469727,4.212099552154541,"{""type"":""MultiPoint"",""coordinates"":[]}",-12.677517585830346
7302,0.5974268436219002,0.0083128078817734,0.3092436974789916,-18.639483829023145,-11.64783871645296,-0.6249013558152484,11.041231155395508,179,2.319999933242798,5.485989093780518,"{""type"":""MultiPoint"",""coordinates"":[]}",-16.220616194420167
7329,1.454577904693914,0.129081081081081,0.492744860943168,-16.484541866589318,-7.907378054715175,-0.4796844291282222,13.56838321685791,472,3.4800000190734863,3.900545358657837,"{""type"":""MultiPoint"",""coordinates"":[]}",-29.848530228918435
7370,1.2026573947597168,0.0255297847488736,0.5202793446145582,-16.765544782505096,-10.220670808106744,-0.6096235428491444,1.8878649473190308,91,2.430000066757202,1.3238239288330078,"{""type"":""MultiPoint"",""coordinates"":[]}",-15.904044194705468
7371,1.2079949036470776,0.0185735512630014,0.4272036046184173,-16.896347829159417,-9.398648324987022,-0.5562532459687531,17.27133560180664,491,5.409999847412109,2.0824692249298096,"{""type"":""MultiPoint"",""coordinates"":[]}",-40.56255317351451
7443,1.1219910240718074,-0.0172189733593242,0.4332983193277311,-15.636751780673086,-9.705516300150514,-0.6206862164395589,11.704509735107422,15,2.200000047683716,1.3241063356399536,"{""type"":""MultiPoint"",""coordinates"":[]}",-13.048718339973005
7444,2.4816155673718745,0.2410818372581021,0.7771479185119575,-13.351343359108307,-6.760600830808194,-0.5063610940839224,41.950172424316406,1147,13.09000015258789,15.293107986450195,"{""type"":""MultiPoint"",""coordinates"":[]}",-86.27282070111599
7453,0.938257325402071,-0.0026455747988544,0.4258217722784652,-14.953415060243946,-8.575873352320244,-0.57350600633835,12.063980102539062,574,2.7699999809265137,2.7802884578704834,"{""type"":""MultiPoint"",""coordinates"":[]}",-17.6657904093067
7457,0.8166453628745917,-0.0283129013426736,0.3732958234148453,-19.686240678029883,-13.562152740903926,-0.6889153171859509,1.4534660577774048,30,2.200000047683716,0.0,"{""type"":""MultiPoint"",""coordinates"":[]}",-13.472993753696374
7534,2.7000666888962987,0.3136915077989601,0.7818006275645667,-13.813153733789456,-7.452481695011839,-0.5395206510140932,83.974136,276,19.049999,23.614686965942383,"{""type"":""MultiPoint"",""coordinates"":[]}",-121.17079597804155
7576,0.8313729180389574,0.0562372188139059,0.4490470139771283,-15.447180515494532,-9.431074103840206,-0.6105369257762102,16.971158981323242,46,2.799999952316284,1.3239989280700684,"{""type"":""MultiPoint"",""coordinates"":[]}",-16.845097665761802
7619,2.273022751895992,0.2630291167115243,0.7673738112655449,-11.214038330841005,-4.881084511674069,-0.4352655455305554,26.40748786926269,672,8.460000038146973,29.71344375610352,"{""type"":""MultiPoint"",""coordinates"":[]}",-53.576789551735295
7628,1.518159433671899,0.142305215711526,0.6592048112261945,-15.842245769191608,-8.778930752695256,-0.5541468602745471,11.357881546020508,6,2.430000066757202,1.3237850666046145,"{""type"":""MultiPoint"",""coordinates"":[]}",-17.163855961613283
7633,0.4141376757957068,-0.112163814180929,0.2627377318619394,-16.584590006771972,-8.847484574188226,-0.5334762312831092,1.376373052597046,111,2.309999942779541,2.644646644592285,"{""type"":""MultiPoint"",""coordinates"":[]}",-17.87271310654773
7636,1.154826648538409,-0.0627479264334655,0.406764441783897,-17.79098722251559,-9.844662076481258,-0.553351084644827,24.23818016052246,407,7.900000095367432,4.693634986877441,"{""type"":""MultiPoint"",""coordinates"":[]}",-62.775969411491836
7671,0.7656623185743157,0.0069668649107901,0.4202167885051676,-17.752855341509623,-10.598787992423537,-0.5970187774606326,10.594127655029297,332,2.0899999141693115,2.101413488388061,"{""type"":""MultiPoint"",""coordinates"":[]}",-14.952000145551393
7748,0.8562611151794121,-0.0433759510549847,0.3977162293488824,-19.71101269708825,-11.878541591223792,-0.6026347693935843,10.68592357635498,118,2.1700000762939453,0.9274099469184875,"{""type"":""MultiPoint"",""coordinates"":[]}",-16.996462897296
7751,1.2407982987076722,0.0260831122900088,0.5298637792525324,-12.52475765194207,-5.710996373330966,-0.4559765970757468,17.466785430908203,428,5.119999885559082,7.56029748916626,"{""type"":""MultiPoint"",""coordinates"":[]}",-34.886456966715755
7752,0.7940041555357673,-0.0093385214007782,0.2673663168415792,-15.08551765679814,-10.166731715392237,-0.6739398638276559,12.088911056518556,441,3.5899999141693115,1.326812982559204,"{""type"":""MultiPoint"",""coordinates"":[]}",-17.658441107464412
7780,0.5298269777050874,-0.0988875154511742,0.2977025392986699,-18.42539488537828,-10.215827178141009,-0.554442780830055,11.601285934448242,409,2.539999961853028,3.3935487270355225,"{""type"":""MultiPoint"",""coordinates"":[]}",-20.852301663212522
7796,2.356465517241379,0.2881801125703565,0.7558412830084336,-13.244436986693836,-7.775269285585329,-0.5870592531337373,21.426816940307617,112,4.079999923706055,0.9274099469184875,"{""type"":""MultiPoint"",""coordinates"":[]}",-22.314203803258327
7823,0.8109684947491248,-0.1724390690855781,0.3655489809335963,-15.789166622712912,-9.359383813526732,-0.5927725026388121,2.0107924938201904,851,2.3350000381469727,9.77337646484375,"{""type"":""MultiPoint"",""coordinates"":[]}",-15.01354310472648
7832,0.5443499392466586,-0.0748589724043299,0.317430325932924,-18.397319043097696,-11.468305186708667,-0.623368283163592,170.011444,97,24.959999,4.1507649421691895,"{""type"":""MultiPoint"",""coordinates"":[]}",-172.94817892645628
7856,0.8299319727891157,-0.0041463854335676,0.3527865404837014,-18.62471130576761,-9.68864139128527,-0.5202035742849306,2.2214550971984863,77,2.680000066757202,1.888787150382996,"{""type"":""MultiPoint"",""coordinates"":[]}",-23.948667967359704
7937,1.3582630624950744,0.0563113199769148,0.4048150322959483,-17.280079250881077,-8.328655787987895,-0.4819801846431482,17.113786697387695,18,4.710000038146973,3.980112791061402,"{""type"":""MultiPoint"",""coordinates"":[]}",-42.16120485169659
7945,2.049689440993789,0.1660705160960654,0.6101694915254238,-13.309154051804803,-6.765035849642361,-0.508299462408355,20.272341,498,7.059999942779541,2.1099910736083984,"{""type"":""MultiPoint"",""coordinates"":[]}",-46.201474132809395
7969,3.130385487528345,0.3268126727620667,0.8420250076242757,-10.13722210867017,-2.1773926224720133,-0.2147918432811817,247.637177,727,33.450001,38.86814880371094,"{""type"":""MultiPoint"",""coordinates"":[]}",-266.2563042731578
7975,1.6795366795366795,0.1884849758352595,0.5733972438585979,-15.02659653753071,-8.883765565959786,-0.591202774611771,30.49787139892578,240,11.56999969482422,2.655470132827759,"{""type"":""MultiPoint"",""coordinates"":[]}",-71.07255246643236
7996,0.4791103720640199,-0.086447295036252,0.2554016620498615,-17.800020162881424,-8.456448692806294,-0.4750808490903071,17.83749771118164,483,5.5,1.854334115982056,"{""type"":""MultiPoint"",""coordinates"":[]}",-51.38964308541321
8005,2.636770388448241,0.3039587588755957,0.7648967551622419,-14.591091702566352,-8.900585976018094,-0.6100013732661701,55.69136428833008,193,10.850000381469728,1.321796417236328,"{""type"":""MultiPoint"",""coordinates"":[]}",-61.741989303804274
8024,1.6502653693056168,0.1449048152295632,0.461003861003861,-15.529990554943597,-7.760342454885524,-0.4997003975907254,50.74093246459961,365,11.199999809265137,2.102203369140625,"{""type"":""MultiPoint"",""coordinates"":[]}",-87.02005723870764
8055,0.7515838447832113,-0.0213484094169268,0.4073775989268947,-17.522596574848176,-11.932699231950398,-0.6809892119001655,10.7426176071167,249,2.200000047683716,3.3783891201019287,"{""type"":""MultiPoint"",""coordinates"":[]}",-12.297774420922188
8073,0.6986719032608134,-0.1273452504062638,0.335234316885693,-23.35787413082847,-16.5441605894498,-0.7082905103771531,1.1160930395126345,114,2.0199999809265137,2.083647966384888,"{""type"":""MultiPoint"",""coordinates"":[]}",-13.763701223623645
8161,1.8689162881245944,0.1105757037788486,0.7251363827108687,-17.045688397675715,-9.818696048933989,-0.5760222655644008,25.33506774902344,2238,7.559999942779541,1.854334115982056,"{""type"":""MultiPoint"",""coordinates"":[]}",-54.63606174295563
8190,0.615277550352055,-0.0757195571955719,0.3376769265333633,-18.484046721736977,-10.92950225040173,-0.5912938013486403,10.907950401306152,100,2.240000009536743,2.637221336364746,"{""type"":""MultiPoint"",""coordinates"":[]}",-16.922179687836703
8215,1.7948932607785684,0.1147244805781391,0.6252551764362788,-13.049571307379969,-7.259018665430533,-0.5562649143367121,43.66715240478516,1089,12.09000015258789,9.995070457458496,"{""type"":""MultiPoint"",""coordinates"":[]}",-70.0077823247369
8218,0.9355961705831156,-0.0531661641009363,0.3807235011383759,-15.997632850978718,-8.90653412516233,-0.5567407508428621,15.71205997467041,305,2.880000114440918,1.328662633895874,"{""type"":""MultiPoint"",""coordinates"":[]}",-20.422365141863047
8228,2.257724348834757,0.2370378355071682,0.6379618593563766,-15.36442966288974,-9.123161117530696,-0.5937845606834463,11.734950065612791,164,2.799999952316284,2.982844114303589,"{""type"":""MultiPoint"",""coordinates"":[]}",-17.47555162939845
8271,2.289002557544757,0.1361247054558637,0.7209436133486766,-14.956874101780238,-8.812763515497519,-0.5892115862931936,63.01261520385742,621,12.010000228881836,8.800158500671387,"{""type"":""MultiPoint"",""coordinates"":[]}",-73.79076954753077
8296,2.085195626762016,0.2952990313694126,0.7584094035263224,-14.573224975247207,-7.326090601852377,-0.5027089483827929,14.237239837646484,12,6.170000076293945,0.9377033114433287,"{""type"":""MultiPoint"",""coordinates"":[]}",-44.71481963675858
8303,0.9502938539695188,0.0563404255319148,0.4823053589484327,-16.91763764609891,-9.267852551700518,-0.5478219090380873,23.16116523742676,379,7.489999771118164,2.09824275970459,"{""type"":""MultiPoint"",""coordinates"":[]}",-57.29688860614711
8323,2.1893211529374703,0.2685099276303581,0.8259061200237671,-15.0070693600167,-8.14975655728621,-0.5430611641603781,26.56933212280273,13,8.760000228881836,2.081763982772827,"{""type"":""MultiPoint"",""coordinates"":[]}",-60.07006172143344
8329,1.3799340783021143,0.0067215594017812,0.461114842175957,-16.722142929370726,-10.255837008890843,-0.6133087758075264,13.482421875,296,3.440000057220459,1.8904656171798704,"{""type"":""MultiPoint"",""coordinates"":[]}",-22.24409273645579
8331,1.8456883509833584,0.0640732265446224,0.61,-14.47897834846272,-8.55299449629769,-0.5907180942228419,11.615152359008787,431,3.069999933242798,2.847140073776245,"{""type"":""MultiPoint"",""coordinates"":[]}",-18.19277003054454
8387,1.248097412480974,0.0763894490602565,0.5974499089253188,-13.646038855491646,-9.726374504061582,-0.7127617477175324,1.1160930395126345,45,2.240000009536743,1.854334115982056,"{""type"":""MultiPoint"",""coordinates"":[]}",-8.780048184584176
8393,2.4394656276092404,0.1866147308781869,0.5130231196956394,-15.384010670274204,-9.60595977969676,-0.6244119290854304,13.61352252960205,260,3.509999990463257,2.838524103164673,"{""type"":""MultiPoint"",""coordinates"":[]}",-20.28095857082304
8396,0.8866235703630034,0.0269194627162677,0.4515067105596353,-17.02784226454539,-10.123514841559182,-0.5945271681684479,1.5648930072784424,98,2.059999942779541,2.081959724426269,"{""type"":""MultiPoint"",""coordinates"":[]}",-14.222914096282809
8425,1.8662943946832564,0.278969957081545,0.7214884215101537,-14.125997671684784,-7.051611235207637,-0.4991938551244715,90.057671,58,15.0600004196167,2.936365842819214,"{""type"":""MultiPoint"",""coordinates"":[]}",-106.54026270187653
8431,1.6317541111981206,0.2151536812008577,0.5270312993993045,-15.605310872919326,-7.710674490323667,-0.4941057921315995,41.54940032958984,421,15.039999961853027,4.667255878448486,"{""type"":""MultiPoint"",""coordinates"":[]}",-118.73533089308222
8433,1.9489708404802744,0.2585928489042676,0.6047904191616766,-14.860583290411608,-9.086063827826855,-0.6114204032414658,36.20833206176758,7,10.880000114440918,1.854334115982056,"{""type"":""MultiPoint"",""coordinates"":[]}",-62.826772413763415
8434,0.3283565334530758,-0.0744911216977046,0.1744706233223978,-18.54588450421759,-11.840225890082428,-0.638428751531899,1.5648930072784424,83,2.390000104904175,2.8362507820129395,"{""type"":""MultiPoint"",""coordinates"":[]}",-16.02652479123462
8439,0.4561293469928218,-0.0148358585858585,0.2994738046213681,-22.873487551127944,-13.86735021467932,-0.6062630450945592,1.02217698097229,60,2.049999952316284,2.0954132080078125,"{""type"":""MultiPoint"",""coordinates"":[]}",-18.462581110273586
8469,1.6614105504587156,0.2903095286263403,0.6017653167185878,-17.335594601623217,-10.4430704810001,-0.6024062468571031,12.0558500289917,37,2.720000028610229,2.644174337387085,"{""type"":""MultiPoint"",""coordinates"":[]}",-18.74766580529157
8483,0.9921782009862268,0.0291416460614623,0.4676105249098437,-16.77620727019199,-9.88152776540912,-0.5890203671342715,10.796299934387209,299,2.200000047683716,0.9274099469184875,"{""type"":""MultiPoint"",""coordinates"":[]}",-15.168295239286252
8496,0.969770393446406,0.0623423423423423,0.4429512516469038,-17.410373177935778,-10.120753903892684,-0.5813059720465239,1.1160930395126345,105,2.130000114440918,3.761030435562134,"{""type"":""MultiPoint"",""coordinates"":[]}",-15.526889887942511
8501,0.5868237347294939,-0.0470713874969194,0.2939176884788151,-17.075219766728758,-10.120909941924372,-0.5927250179025555,11.31672477722168,179,2.4600000381469727,3.797125816345215,"{""type"":""MultiPoint"",""coordinates"":[]}",-17.107602434304653
8544,1.2622666923224937,-0.0077922077922077,0.2523076923076923,-15.239074565684833,-1.9041754323069484,-0.1249534821881342,23.399133682250977,6,7.78000020980835,4.721116065979004,"{""type"":""MultiPoint"",""coordinates"":[]}",-103.74551805545312
8596,2.117619711761971,0.3157894736842105,0.792272331966704,-14.45013402150894,-8.498812187382242,-0.588147637574282,7.894373893737793,70,4.550000190734863,2.0965278148651123,"{""type"":""MultiPoint"",""coordinates"":[]}",-27.078515480401034
8630,1.2466666666666666,0.0987179487179487,0.5361580121057662,-15.482080708768356,-9.90176418877772,-0.6395628840230632,2.902590036392212,31,2.8299999237060547,1.319929122924805,"{""type"":""MultiPoint"",""coordinates"":[]}",-15.792295325829134
8635,0.5829285218598196,-0.1258141926636956,0.3094736842105263,-17.043448275376644,-11.009149522991631,-0.6459461339696728,11.096529960632324,872,2.4600000381469727,3.9060170650482178,"{""type"":""MultiPoint"",""coordinates"":[]}",-14.84437516105736
8689,2.505681818181818,0.201108978460226,0.7255676209279368,-3.2250666895440707,4.392172435991454,1.3618857713024153,91.110138,724,16.360001,38.48255920410156,"{""type"":""MultiPoint"",""coordinates"":[]}",-124.6180397110003
8700,2.1470389551902724,0.1493723849372385,0.589125733704047,-15.101211434783128,-8.206663441936081,-0.5434440460209303,35.13155746459961,391,6.489999771118164,3.3653454780578613,"{""type"":""MultiPoint"",""coordinates"":[]}",-44.74561489554053
8752,1.05481102243638,-0.0556,0.4674674674674675,-16.30694903964678,-10.421574958008865,-0.6390879699612161,9.753851890563965,630,2.559999942779541,0.951962411403656,"{""type"":""MultiPoint"",""coordinates"":[]}",-15.06655731222926
8758,1.068847989093388,0.117291414752116,0.4487693188322839,-16.506574579199494,-9.333475943226423,-0.5654399038664182,11.819432258605955,206,2.869999885559082,3.821865320205689,"{""type"":""MultiPoint"",""coordinates"":[]}",-20.586792264346723
8760,0.6231617647058824,-0.0123613312202852,0.3058186738836265,-19.64734047928072,-14.336034528370208,-0.7296679437854912,10.983942985534668,131,2.319999933242798,0.9274099469184875,"{""type"":""MultiPoint"",""coordinates"":[]}",-12.322229451544468
8762,2.050779548819789,0.1505507955936352,0.6521257443567373,-14.261793052651822,-8.077639325091807,-0.5663831535958138,12.242037773132324,31,2.759999990463257,0.0,"{""type"":""MultiPoint"",""coordinates"":[]}",-17.068264229088953
8768,0.7569814140282058,-0.0199842643587726,0.4108998732572877,-13.341912251310678,2.6755613137064853,0.2005380685548763,25.335418701171875,17,8.420000076293945,0.9488446712493896,"{""type"":""MultiPoint"",""coordinates"":[]}",-134.86712863948077
8783,1.4656073593978671,0.1338582677165354,0.6470769230769231,-17.903137935846395,-10.196226426963364,-0.5695217488409148,12.385910034179688,2024,2.880000114440918,9.261865615844728,"{""type"":""MultiPoint"",""coordinates"":[]}",-22.19590602756916
8787,2.6322525597269624,0.241308372762806,0.7915330339961514,-12.425392321013554,-6.446470525951412,-0.5188142442029199,19.701281,920,5.460000038146973,9.089292526245115,"{""type"":""MultiPoint"",""coordinates"":[]}",-32.64491322911706
8809,1.0639777468706535,0.1207340962985874,0.4926814988290398,-14.469001477770403,-9.28561184268559,-0.6417589946999198,13.3862886428833,119,5.880000114440918,3.875184774398804,"{""type"":""MultiPoint"",""coordinates"":[]}",-30.47833164749057
8849,0.9229323308270676,0.0253164556962025,0.4419441944194419,-16.641385750130024,-11.375358218942177,-0.6835583520352743,10.445266723632812,8,2.0899999141693115,0.0,"{""type"":""MultiPoint"",""coordinates"":[]}",-11.005997088195832
8887,1.9806457065584853,0.2250024531449318,0.7113370769464259,-12.922915734716316,-8.998793913025018,-0.6963439287041486,1.9596760272979736,102,2.470000028610229,2.079528570175171,"{""type"":""MultiPoint"",""coordinates"":[]}",-9.69258101184753
8894,2.0847386172006748,0.1866897147796024,0.6430429128738622,-10.687211666480971,-5.596993218256729,-0.5237094008169556,35.102352142333984,228,9.84000015258789,8.658061981201172,"{""type"":""MultiPoint"",""coordinates"":[]}",-50.08775030723224
8895,0.6351195065535852,-0.0021864440469091,0.388561320754717,-18.368335680169444,-10.245676537751354,-0.5577901403888563,14.949318408966064,285,3.9850000143051143,2.9363818168640137,"{""type"":""MultiPoint"",""coordinates"":[]}",-32.36879679873166
8920,2.1759153968614964,0.2565789473684211,0.8299718065495554,-13.068310688410662,-7.286802180122257,-0.557593276886537,13.834480285644531,4,3.670000076293945,0.9459155797958374,"{""type"":""MultiPoint"",""coordinates"":[]}",-21.218136666512535
8946,1.6197896870644877,0.1579931442817077,0.6040633120718166,-16.818917079797536,-10.076590026040474,-0.599122403554996,10.608392715454102,12,2.1700000762939453,0.9274099469184875,"{""type"":""MultiPoint"",""coordinates"":[]}",-14.630850221051556
8979,0.8683676427950131,0.0114626318202659,0.4253254437869822,-16.851187407215033,-10.90463557569776,-0.6471137797107883,10.648683547973633,47,2.1700000762939453,1.8974159955978396,"{""type"":""MultiPoint"",""coordinates"":[]}",-12.904017928078382
8999,0.8304140127388535,0.0867020552606506,0.4055209953343701,-15.3458724747556,-9.205981957239525,-0.5998995477372582,13.909490585327148,39,3.630000114440918,2.1100399494171143,"{""type"":""MultiPoint"",""coordinates"":[]}",-22.287803281238062
9054,1.3986618553600962,0.1893734571529328,0.6340092008860112,-16.490287459685156,-8.495562368657058,-0.5151858261674755,53.39677429199219,231,18.18000030517578,4.677618980407715,"{""type"":""MultiPoint"",""coordinates"":[]}",-145.34410459468728
9055,1.5616420447117272,0.0688947522720609,0.5516047102285846,-17.320267160379814,-11.901399141719589,-0.6871371573842746,10.905495643615724,135,2.319999933242798,2.7802884578704834,"{""type"":""MultiPoint"",""coordinates"":[]}",-12.571773441543254
9063,2.1420441611654906,0.179262960649594,0.5866583541147132,-15.7782171715974,-7.846699417775952,-0.497312169837598,56.41345977783203,425,14.640000343322754,0.9447470903396606,"{""type"":""MultiPoint"",""coordinates"":[]}",-116.11742263901651
9119,0.5188090568728829,-0.1005495321550571,0.2582076308784383,-15.851044635085632,-10.53475015677291,-0.6646092039545883,10.361422538757324,353,4.78000020980835,5.089718818664551,"{""type"":""MultiPoint"",""coordinates"":[]}",-25.411888721737782
9132,2.2727272727272725,0.0516631280962491,0.4638050200072753,-21.40010893110104,-10.28365515077018,-0.4805421871392822,10.578807830810549,386,2.2300000190734863,3.7690937519073486,"{""type"":""MultiPoint"",""coordinates"":[]}",-24.78969214216735
9236,2.570281124497992,0.0899057254541273,0.6834477498093059,-13.830341623062669,-7.568736225807631,-0.5472559125500162,24.41777801513672,627,3.5350000858306885,7.778878688812256,"{""type"":""MultiPoint"",""coordinates"":[]}",-22.134775616734462
9274,2.643856920684292,0.2792869269949066,0.772225827384815,-13.502934557625908,-7.509263637985082,-0.5561208643897453,25.708345413208008,587,6.880000114440918,5.547544956207275,"{""type"":""MultiPoint"",""coordinates"":[]}",-41.23645661305008
9291,1.1825382206667894,-0.0581861958266452,0.4229249011857707,-10.678907120936056,2.2642570490758827,0.2120307839963131,43.48063278198242,563,10.40999984741211,25.909162521362305,"{""type"":""MultiPoint"",""coordinates"":[]}",-134.73833703485417
9330,0.383177570093458,-0.1398671764942644,0.2738312082574378,-15.047046574248393,-9.230693569932644,-0.613455505994785,35.488361,918,12.43000030517578,3.906930685043335,"{""type"":""MultiPoint"",""coordinates"":[]}",-72.29726961865482
9399,1.649802371541502,0.0919057189841037,0.5735092058257764,-16.21112301875076,-9.925760352283412,-0.6122808605426459,16.60369873046875,87,4.75,2.96072769165039,"{""type"":""MultiPoint"",""coordinates"":[]}",-29.855472665719912
9412,0.3730155315578884,-0.0189775719604104,0.2081132981277004,-22.578595496560943,-13.587443726672324,-0.6017842752327927,11.56682300567627,239,2.650000095367432,5.479067802429199,"{""type"":""MultiPoint"",""coordinates"":[]}",-23.826553047667897
9432,1.0935777687532633,0.0770881774280093,0.5225949542556141,-16.12331287969336,-8.744252516120007,-0.5423359691253669,1.8173799514770508,142,2.390000104904175,3.356382131576538,"{""type"":""MultiPoint"",""coordinates"":[]}",-17.63595504303455
9455,1.3067292644757431,0.1310441485634197,0.4498316498316498,-15.57757435656506,-7.330837376824325,-0.4706019826337594,25.851938247680664,454,8.640000343322754,0.9489094018936156,"{""type"":""MultiPoint"",""coordinates"":[]}",-71.2518103362524
9476,0.9505866641228656,0.0790067720090293,0.4905242431700714,-17.257595930847344,-8.779358243646803,-0.5087242903835759,26.20691299438477,13,15.519999980926514,1.3224817514419556,"{""type"":""MultiPoint"",""coordinates"":[]}",-131.58224874364285
9488,2.056805184902783,0.2146290491118077,0.6535433070866141,-14.142187810811324,-7.168471762187672,-0.5068856288775607,25.45946502685547,351,6.920000076293945,4.706759452819824,"{""type"":""MultiPoint"",""coordinates"":[]}",-48.25811558852798
9505,2.1150309312823943,0.1883892999430848,0.739333722969024,-13.130323756515306,-6.728916150575,-0.5124714573192524,27.011274337768555,38,9.890000343322754,4.766960144042969,"{""type"":""MultiPoint"",""coordinates"":[]}",-63.309923420498514
9558,1.4125381374400696,0.0823909531502423,0.5341299272078012,-17.40665662597163,-10.14912802657332,-0.5830601616757519,64.682121,146,2.650000095367432,4.721561431884766,"{""type"":""MultiPoint"",""coordinates"":[]}",-19.23245148053739
9626,1.912280701754386,0.1603320227173438,0.6231310466138962,-13.288686543090208,-7.503801013935084,-0.5646758985248905,23.70526885986328,105,7.630000114440918,1.3217854499816897,"{""type"":""MultiPoint"",""coordinates"":[]}",-44.1386772494812
9676,0.957700327673518,-0.0224001525116766,0.3699654775604142,-15.005639435822644,-6.649756964388193,-0.4431505230302529,24.00680160522461,362,7.710000038146973,2.6472184658050537,"{""type"":""MultiPoint"",""coordinates"":[]}",-64.42385417351124
9714,0.898497059464169,-0.0498425453360842,0.4398436111604762,-13.115469019050582,-7.423434639451073,-0.5660060367393898,33.921409606933594,455,8.930000305175781,9.270966529846191,"{""type"":""MultiPoint"",""coordinates"":[]}",-50.82986874689466
9839,1.9329146883136772,0.2698982645122681,0.6922654964344487,-14.867512776169905,-7.734511624378717,-0.5202290215466183,21.779881,14,6.320000171661377,0.0,"{""type"":""MultiPoint"",""coordinates"":[]}",-45.08056850378111
9860,1.7703484271406404,0.1881798404641044,0.6979977753058955,-14.328654526670494,-5.616111828011637,-0.3919496989447366,35.510601,31,11.829999923706056,4.655815124511719,"{""type"":""MultiPoint"",""coordinates"":[]}",-103.06937946042005
9898,1.3755000952562393,0.0566965069334737,0.3392857142857143,-15.625968575319003,-8.155933316979155,-0.5219473773844225,21.485353469848636,166,6.340000152587891,2.999288558959961,"{""type"":""MultiPoint"",""coordinates"":[]}",-47.360024677711564
9913,0.8083275180274483,-0.0213320306139065,0.3249181860682562,-14.93061792186281,-9.016505267251594,-0.603893644217416,88.142479,515,17.299999,2.0833027362823486,"{""type"":""MultiPoint"",""coordinates"":[]}",-102.31414301066138
9950,1.389171142400929,0.1556491485075993,0.5459212778094695,-16.83459001665485,-8.367850517689998,-0.4970629227923869,20.621461868286133,160,6.809999942779541,2.977398633956909,"{""type"":""MultiPoint"",""coordinates"":[]}",-57.65849550347992
9960,1.4839344262295082,0.1995653748641796,0.6060524906266738,-16.86987274984506,-9.368983265881417,-0.5553677496451456,3.3590550422668457,24,3.069999933242798,0.0,"{""type"":""MultiPoint"",""coordinates"":[]}",-23.027730215029994
9971,2.0610614418870075,0.1713713349116736,0.6816608996539792,-16.13035832882293,-10.519635652347551,-0.6521637918948324,202.7161102294922,2331,39.439999,11.783964157104492,"{""type"":""MultiPoint"",""coordinates"":[]}",-221.28689674946622
9979,0.029103608847497,0.1875,-0.0119047619047619,-26.91103564819901,-20.008603563885423,-0.7435092363390511,7.259655952453613,279,3.839999914169312,2.9381115436553955,"{""type"":""MultiPoint"",""coordinates"":[]}",-26.505338611323683
10009,1.2428954073299798,0.0671879261751068,0.5329878134192464,-13.675353103299756,-7.508118326268811,-0.5490255549201988,12.815404891967772,256,3.440000057220459,6.661165714263916,"{""type"":""MultiPoint"",""coordinates"":[]}",-21.215287985878454
10045,0.4940315889074896,-0.106798866855524,0.3048164365106096,-25.018024225443625,-13.227510882429492,-0.5287192451023753,10.402565002441406,30,4.679999828338623,2.091670036315918,"{""type"":""MultiPoint"",""coordinates"":[]}",-55.17960042133039
10070,1.1059245960502693,-0.012532981530343,0.4922749067661161,-17.563523007668568,-10.615594157969836,-0.6044114357543681,2.5404789447784424,65,2.5799999237060547,1.854334115982056,"{""type"":""MultiPoint"",""coordinates"":[]}",-17.925655902137823
10078,1.588830376940133,0.0997086435739721,0.5529298287918978,-19.321358668909205,-13.89148783661272,-0.7189705483272295,116.096603,1009,19.07999992370605,37.05353546142578,"{""type"":""MultiPoint"",""coordinates"":[]}",-103.60193506595066
10087,0.7833669645430961,-0.0899593731863029,0.3362202288895762,-17.90174992523822,-9.265376293921122,-0.5175681892896192,13.02553939819336,635,3.700000047683716,2.8469667434692383,"{""type"":""MultiPoint"",""coordinates"":[]}",-31.95458284768765
10145,0.7906976744186046,-0.1312580691435949,0.3006692160611854,-19.754641971080165,-10.730170584753822,-0.543172111165683,44.562561,7,9.800000190734863,2.6487607955932617,"{""type"":""MultiPoint"",""coordinates"":[]}",-88.43982130727949
10164,1.450912900329243,0.204505729267819,0.5136423841059603,-17.458673615874673,-9.70286661035322,-0.5557619567119166,16.04068374633789,10,4.079999923706055,5.7365403175354,"{""type"":""MultiPoint"",""coordinates"":[]}",-31.64369199080641
10170,1.4576113036523597,0.1939370384764865,0.648,-14.68935289556629,-10.66745841290468,-0.72620342698176,2.519921064376831,77,2.690000057220459,2.0791306495666504,"{""type"":""MultiPoint"",""coordinates"":[]}",-10.818896388494384
10177,1.3173016864459712,0.1644817339625939,0.5287039358235147,-16.08309384787568,-11.1310780319814,-0.6920980588229072,10.501293182373049,318,2.0899999141693115,2.098249912261963,"{""type"":""MultiPoint"",""coordinates"":[]}",-10.34971263018412
10181,1.435756196862651,0.1832764505119453,0.5666351606805293,-15.04013757330294,-7.655769381608666,-0.5090225634104619,10.61293125152588,148,2.009999990463257,0.0,"{""type"":""MultiPoint"",""coordinates"":[]}",-14.84257999488267
10188,0.9675820362843264,0.061589781140672,0.4837670384138786,-17.111349745056984,-9.856859244711549,-0.5760421820352853,1.214100956916809,40,2.1700000762939453,2.0913240909576416,"{""type"":""MultiPoint"",""coordinates"":[]}",-15.742244939223296
10223,0.7228201386355344,0.0539971949509116,0.3846153846153846,-17.614816869534085,-9.206748776892988,-0.5226707064333225,16.21254539489746,69,4.679999828338623,2.0811097621917725,"{""type"":""MultiPoint"",""coordinates"":[]}",-39.34975723021979
10250,0.9725478702618212,0.0136869118905047,0.4437263204813906,-15.344007186237906,-9.937881542965052,-0.6476718514494944,11.288917541503906,11,2.490000009536743,0.940405011177063,"{""type"":""MultiPoint"",""coordinates"":[]}",-13.46125290330624
10299,1.7622650720039057,0.0600096015362458,0.5618677042801556,-15.796835168167414,-7.627492893043182,-0.4828494322972698,39.99805450439453,273,9.31999969482422,4.670843601226807,"{""type"":""MultiPoint"",""coordinates"":[]}",-76.13826751107246
10302,0.7383413028947504,-0.0132150448202569,0.385503355704698,-15.495287697317428,-9.50330407731046,-0.613302848126898,12.110220909118652,819,2.869999885559082,6.613440990447998,"{""type"":""MultiPoint"",""coordinates"":[]}",-17.196992303691893
10341,0.6440970459851791,-0.0876101607050285,0.3557611438183347,-13.942997080254075,-8.464043561799524,-0.6070462120218193,18.578125,390,6.289999961853027,2.0828239917755127,"{""type"":""MultiPoint"",""coordinates"":[]}",-34.462617422073635
10363,0.8082399626517274,-0.0700402144772118,0.3730137355238351,-15.021628431063789,-9.121644670382874,-0.6072340766677389,13.132986068725586,299,3.25,5.476028919219971,"{""type"":""MultiPoint"",""coordinates"":[]}",-19.17494722221297
10388,1.719255040788056,0.1870305916834585,0.6292957746478873,-16.7864543859612,-9.934512514140655,-0.5918172048559022,43.547019958496094,85,10.119999885559082,0.9445377588272096,"{""type"":""MultiPoint"",""coordinates"":[]}",-69.3416509586814
10391,1.588029537504858,0.0998968201857236,0.6064113980409617,-17.113704705331262,-10.338204488082956,-0.6040892177403527,2.5404789447784424,43,2.5799999237060547,6.464860916137695,"{""type"":""MultiPoint"",""coordinates"":[]}",-17.480790043570984
10402,0.611355673344713,-0.0222617987533392,0.292877125026899,-18.23727290174126,-11.188291890002048,-0.6134849190601195,10.8511962890625,17,2.319999933242798,1.8958895206451416,"{""type"":""MultiPoint"",""coordinates"":[]}",-16.35363547666472
10446,1.584241408214585,0.134020618556701,0.6222222222222222,-15.295511378953554,-8.092949469923699,-0.5291061717007712,63.58021545410156,414,12.3100004196167,4.997427940368652,"{""type"":""MultiPoint"",""coordinates"":[]}",-88.66354012247277
10533,0.9250339631962456,0.0179662234998203,0.4092896174863388,-17.000400982243796,-10.420725716489676,-0.6129694074494881,10.89125156402588,5,2.240000009536743,0.9463947415351868,"{""type"":""MultiPoint"",""coordinates"":[]}",-14.738472658037903
10539,0.9554853154220994,0.0265917602996254,0.384574609064405,-14.364466330642784,-7.770804524008756,-0.5409741194096298,28.37359046936035,511,8.119999885559082,3.396838665008545,"{""type"":""MultiPoint"",""coordinates"":[]}",-53.540533115283594
10551,0.9466690716690715,0.0625545533895839,0.4350048349219505,-16.25889101508622,-9.77515622606292,-0.6012191247848819,14.772969245910645,297,3.289999961853028,3.358162879943848,"{""type"":""MultiPoint"",""coordinates"":[]}",-21.331487208551806
10553,1.0625407166123777,0.0079145959874838,0.467469188879335,-17.301309637043193,-10.308394898121998,-0.59581587257713,10.924641609191896,47,2.240000009536743,2.8433997631073,"{""type"":""MultiPoint"",""coordinates"":[]}",-15.664129081873108
10614,0.5658319320092715,-0.0719558692301452,0.2970651395848246,-16.85752469391643,-8.89497098437849,-0.5276558181515535,15.074777603149414,241,4.150000095367432,3.891316175460816,"{""type"":""MultiPoint"",""coordinates"":[]}",-33.04459865395075
10635,0.1821921833676168,-0.1503283582089552,0.1210149642160052,-24.905598820752672,-16.815776133948773,-0.6751805589969181,1.1715970039367676,87,2.049999952316284,2.6430823802948,"{""type"":""MultiPoint"",""coordinates"":[]}",-16.584136122195186
10662,2.8198638505847446,0.3296977251480212,0.7654584221748401,-13.199546300351363,-7.48753938435556,-0.567257329455047,70.10655975341797,350,15.239999771118164,30.38873863220215,"{""type"":""MultiPoint"",""coordinates"":[]}",-87.05098409240141
10672,0.8398637137989778,0.0087693938517876,0.3470364634661411,-14.791006759302148,-3.127467515575568,-0.2114438568293322,28.08965492248535,201,10.710000038146973,4.210259914398193,"{""type"":""MultiPoint"",""coordinates"":[]}",-124.91650574524039
10767,0.2179238833181404,-0.0810994231421784,0.112087912087912,-21.47901765297456,-14.578252882961294,-0.6787206528014748,1.2719420194625854,7,2.1700000762939453,2.07851505279541,"{""type"":""MultiPoint"",""coordinates"":[]}",-14.974660077415354
10773,1.8677720496028984,0.2095461941782679,0.7178045515394913,-13.50312593094081,-8.182573845183823,-0.6059762670534256,3.7229549884796143,50,3.180000066757202,4.65108585357666,"{""type"":""MultiPoint"",""coordinates"":[]}",-16.919355987892388
10783,1.7791625822713906,0.2417168674698795,0.7083914134374129,-14.493610238825354,-9.010066672474355,-0.6216578563937278,18.15880584716797,907,5.150000095367432,13.350322723388672,"{""type"":""MultiPoint"",""coordinates"":[]}",-28.24024988965911
10784,0.3723794899185472,-0.1625929861849096,0.2180627504642752,-21.977802131732066,-12.249093982414756,-0.5573393512688526,1.7311409711837769,153,2.3499999046325684,0.9519377946853638,"{""type"":""MultiPoint"",""coordinates"":[]}",-22.86246322309377
10791,0.3527884842287422,-0.1179353152564521,0.2165097755249819,-18.661573635315577,-7.869756727249197,-0.4217091699253216,13.158611297607422,493,3.359999895095825,2.9898626804351807,"{""type"":""MultiPoint"",""coordinates"":[]}",-36.26050367899639
10797,1.0092055915444935,0.0094022834116856,0.4570252187339166,-17.555051204129327,-9.456219674207754,-0.5386608996038386,10.48524570465088,5,2.1700000762939453,2.080441474914551,"{""type"":""MultiPoint"",""coordinates"":[]}",-17.574465037821625
10804,2.241350906095552,0.2497490646956839,0.7316482925517612,-14.94371229421906,-7.935216617925283,-0.5310070524440572,10.845243453979492,254,2.5,3.3614394664764404,"{""type"":""MultiPoint"",""coordinates"":[]}",-17.52123919073444
10864,1.324537244603856,0.0734463276836158,0.6331904470300062,-16.45042350121008,-8.639697557137685,-0.5251960568979976,16.73980712890625,223,4.960000038146973,2.0995922088623047,"{""type"":""MultiPoint"",""coordinates"":[]}",-38.741200980554616
10903,0.8403489507076622,-0.1121339576224109,0.3832243705661427,-17.758666787444618,-11.606302772213542,-0.6535571003798101,1.261247992515564,131,2.3499999046325684,1.854334115982056,"{""type"":""MultiPoint"",""coordinates"":[]}",-14.458054849057874
10908,1.101982263954095,0.0473094980137233,0.4790249433106576,-16.526564712030755,-9.736758035711487,-0.5891580134995309,16.175527572631836,152,4.53000020980835,2.0931267738342285,"{""type"":""MultiPoint"",""coordinates"":[]}",-30.757825668284415
10911,0.3852137445887446,-0.0449236298292902,0.2428053719889149,-19.328829492078107,-11.337996168901372,-0.5865847268996933,1.157595992088318,36,2.049999952316284,2.097374677658081,"{""type"":""MultiPoint"",""coordinates"":[]}",-16.381207931479683
10935,3.0090047947608465,0.2222222222222222,0.7594451003541912,-21.04031560972356,-13.680595599129695,-0.6502086685813474,249.811508,829,15.300000190734863,31.740066528320312,"{""type"":""MultiPoint"",""coordinates"":[]}",-112.60371756584132
10969,0.4168471720818291,-0.149519045786841,0.2084737602311025,-22.292258219894027,-14.626824645834464,-0.6561392076815804,10.7025146484375,48,2.2100000381469727,1.876743197441101,"{""type"":""MultiPoint"",""coordinates"":[]}",-16.940608491084717
11002,1.7083716387037462,0.1182268816591646,0.6481128271081514,-16.84532458351663,-9.816738438961185,-0.5827574523893112,1.1715970039367676,162,2.1700000762939453,3.3946681022644043,"{""type"":""MultiPoint"",""coordinates"":[]}",-15.25203246992388
11009,1.1632825719120137,-0.0165188662841245,0.3600418957842367,-17.121095334967677,-9.362318964124473,-0.5468294394111056,11.872322082519531,8,2.880000114440918,0.9274099469184875,"{""type"":""MultiPoint"",""coordinates"":[]}",-22.345276835949917
11054,2.177729018102029,0.2109475858507616,0.6321656050955414,-16.711302384424805,-12.812920998105136,-0.7667218690296083,45.958302,4,10.90999984741211,4.151581287384033,"{""type"":""MultiPoint"",""coordinates"":[]}",-42.53134032990179
11062,1.7969451931716085,0.1886222787223899,0.540784136998648,-18.177566441848494,-11.824834269315346,-0.6505180056496531,10.79702091217041,15,2.200000047683716,2.848430633544922,"{""type"":""MultiPoint"",""coordinates"":[]}",-13.976011082494802
11107,1.6039299242424243,0.1685655857434998,0.5763504891535517,-15.52660211066742,-8.908684392182723,-0.5737690918260917,55.18384552001953,41,14.199999809265137,4.174518585205078,"{""type"":""MultiPoint"",""coordinates"":[]}",-93.97443034021508
11164,1.7375915051081972,0.3346608878997306,0.661967514557156,-17.816599201189568,-11.935195894168542,-0.669891922661181,10.632144927978516,176,2.1700000762939453,1.854334115982056,"{""type"":""MultiPoint"",""coordinates"":[]}",-12.76264562495109
11171,1.2739085997955906,0.0487444608567208,0.5041895405952037,-13.718407521868489,-9.131438562211638,-0.6656340065459659,6.617977142333984,370,4.329999923706055,15.057409286499023,"{""type"":""MultiPoint"",""coordinates"":[]}",-19.861575245356203
11178,0.9532754167644988,0.0269073569482288,0.4041811846689895,-17.68936745565305,-12.018709412461387,-0.6794312709367417,11.148091316223145,117,2.319999933242798,4.721140384674072,"{""type"":""MultiPoint"",""coordinates"":[]}",-13.155926281647389
11269,0.6196990424076607,0.0411156528011541,0.3152400835073068,-19.383861081274603,-12.070229378678276,-0.622694793780713,1.7482229471206665,38,2.390000104904175,1.319861888885498,"{""type"":""MultiPoint"",""coordinates"":[]}",-17.47958053643572
11308,1.4516567083107006,0.173461823573017,0.5816104461371056,-14.249375646016208,-6.83667803444539,-0.4797879011882717,18.102272033691406,89,5.579999923706055,0.9274099469184875,"{""type"":""MultiPoint"",""coordinates"":[]}",-41.36285210702122
11392,0.5601055601055601,-0.1129591129591129,0.3456894130862117,-16.23610057213581,-8.858140782019573,-0.5455830199291696,13.788518905639648,317,3.740000009536743,1.8942903280258176,"{""type"":""MultiPoint"",""coordinates"":[]}",-27.59356968539644
11417,1.9130620375640293,0.136292099464904,0.6907269458001541,-15.352234603334772,-9.33631840123631,-0.6081406806542873,1.8701189756393437,53,2.5,2.111515760421753,"{""type"":""MultiPoint"",""coordinates"":[]}",-15.039790505246152
11424,1.3388439046333782,0.1576626240352811,0.6241153342070773,-13.56711816511533,-7.444635999647805,-0.5487264066727114,15.92465114593506,2046,4.449999809265137,14.07489013671875,"{""type"":""MultiPoint"",""coordinates"":[]}",-27.245044468559687
11466,0.4725672452085218,-0.082510460251046,0.2876095118898623,-18.626616851494905,-12.36904982080469,-0.6640524105595695,11.552776336669922,358,2.680000066757202,1.9009257555007932,"{""type"":""MultiPoint"",""coordinates"":[]}",-16.770280059987442
11500,2.345114345114345,0.1351157365871164,0.6242390702822358,-17.49533767071604,-9.74549807545729,-0.5570340086530282,10.260313987731934,355,2.130000114440918,1.854334115982056,"{""type"":""MultiPoint"",""coordinates"":[]}",-16.507159224799896
11506,0.8271151102820147,0.0004897959183673469,0.3698932646301067,-17.527572708958626,-11.328120332700216,-0.6463028578344011,1.7482229471206665,13,2.4600000381469727,0.9274099469184875,"{""type"":""MultiPoint"",""coordinates"":[]}",-15.250653082086028
11560,0.3408372093023255,-0.0972515856236786,0.1957683265655054,-18.29481604985925,-9.054447082162431,-0.4949187276595815,14.380316734313965,28,4.03000020980835,0.9274099469184875,"{""type"":""MultiPoint"",""coordinates"":[]}",-37.23868887852474
11678,0.9980066327970648,-0.0590955064297066,0.4614035803123598,-17.685462819380636,-12.153661907756872,-0.687211979232925,5.725491046905518,108,3.859999895095825,2.0824031829833984,"{""type"":""MultiPoint"",""coordinates"":[]}",-21.352750938558717
11701,1.136987155505674,0.0591997234465474,0.490385908296356,-16.872745466551358,-10.539188052055888,-0.6246279286882412,10.392394065856934,862,2.319999933242798,2.98605751991272,"{""type"":""MultiPoint"",""coordinates"":[]}",-14.693852778818917
11726,0.7157931762223003,0.0443696002342949,0.4022534097647756,-16.9966504190377,-10.208735371238928,-0.6006321904346678,10.53866195678711,41,2.1700000762939453,1.323973298072815,"{""type"":""MultiPoint"",""coordinates"":[]}",-14.729776171600152
11736,1.3833237931692424,0.211888782358581,0.4418037781840341,-17.124662062933123,-11.001418277546982,-0.6424312630005063,10.632144927978516,16,2.200000047683716,2.1011037826538086,"{""type"":""MultiPoint"",""coordinates"":[]}",-13.471136619828526
11743,0.1131901131901132,0.0847457627118644,0.0460959548447789,-16.351999171047,-8.050315768269707,-0.4923138561873015,3.4542899131774902,60,3.180000066757202,1.854334115982056,"{""type"":""MultiPoint"",""coordinates"":[]}",-26.399353775028956
11757,0.6807891332470893,-0.116305494683873,0.3283077722900961,-16.297154616482565,-9.072764731173503,-0.5567085141351927,10.891606330871582,104,2.319999933242798,2.117703676223755,"{""type"":""MultiPoint"",""coordinates"":[]}",-16.760584051636968
11814,1.9582992641046608,0.0525375268048606,0.3445216974346679,-15.108646975609982,-6.930756910467963,-0.4587278345742238,73.57884979248047,324,13.300000190734863,3.979280948638916,"{""type"":""MultiPoint"",""coordinates"":[]}",-108.7659394261976
11815,0.4403382974811546,-0.113658795839344,0.1560430014116625,-14.474266806732803,-8.22253337687713,-0.5680794396474966,9.953887939453123,325,2.240000009536743,2.105666399002075,"{""type"":""MultiPoint"",""coordinates"":[]}",-14.003882942497883
11834,1.3216239562338037,0.0755502676977989,0.5769956002514142,-16.347840409734268,-8.481914803867372,-0.5188400786453019,17.745929718017578,443,5.449999809265137,0.9477014541625975,"{""type"":""MultiPoint"",""coordinates"":[]}",-42.869293051668336
11849,2.3418612838868675,0.152137515347695,0.7062466820031853,-8.048697482898096,-1.165912273495041,-0.1448572611869654,15.773332595825195,754,4.860000133514404,26.058364868164062,"{""type"":""MultiPoint"",""coordinates"":[]}",-33.45033703664981
11866,2.474456163480553,0.31875,0.806607574536664,-15.787813491332567,-9.31620041738505,-0.590088071568593,202.723648,1085,24.459999,15.492289543151855,"{""type"":""MultiPoint"",""coordinates"":[]}",-158.29564931714322
11911,1.794421260707226,0.0872908186341022,0.5860832137733142,-15.630560811193464,-10.526441731135968,-0.673452594458268,12.951993942260742,431,3.7699999809265137,17.817060470581055,"{""type"":""MultiPoint"",""coordinates"":[]}",-19.242528834463414
11964,1.1771238200999443,-0.0313588850174216,0.4613710554951034,-16.563592286358176,-11.015073501123906,-0.6650171841162713,11.31672477722168,47,2.390000104904175,0.9274099469184875,"{""type"":""MultiPoint"",""coordinates"":[]}",-13.26096047877269
11988,1.2099419631592228,0.1548052944561672,0.5492554410080184,-15.370348185345172,-7.796651346216308,-0.5072527474458913,11.925334930419922,321,2.799999952316284,2.081435441970825,"{""type"":""MultiPoint"",""coordinates"":[]}",-21.206350788418813
12018,2.6068759342301946,0.3599744245524297,0.8328557784145176,-15.54404863328762,-8.5680671100124,-0.5512120627095738,258.531372,1306,30.370001,13.273265838623049,"{""type"":""MultiPoint"",""coordinates"":[]}",-211.86056583784992
12087,1.0275596990513576,0.130067303177336,0.5668847281750508,-17.876805969410995,-10.503498225004472,-0.5875489303277671,8.368968963623047,57,4.380000114440918,2.649002313613892,"{""type"":""MultiPoint"",""coordinates"":[]}",-32.29508876430867
12101,1.442140256450847,0.1891531451433652,0.5343108504398827,-14.04554635522125,-7.797464400825826,-0.5551556488884621,10.834460258483888,328,2.240000009536743,2.079336166381836,"{""type"":""MultiPoint"",""coordinates"":[]}",-13.995703637432102
12173,0.543778542030783,-0.0890386661936857,0.2589609343536045,-18.770084627798106,-10.64876913825043,-0.5673266449997686,10.820918083190918,157,2.309999942779541,1.3237926959991455,"{""type"":""MultiPoint"",""coordinates"":[]}",-18.76023831614973
12201,1.577363034316677,-0.0448430493273542,0.316234158117079,-16.9177054211637,-10.462928517257064,-0.6184602614115834,3.526578903198242,88,3.0999999046325684,1.320987582206726,"{""type"":""MultiPoint"",""coordinates"":[]}",-20.009807786535074
12226,1.7287187554623318,0.131377424167081,0.6167758029310882,-16.742757108744584,-10.154261732691555,-0.6064868328877614,28.998722076416016,192,8.270000457763672,4.16309118270874,"{""type"":""MultiPoint"",""coordinates"":[]}",-54.48685977593238
12265,1.1377760148089382,0.0373865698729582,0.4955369997120645,-17.42231758957866,-10.38771258353642,-0.5962302391818375,3.013622999191284,592,3.220000028610229,5.956791400909424,"{""type"":""MultiPoint"",""coordinates"":[]}",-22.651428320717677
12351,3.167259786476868,0.3082706766917293,0.8096571028691393,-17.83247443607146,-11.871867173071916,-0.6657442418118682,130.335754,1180,22.01000022888184,24.32231712341309,"{""type"":""MultiPoint"",""coordinates"":[]}",-131.19296722289474
12366,3.3969465648854964,0.2603506703992927,0.7619701934256421,-7.413123436045737,0.2102303594831126,0.0283592147489253,99.561478,1001,17.489999771118164,56.94919967651367,"{""type"":""MultiPoint"",""coordinates"":[]}",-133.33245613895238
12371,1.774140752864157,0.1688574317492416,0.633177570093458,-14.56472520995299,-9.357215606023182,-0.6424574079591155,14.40156078338623,101,4.079999923706055,2.6352763175964355,"{""type"":""MultiPoint"",""coordinates"":[]}",-21.246638786732163
12433,2.085297418630752,0.2816742081447964,0.7222078258616221,-17.562142900826803,-12.447493481002166,-0.7087684886345023,246.66329956054688,2058,28.729999542236328,24.089019775390625,"{""type"":""MultiPoint"",""coordinates"":[]}",-146.94387549026112
12438,1.198224852071006,0.0529294274300932,0.4934010152284264,-17.131193360170556,-9.191652404073142,-0.5365447818389245,10.43195343017578,32,2.0899999141693115,4.678167343139648,"{""type"":""MultiPoint"",""coordinates"":[]}",-16.59363991678733
12522,1.457244212098581,0.0985518905872888,0.4992005116725296,-14.080518047344754,-8.706850144387854,-0.6183614917513461,17.602502822875977,10,4.940000057220459,1.3210047483444214,"{""type"":""MultiPoint"",""coordinates"":[]}",-26.545919748090828
12579,0.4536593290553164,-0.0923326133909287,0.1473420393087983,-12.580270763730557,5.224699688378021,0.4153090014120401,13.110158920288086,3,3.130000114440918,2.1164071559906006,"{""type"":""MultiPoint"",""coordinates"":[]}",-55.72955955271701
12587,0.8006026041106209,-0.0198366394399066,0.3949044585987261,-17.41747169856525,-11.35530017053381,-0.6519488228288147,10.8511962890625,87,2.2799999713897705,1.323633074760437,"{""type"":""MultiPoint"",""coordinates"":[]}",-13.821750910471565
12618,0.3811419205940395,-0.0676293966256791,0.2344891449737627,-19.199226321626405,-12.302418377107248,-0.6407767777209621,11.734950065612791,47,2.5799999237060547,3.90871262550354,"{""type"":""MultiPoint"",""coordinates"":[]}",-17.793763970674735
12619,0.702415112386418,-0.0561450897163804,0.3581225236208473,-18.20388007663772,-11.24798526324853,-0.617889439827932,1.0619250535964966,74,2.119999885559082,2.103750467300415,"{""type"":""MultiPoint"",""coordinates"":[]}",-14.746496208346095
12651,0.7092334161728159,-0.0163773337700622,0.3664197530864198,-18.820137207678243,-11.8718269689467,-0.6308044855328275,1.3916250467300415,35,2.200000047683716,1.3204036951065063,"{""type"":""MultiPoint"",""coordinates"":[]}",-15.286282856530647
12654,0.7651912978244562,0.0223385974961132,0.3894058697208303,-18.638397609350363,-12.710035029601602,-0.6819274540653287,11.017038345336914,131,2.2799999713897705,5.461134433746338,"{""type"":""MultiPoint"",""coordinates"":[]}",-13.51666651221536
12666,2.142291968877753,0.3055899595409132,0.7730192719486081,-15.115482609646731,-6.8612528834465145,-0.4539221843348652,10.756470680236816,902,2.240000009536743,4.157713890075684,"{""type"":""MultiPoint"",""coordinates"":[]}",-18.489474665406956
12700,1.1486761710794298,0.06388728044779,0.4985268120212139,-15.927185865105024,-10.443085530827505,-0.6556767541532448,4.001527786254883,22,3.25,2.0785858631134038,"{""type"":""MultiPoint"",""coordinates"":[]}",-17.823326086401938
12708,1.4393211655459497,0.0579971181556195,0.5238927738927739,-17.3361084057632,-9.757533056575914,-0.5628444878281985,10.986907958984377,6,2.3399999141693115,0.9274099469184875,"{""type"":""MultiPoint"",""coordinates"":[]}",-17.733865666623906
12777,1.0866676509670752,0.119910514541387,0.4766839378238341,-12.413872965720312,-6.712851942595971,-0.5407540387381803,25.55587577819824,245,8.149999618530273,19.13677024841309,"{""type"":""MultiPoint"",""coordinates"":[]}",-46.463319163696454
12779,1.317799847211612,0.2224806201550387,0.558553696708041,-14.586955007477243,-8.660221145533676,-0.5936962951551207,13.102042198181152,186,4.449999809265137,2.934279680252075,"{""type"":""MultiPoint"",""coordinates"":[]}",-26.373964555214105
12793,2.742537313432836,0.4367924528301887,0.8773209549071618,-18.54198546697347,-12.679558470023576,-0.6838295981090102,105.400581,1917,17.260000228881836,20.40498352050781,"{""type"":""MultiPoint"",""coordinates"":[]}",-101.1854913091582
12799,1.44364161849711,0.2061550601696587,0.5513245033112583,-17.21225934627744,-9.700198302725932,-0.5635633363160909,52.22117614746094,278,11.109999656677246,23.91399955749512,"{""type"":""MultiPoint"",""coordinates"":[]}",-83.45899561479575
12858,1.8597509910111103,0.2258948971820259,0.7643414410279945,-14.662550120627866,-8.787414173594794,-0.59931008598786,52.670169830322266,46,11.010000228881836,1.3254495859146118,"{""type"":""MultiPoint"",""coordinates"":[]}",-64.68524812154604
12869,1.085258704848682,0.1336880041187575,0.4867428849428363,-16.104385865513656,-9.880206544264304,-0.6135102963113938,10.40312385559082,75,2.359999895095825,0.9274099469184875,"{""type"":""MultiPoint"",""coordinates"":[]}",-14.689062545206076
12874,2.7318970676241774,0.4317697228144989,0.8500931098696461,-14.849235663585084,-8.215776525986163,-0.5532794220603412,138.389252,1663,20.07999992370605,22.181493759155277,"{""type"":""MultiPoint"",""coordinates"":[]}",-133.19985897689355
12886,2.161167512690356,0.2234771696109663,0.744426635582107,-13.789142928316206,-7.581999031716544,-0.549852813269982,79.052948,1305,16.59000015258789,16.3437557220459,"{""type"":""MultiPoint"",""coordinates"":[]}",-102.97651819172339
12933,0.7727779153255756,0.0287170440066647,0.3378433229603572,-17.993962550269345,-8.836598555410706,-0.4910868593131775,65.55656433105469,316,14.710000038146973,5.715639591217041,"{""type"":""MultiPoint"",""coordinates"":[]}",-134.7048247136963
12947,2.2669172932330826,0.3209849640444541,0.7696234843650287,-16.41292483028195,-9.808090794114063,-0.5975833616210852,71.676102,362,13.199999809265137,13.452771186828612,"{""type"":""MultiPoint"",""coordinates"":[]}",-87.18380801764397
12969,1.3009805314764813,0.1394526159002048,0.4799475753604194,-16.191403369118152,-9.846300196537207,-0.6081190105681047,9.202975273132324,44,4.75,2.0787956714630127,"{""type"":""MultiPoint"",""coordinates"":[]}",-30.139240069759488
12992,2.536671724835609,0.146092865232163,0.5265091863517061,-16.865349910579525,-10.900134360457232,-0.6463034812944881,12.713040351867676,4,2.880000114440918,0.0,"{""type"":""MultiPoint"",""coordinates"":[]}",-17.179821467016946
12998,1.7428241504453976,0.0284734133790737,0.6011379800853485,-16.27796193667811,-9.931584288005014,-0.6101245553122224,10.536203384399414,649,2.4600000381469727,4.804819107055664,"{""type"":""MultiPoint"",""coordinates"":[]}",-15.612089257830911
13019,0.7495133030499677,0.0207190737355271,0.3400630914826498,-18.20575249141487,-10.634387987306727,-0.5841224081411353,10.594127655029297,7,2.059999942779541,0.9274099469184875,"{""type"":""MultiPoint"",""coordinates"":[]}",-15.597010445225822
13064,1.3227858424400587,0.2818823529411765,0.483890214797136,-17.718475005024334,-10.824977420752989,-0.6109429517880859,10.834460258483888,26,2.319999933242798,0.9274099469184875,"{""type"":""MultiPoint"",""coordinates"":[]}",-15.99291393531891
13082,2.109504132231405,0.1835236541598695,0.6494910941475827,-14.066347184330295,-7.359039357999855,-0.5231663388912877,52.81904983520508,69,14.609999656677246,7.039527893066406,"{""type"":""MultiPoint"",""coordinates"":[]}",-97.99376503991634
13136,1.281290115532734,0.0984476321477696,0.4676427525622255,-13.168385761400012,-6.973409459843008,-0.5295568937753857,15.580556869506836,48,5.0,2.933554410934448,"{""type"":""MultiPoint"",""coordinates"":[]}",-30.97488150778502
13190,0.8256697321071571,-0.0135787567893783,0.3946488294314381,-15.063550874500912,-9.721165650687723,-0.6453435668440831,12.188941955566406,5,2.950000047683716,0.0,"{""type"":""MultiPoint"",""coordinates"":[]}",-15.760036664993684
13208,0.5561401662632852,-0.1496825927163381,0.2941831338714166,-17.687797769834567,-11.434495687890095,-0.6464623712167782,10.924168586730955,856,2.200000047683716,7.479804992675781,"{""type"":""MultiPoint"",""coordinates"":[]}",-13.757264878458518
13277,2.1506334125098974,0.1641852346236779,0.6614916286149163,-10.64068277945968,-4.314534154687934,-0.4054753105709087,120.27753448486328,439,19.93000030517578,29.587791442871094,"{""type"":""MultiPoint"",""coordinates"":[]}",-126.08014402228827
13302,0.629962029685882,-0.0450746677627072,0.2897975387058356,-17.05739463497341,-10.150425539584187,-0.5950747905411294,10.391690254211426,13,2.059999942779541,2.0789794921875,"{""type"":""MultiPoint"",""coordinates"":[]}",-14.228355941281855
13362,0.8163771712158808,-0.0754042066103877,0.3791196128140124,-17.045222204001465,-10.646211752570682,-0.6245862696979932,1.7999659776687622,140,2.490000009536743,1.328182578086853,"{""type"":""MultiPoint"",""coordinates"":[]}",-15.933536085088368
13363,1.894327452096376,0.2676124068285646,0.6427421950434503,-14.58402061133416,-7.255185738841911,-0.4974750058432755,106.384377,305,22.549999,0.9470680356025696,"{""type"":""MultiPoint"",""coordinates"":[]}",-165.26521904586536
13373,1.6465289982425309,0.1088372093023255,0.5344028520499109,-2.6423700966477117,4.863255967478914,1.8404900863996183,44.977341,734,9.880000114440918,44.00434494018555,"{""type"":""MultiPoint"",""coordinates"":[]}",-74.1555863725218
13382,0.7949031301915883,-0.0070178555565425,0.3898948448320082,-17.497123213953472,-10.638292059248514,-0.6080023515388386,2.279659986495972,92,2.680000066757202,1.854334115982056,"{""type"":""MultiPoint"",""coordinates"":[]}",-18.381667952485667
13390,2.1709657540276432,0.2726290775545474,0.7682242990654206,-14.593032729784245,-8.697782842187202,-0.5960229791327136,15.063880920410156,848,4.03000020980835,6.729055404663086,"{""type"":""MultiPoint"",""coordinates"":[]}",-23.75785828388873
13420,1.1897625995740988,0.0160817234752705,0.474744295830055,-13.194519464303506,-5.189908125664576,-0.3933381689045493,25.76520347595215,1784,6.809999942779541,3.960609674453736,"{""type"":""MultiPoint"",""coordinates"":[]}",-54.511402758103586
13432,0.6293123408196342,-0.0145547945205479,0.3517080745341615,-16.82434211357919,-10.283404334659147,-0.611221780039723,11.110000610351562,135,2.430000066757202,2.0809996128082275,"{""type"":""MultiPoint"",""coordinates"":[]}",-15.894479239430405
13435,0.9027862270349192,0.0010800196367206,0.4665199622760138,-15.122263495615558,-10.427808165617265,-0.6895666226580848,16.749059677124023,236,5.130000114440918,3.878953456878662,"{""type"":""MultiPoint"",""coordinates"":[]}",-24.08255638012902
13450,1.076650420912716,0.0345270595792516,0.4790537210448496,-15.76337621833422,-8.438617660260247,-0.5353306007151805,1.6803940534591677,72,2.3499999046325684,0.9274099469184875,"{""type"":""MultiPoint"",""coordinates"":[]}",-17.213181912930423
13465,1.59909642135299,0.161665665412464,0.6898615147888528,-13.359508809597036,-8.004763325181091,-0.5991809608621786,65.17879486083984,62,12.81999969482422,0.9274099469184875,"{""type"":""MultiPoint"",""coordinates"":[]}",-68.6478354760738
13541,1.020364068492411,0.00510694989268,0.4550710672127198,-15.714247534322434,-11.166754749872949,-0.7106133924314839,2.8152449131011963,49,2.7100000381469727,0.9274099469184875,"{""type"":""MultiPoint"",""coordinates"":[]}",-12.323705619331188
13547,2.1102875112309074,0.2499377024669823,0.6920810313075506,-15.383399449776537,-7.785446752182353,-0.5060940384211011,31.466537475585938,450,10.619999885559082,2.7802884578704834,"{""type"":""MultiPoint"",""coordinates"":[]}",-80.69025677893354
13575,2.1069368436621803,0.2680635838150289,0.8100653966448678,-14.448340315683708,-7.744614704054392,-0.5360210608859756,26.354811,7,8.1899995803833,4.816253662109375,"{""type"":""MultiPoint"",""coordinates"":[]}",-54.90350994624889
13577,1.4480013269198873,0.1015054955204581,0.4762684124386252,-15.908484751336552,-9.478332097172078,-0.5958035755967115,10.301837921142578,186,2.0199999809265137,2.648258686065674,"{""type"":""MultiPoint"",""coordinates"":[]}",-12.988908238766808
13632,0.4081718264955113,-0.141744823924969,0.2665023281292796,-16.78142841891023,-10.835444261280747,-0.6456806888423621,4.699281215667725,252,2.950000047683716,1.329142451286316,"{""type"":""MultiPoint"",""coordinates"":[]}",-17.540653548533598
13644,1.1480220683178777,0.0810463809982346,0.4717800289435601,-17.866242338875907,-10.936413080564703,-0.6121272102510165,15.125618934631348,26,4.21999979019165,0.9274099469184875,"{""type"":""MultiPoint"",""coordinates"":[]}",-29.243878016137238
13650,0.7866635026103465,0.058232090490155,0.3868144690781797,-18.683517721474097,-10.65357680015854,-0.5702125776835772,10.53833293914795,172,2.0899999141693115,3.3556058406829834,"{""type"":""MultiPoint"",""coordinates"":[]}",-16.782575836334157
13656,2.0074307588381,0.1382978723404255,0.6112444292080905,-11.428755120786214,-4.861634779473808,-0.4253862059422061,47.121632,932,14.170000076293944,22.4228572845459,"{""type"":""MultiPoint"",""coordinates"":[]}",-93.05609573742831
13699,1.2108682811577085,0.043010752688172,0.5360878661087866,-16.812064739115034,-8.466316537460356,-0.5035857682466914,10.74297046661377,33,2.309999942779541,5.96964693069458,"{""type"":""MultiPoint"",""coordinates"":[]}",-19.278677868274762
13706,2.8201844262295084,0.3679389312977099,0.8259564891222806,-16.890608756381898,-10.532492910839473,-0.6235709477824418,77.256821,913,13.779999732971191,3.951382875442505,"{""type"":""MultiPoint"",""coordinates"":[]}",-87.61483465377452
13724,0.9791506779227424,-0.0212842067608656,0.4284914637559474,-16.5715761934473,-12.205945168107505,-0.7365590952617986,11.31655979156494,304,2.470000028610229,6.692699432373047,"{""type"":""MultiPoint"",""coordinates"":[]}",-10.783108757490997
13753,1.2724044639837673,0.1253863134657836,0.4746136865342163,-16.343382038040424,-9.96650003946793,-0.6098187031466417,10.98717975616455,178,2.4600000381469727,1.8900163173675537,"{""type"":""MultiPoint"",""coordinates"":[]}",-15.68712995974708
13782,0.5522545987302621,-0.0823336072308956,0.3369754159423889,-18.09514481665745,-10.940560684493056,-0.6046130492651126,0.9703500270843506,278,2.200000047683716,4.7508978843688965,"{""type"":""MultiPoint"",""coordinates"":[]}",-15.740085431918821
13803,0.8489949748743719,-0.0330266928065148,0.396922354046752,-19.02454974622469,-11.556325381068271,-0.6074427797357757,14.48409652709961,197,3.180000066757202,0.9274099469184875,"{""type"":""MultiPoint"",""coordinates"":[]}",-23.748953979755175
13804,0.7599147396977135,-0.0374918597078798,0.3376381116372506,-17.46040377646696,-11.987091817071004,-0.6865300465288863,11.000234603881836,167,2.319999933242798,1.3237082958221436,"{""type"":""MultiPoint"",""coordinates"":[]}",-12.698083380415628
13855,1.1169208424110384,0.0199296600234466,0.4860935524652339,-15.365388958695863,-8.197254858936665,-0.5334882755634718,14.755444526672363,542,3.930000066757202,2.995729446411133,"{""type"":""MultiPoint"",""coordinates"":[]}",-28.17076749057823
13859,0.9103743018483664,-0.0267107457359351,0.3911631144552355,-14.691835533061884,-8.501789874108328,-0.5786744518733729,101.738693,436,15.729999542236328,2.9957470893859863,"{""type"":""MultiPoint"",""coordinates"":[]}",-97.36941538176141
13864,0.9243325319498924,0.039829853054911,0.4170710819297745,-15.42743440489276,-8.517370498558638,-0.5520924785690472,21.550785064697266,346,5.96999979019165,0.9274099469184875,"{""type"":""MultiPoint"",""coordinates"":[]}",-41.2530800710256
13867,0.9606568938592516,0.1227507571708533,0.5034318901795143,-15.778145623578157,-9.081989848336304,-0.5756056551262009,1.4378809928894043,450,2.3499999046325684,0.9476213455200196,"{""type"":""MultiPoint"",""coordinates"":[]}",-15.735965433223175
13868,2.019012733298448,0.2747440273037542,0.7365574292077632,-13.689697257791238,-4.528768454053342,-0.3308158222035098,109.609039,34,17.809999,4.627367496490479,"{""type"":""MultiPoint"",""coordinates"":[]}",-163.15613283364314
13883,1.9943270735524257,0.187042842215256,0.6225954198473282,-14.504504776181276,-7.066452336051508,-0.4871901829875472,47.09621047973633,493,13.880000114440918,1.3239483833312988,"{""type"":""MultiPoint"",""coordinates"":[]}",-103.24016872021873
13903,2.009720062208398,0.3109235947802831,0.6225460676863784,-19.420923671536148,-12.534426842294533,-0.6454083778036439,23.951562881469727,120,3.440000057220459,4.999223232269287,"{""type"":""MultiPoint"",""coordinates"":[]}",-23.689549486639667
13911,1.8370244179443496,0.0401766004415011,0.422875816993464,-14.620175179218396,-8.459036656634456,-0.5785865458478509,15.171757698059082,220,3.130000114440918,2.9380667209625244,"{""type"":""MultiPoint"",""coordinates"":[]}",-19.28436428077408
13916,1.10710185337051,0.0485125858123569,0.4470198675496689,-16.647811561295644,-8.761400343409926,-0.5262794038214147,11.84762954711914,318,2.7100000381469727,0.0,"{""type"":""MultiPoint"",""coordinates"":[]}",-21.372174701313007
13953,0.8633921719109747,-0.0171540597941512,0.3960271561478501,-15.909987645859475,-6.896389870430565,-0.4334629305777826,11.090070724487305,866,2.609999895095825,5.29611873626709,"{""type"":""MultiPoint"",""coordinates"":[]}",-23.525489248305416
13964,1.4737793851717904,0.0416415208207604,0.4135203700940158,-13.214854621940846,-6.916357503017672,-0.5233774945608805,46.329559,31,13.630000114440918,4.836524486541748,"{""type"":""MultiPoint"",""coordinates"":[]}",-85.84851645172866
13970,0.3877230604273569,-0.1431053546043279,0.2492307692307692,-18.51198054777172,-11.695237694320038,-0.6317658807030126,11.258264541625977,180,2.759999990463257,0.9456596970558168,"{""type"":""MultiPoint"",""coordinates"":[]}",-18.814210210517118
14021,1.693524541691307,0.1199449320254689,0.6525206493876389,-14.756995583308688,-9.0421632104596,-0.6127374071106311,10.672468185424805,14,2.200000047683716,1.854334115982056,"{""type"":""MultiPoint"",""coordinates"":[]}",-12.572631492772436
14126,0.9881656804733728,0.0116527162317413,0.4150099403578529,-16.325075967116526,-10.400032029710644,-0.6370587218497082,10.503331184387209,368,2.049999952316284,0.9496360421180724,"{""type"":""MultiPoint"",""coordinates"":[]}",-12.146339789153945
14185,1.5011334655709831,0.1300779647107099,0.6678222502363693,-16.602257122904362,-9.360718371119248,-0.5638220334634658,6.131971836090088,102,3.2100000381469727,1.3212717771530151,"{""type"":""MultiPoint"",""coordinates"":[]}",-23.245339669472997
14197,2.041818181818182,0.2159634171689877,0.6881127450980392,-14.071490316268436,-8.915664489832725,-0.6335977419197084,12.296582221984863,83,2.9200000762939453,2.0906195640563965,"{""type"":""MultiPoint"",""coordinates"":[]}",-15.05501180655057
14208,2.324573931257736,0.2809855382967327,0.7079889807162535,-18.350373692577783,-12.631924364792956,-0.6883742302153888,100.254478,371,16.229999542236328,31.682601928710938,"{""type"":""MultiPoint"",""coordinates"":[]}",-92.81042997224937
14233,0.8339793281653747,0.0126582278481012,0.3973530317020621,-16.279065418793806,-9.479570442696634,-0.5823166256063256,15.822834968566896,468,4.409999847412109,2.0830676555633545,"{""type"":""MultiPoint"",""coordinates"":[]}",-29.985771807067934
14242,0.7374922443454228,-0.0601328903654485,0.3484343770819453,-20.99304604538069,-13.024043129773291,-0.6203979690045552,10.943279266357422,203,2.390000104904175,2.977482795715332,"{""type"":""MultiPoint"",""coordinates"":[]}",-19.04591780428336
14253,0.9952391747902968,0.0422170422170422,0.4462515883100381,-17.63323091025299,-8.210578267018048,-0.4656309617226153,27.884695053100582,168,9.470000267028809,2.934081554412842,"{""type"":""MultiPoint"",""coordinates"":[]}",-89.23252304755461
14271,1.3749170537491706,0.0696870136607297,0.5701706108970831,-18.80631034270991,-12.151088517071551,-0.6461176219918017,22.438343048095703,93,4.135000228881836,2.638385772705078,"{""type"":""MultiPoint"",""coordinates"":[]}",-27.519343772274002
14281,1.094063126252505,0.0714558654948414,0.5062300782381919,-16.24023698095919,-10.016399472518644,-0.6167643664475054,13.71418285369873,898,5.429999828338623,5.6267266273498535,"{""type"":""MultiPoint"",""coordinates"":[]}",-33.795436602439636
14307,0.7076183555977866,-0.0368972026771923,0.3277245663991716,-16.480015756550355,-11.55795308260889,-0.7013314339833031,14.648454666137695,170,4.039999961853027,0.0,"{""type"":""MultiPoint"",""coordinates"":[]}",-19.885133014961728
14315,1.087260256573098,0.0676609676245907,0.4692982456140351,-16.454419966846526,-9.039723776761203,-0.549379667893189,37.19049453735352,123,12.170000076293944,0.937332570552826,"{""type"":""MultiPoint"",""coordinates"":[]}",-90.2368531990348
14378,2.57716049382716,0.2633910592025775,0.7413435927789287,-12.981346208120035,-7.1981230735175625,-0.5544974271632185,42.711307525634766,237,10.890000343322754,0.0,"{""type"":""MultiPoint"",""coordinates"":[]}",-62.97930192133302
14391,1.7403939296092994,0.1816907051282051,0.6777742848160956,-13.667987113798883,-8.038998867573113,-0.588162602191593,10.748456954956056,36,2.4100000858306885,1.329809069633484,"{""type"":""MultiPoint"",""coordinates"":[]}",-13.565862156544043
14411,1.6037087912087913,0.0917498174738379,0.5341212352268395,-15.024854427220337,-9.107776819145384,-0.6061807029986886,3.013622999191284,137,2.9200000762939453,2.11550521850586,"{""type"":""MultiPoint"",""coordinates"":[]}",-17.277867067016057
14425,1.4944181326116373,0.2001849283402681,0.5860696517412936,-15.099526561012109,-7.380471511792203,-0.4887882730607613,26.046314239501957,697,8.270000457763672,3.9053056240081783,"{""type"":""MultiPoint"",""coordinates"":[]}",-63.8365887905516
14447,1.961722488038277,0.2388897802021498,0.7365269461077845,-15.21489964178458,-8.36135149996582,-0.5495502235849847,18.05586624145508,683,5.460000038146973,10.747262001037598,"{""type"":""MultiPoint"",""coordinates"":[]}",-37.42037311577254
14475,0.6073264781491003,-0.0399201596806387,0.2693074950128242,-15.59174295731888,-7.528795742700552,-0.4828706940147753,12.174114227294922,385,4.300000190734863,9.396517753601074,"{""type"":""MultiPoint"",""coordinates"":[]}",-34.67067456074395
14482,2.0268574297188757,0.1879854997410668,0.593531789783168,-14.818288926775187,-8.955463413220286,-0.6043520582891757,1.4378809928894043,144,2.3499999046325684,0.9274099469184875,"{""type"":""MultiPoint"",""coordinates"":[]}",-13.777639397731406
14525,0.5032187156539488,-0.0703673469387755,0.3151425762045231,-19.87132179300468,-11.516213473071684,-0.5795393780561565,10.7025146484375,117,2.1700000762939453,0.0,"{""type"":""MultiPoint"",""coordinates"":[]}",-18.130585691698776
14548,0.5622576475657044,-0.0973671911512696,0.3223018029142998,-17.143569123666857,-9.793019256730268,-0.5712357319579918,16.13554573059082,342,4.590000152587891,0.9474347233772278,"{""type"":""MultiPoint"",""coordinates"":[]}",-33.73902501084385
14580,1.14684253530991,0.0366633030608812,0.5261044176706827,-15.970174379531477,-8.774113518877844,-0.5494062438118007,12.85939121246338,10,3.2100000381469727,1.3241753578186035,"{""type"":""MultiPoint"",""coordinates"":[]}",-23.0993556372061
14586,1.5085638998682476,0.1823781967519133,0.6425364758698092,-13.175862055369969,-5.438929740089893,-0.41279498200827,21.69898223876953,27,7.369999885559082,0.9444944858551024,"{""type"":""MultiPoint"",""coordinates"":[]}",-57.02119027819252
14623,2.2092736465655443,0.0926439587262842,0.6037068239258635,-13.208631403757307,-6.790336487841787,-0.5140832748130301,44.117981,743,11.06999969482422,22.177515029907227,"{""type"":""MultiPoint"",""coordinates"":[]}",-71.05052276047665
14630,1.1168136861801656,0.174942704354469,0.5602038079914186,-14.47899079569832,-8.286106437666085,-0.5722848059360512,2.0144050121307373,11,2.8399999141693115,1.8755309581756592,"{""type"":""MultiPoint"",""coordinates"":[]}",-17.587791045272017
14683,1.5275446360445597,0.0712004508735675,0.6070345664038811,-14.28902725550092,-7.468235024696038,-0.5226552438565021,15.361623764038086,138,6.210000038146973,1.854334115982056,"{""type"":""MultiPoint"",""coordinates"":[]}",-42.3571200134909
14695,1.9307353150334232,0.1884488448844884,0.6809631301730624,-15.208525459927422,-8.08460020610289,-0.531583435054556,1.02217698097229,152,2.0899999141693115,3.367621421813965,"{""type"":""MultiPoint"",""coordinates"":[]}",-14.889003169041864
14713,1.3377838519764509,-0.0731397074411702,0.481187370013235,-16.816329133272497,-11.052695087297268,-0.6572596789526792,11.071769714355469,89,2.319999933242798,0.0,"{""type"":""MultiPoint"",""coordinates"":[]}",-13.371630601898447
14733,2.248623291862125,0.2141047297297297,0.7517899761336515,-14.41793058898682,-9.191934196454064,-0.6375349180467932,11.029232025146484,38,5.090000152587891,2.8105084896087646,"{""type"":""MultiPoint"",""coordinates"":[]}",-26.6003224354155
14769,1.1696447640065497,0.1398715576357897,0.5155318481330404,-17.028516800717032,-9.676589200461462,-0.5682579001862337,10.594127655029297,85,2.0899999141693115,1.87764310836792,"{""type"":""MultiPoint"",""coordinates"":[]}",-15.365528053513133
14802,0.3151690123902322,-0.1330835640983873,0.247053276756247,-16.44256924392116,-9.947200308241792,-0.60496630183992,8.40453815460205,112,2.240000009536743,2.077516794204712,"{""type"":""MultiPoint"",""coordinates"":[]}",-14.549626477866449
14809,1.87016914977036,0.135959618127949,0.6447190577331531,-19.81071756752889,-14.584603694003532,-0.736197648787275,140.014664,1005,24.940001,16.87354278564453,"{""type"":""MultiPoint"",""coordinates"":[]}",-130.3392852318363
14822,1.8188854489164088,0.1173589341692789,0.6053947567813305,-15.377621577648204,-8.64183896715234,-0.5619750052708731,12.74616813659668,159,3.200000047683716,3.788881301879883,"{""type"":""MultiPoint"",""coordinates"":[]}",-21.55450467477391
14844,1.6697851697851698,0.1732049036777583,0.6120919598628223,-15.690513474090492,-6.920648046989221,-0.4410721203239895,24.326494216918945,44,8.989999771118164,3.824193000793457,"{""type"":""MultiPoint"",""coordinates"":[]}",-78.84108818237753
14895,1.0164915781442572,0.0254130671810785,0.4429667519181585,-16.578293415946515,-10.391474293473804,-0.6268120627831533,10.796686172485352,290,2.130000114440918,3.361493825912476,"{""type"":""MultiPoint"",""coordinates"":[]}",-13.177925438892133
14900,1.1661143330571664,0.0541252442858356,0.4206724782067247,-16.132638236205516,-4.65328350408859,-0.288439090740007,56.036072,16,10.630000114440918,0.9514141082763672,"{""type"":""MultiPoint"",""coordinates"":[]}",-122.02554211611081
14930,1.3022839845899836,0.0635326179526486,0.504396482813749,-17.76434792797461,-11.064336706513965,-0.6228394507568877,11.055465698242188,311,2.390000104904175,2.8260321617126465,"{""type"":""MultiPoint"",""coordinates"":[]}",-16.013027522150097
14954,0.6501626677511184,-0.0863330406789581,0.3011537555921827,-17.945748196732538,-10.244719274503968,-0.5708716717851458,10.765577793121338,8,2.049999952316284,2.1016011238098145,"{""type"":""MultiPoint"",""coordinates"":[]}",-15.787108923354893
14964,1.9248844989644731,0.3537902277344167,0.6579986385296119,-16.618834997071264,-9.6916265939251,-0.5831712388764347,10.946303367614746,78,2.3499999046325684,1.9011671543121336,"{""type"":""MultiPoint"",""coordinates"":[]}",-16.278939086763412
14968,1.3303391667957256,0.1112883925009972,0.5113095238095238,-17.792461459293563,-10.456091115948803,-0.5876697352904625,22.731077671051025,123,2.3499999046325684,2.7802884578704834,"{""type"":""MultiPoint"",""coordinates"":[]}",-17.240469607209388
14970,0.6312667702301934,0.0223720502604964,0.1827473426001635,-17.824187025118007,1.9291269723017117,0.1082308533670101,11.836969375610352,200,2.880000114440918,4.205366611480713,"{""type"":""MultiPoint"",""coordinates"":[]}",-56.88954657315618
14973,0.8439806146051327,-0.0763039014373716,0.4300547214816893,-17.026731732086922,-10.657672850901978,-0.6259376736885779,12.881929397583008,882,3.140000104904175,3.396089792251587,"{""type"":""MultiPoint"",""coordinates"":[]}",-19.998845555061592
15002,2.3972545757071546,0.2767750801649106,0.7701456635039423,-12.78445321534591,-7.058262432130065,-0.5520973258095724,20.716798782348636,865,6.400000095367432,19.4997501373291,"{""type"":""MultiPoint"",""coordinates"":[]}",-36.647621558673514
15038,1.395888594164456,0.132890365448505,0.6304282719377059,-14.734523906188493,-8.734344462041287,-0.5927809081345932,51.617352,13,13.449999809265137,1.3238614797592163,"{""type"":""MultiPoint"",""coordinates"":[]}",-80.70241237933651
15041,0.9477733737467942,0.2121750722061764,0.4785167745732784,-17.784203471893708,-10.627408670622172,-0.597575746781002,10.525580406188965,7,2.2300000190734863,2.105623722076416,"{""type"":""MultiPoint"",""coordinates"":[]}",-15.959652543340553
15051,0.5986335107650751,-0.0013131976362442,0.3583828775267538,-18.37991080447245,-10.011453062504437,-0.5446954106038595,12.145974159240724,656,2.990000009536743,4.698720932006836,"{""type"":""MultiPoint"",""coordinates"":[]}",-25.021688728292187
15079,1.0958013010053222,0.1213850837138508,0.5199214365881033,-16.342517396349518,-10.257123194988647,-0.6276342222086185,17.199995040893555,237,5.050000190734863,0.9274099469184875,"{""type"":""MultiPoint"",""coordinates"":[]}",-30.731241877569225
15101,0.6443741527338455,-0.0749185667752443,0.302503182011031,-17.835800578964015,-10.209900373940284,-0.5724385809730399,10.796299934387209,12,2.200000047683716,0.9274099469184875,"{""type"":""MultiPoint"",""coordinates"":[]}",-16.776980814683466
15111,1.9951403887688983,0.2088271352676747,0.603922636883683,-13.62845485572172,-7.429302929861116,-0.5451317121795378,7.2942328453063965,100,3.630000114440918,4.194360256195068,"{""type"":""MultiPoint"",""coordinates"":[]}",-22.502922200310632
15175,2.805880713489409,0.0868143164190262,0.5785088349375089,-16.604130599730794,-9.98445037014353,-0.6013232858036789,18.152769,229,5.610000133514404,1.3245196342468262,"{""type"":""MultiPoint"",""coordinates"":[]}",-37.13640697180721
15203,1.6974023398770577,0.0775104118463674,0.6502088872009115,-12.990178090920496,-7.082411761127291,-0.5452128301518478,23.20627784729004,749,7.590000152587891,9.613791465759276,"{""type"":""MultiPoint"",""coordinates"":[]}",-44.839947344584026
15210,0.9820721077654516,0.0661516175760502,0.484012692213815,-14.67489748819856,-9.32301880660987,-0.6353038455026598,16.749059677124023,41,4.710000038146973,2.653033494949341,"{""type"":""MultiPoint"",""coordinates"":[]}",-25.2073487944407
15222,0.909463095098842,0.0311939763356041,0.4201567144015131,-17.986495065450498,-10.838424119610668,-0.6025867785897733,35.57551193237305,715,11.529999732971191,11.926268577575684,"{""type"":""MultiPoint"",""coordinates"":[]}",-82.41725609679237
15280,0.1263221214095944,-0.1170568561872909,0.0766423357664233,-27.05981977915413,-16.589546585967557,-0.613069367104489,10.286048889160156,28,2.049999952316284,2.8324263095855717,"{""type"":""MultiPoint"",""coordinates"":[]}",-21.46405954677094
15305,0.878742918802266,-0.0610729534063486,0.3842524329106458,-18.04680196776781,-10.317872229777622,-0.5717285671004584,20.950586318969727,345,6.784999847412109,2.082476854324341,"{""type"":""MultiPoint"",""coordinates"":[]}",-52.440787092922335
15308,2.0127729707457767,0.2072487644151565,0.7864233968339147,-13.717826699540511,-7.113867436147005,-0.518585603387546,11.854148864746094,26,2.690000057220459,1.3225483894348145,"{""type"":""MultiPoint"",""coordinates"":[]}",-17.764650796410113
15309,2.4490966446802407,0.0597863150716071,0.6519083969465649,-14.899762942378104,-9.31407301543354,-0.6251155170356656,71.44076538085938,1754,16.700001,28.320951461791992,"{""type"":""MultiPoint"",""coordinates"":[]}",-93.28102736566414
15312,0.9000488162069807,0.0768638027355037,0.4073460370063518,-18.822610356951365,-12.45217530886636,-0.6615541135221796,11.54534912109375,71,2.569999933242798,3.353973627090454,"{""type"":""MultiPoint"",""coordinates"":[]}",-16.37201764830604
15339,1.6043000164122765,0.1349254949989793,0.5883238037917544,-16.395606686097786,-9.415207497414924,-0.5742518515888952,7.398453235626221,125,4.409999847412109,3.7767298221588135,"{""type"":""MultiPoint"",""coordinates"":[]}",-30.783559356967032
15354,1.3546875,0.0888630190143577,0.4920544835414301,-17.323604717434822,-11.305403018767382,-0.6526010725348287,10.43195343017578,177,2.0899999141693115,0.946186363697052,"{""type"":""MultiPoint"",""coordinates"":[]}",-12.578041033668555
15367,0.5446704790475297,-0.059426557744674,0.2813559322033898,-19.69595083606401,-12.411353829139014,-0.6301474822131139,11.510930061340332,52,2.569999933242798,2.961667060852051,"{""type"":""MultiPoint"",""coordinates"":[]}",-18.72141382149793
15409,1.016260162601626,-0.0473435541413557,0.3977354163680665,-16.876020205551754,-11.333819486937852,-0.6715931451189737,10.962432861328123,228,2.430000066757202,2.644700765609741,"{""type"":""MultiPoint"",""coordinates"":[]}",-13.467548116213596
15427,1.8975237674110104,0.1939834024896265,0.6638947979114291,-16.329696937857733,-8.773227409538567,-0.5372559847818899,46.6265754699707,255,15.329999923706056,0.9421170949935912,"{""type"":""MultiPoint"",""coordinates"":[]}",-115.84067729261996
15451,0.6981352573548093,-0.0230414746543778,0.3781998348472337,-16.65821877434785,-11.563403990401122,-0.6941560887774939,10.578492164611816,303,2.1700000762939453,1.854334115982056,"{""type"":""MultiPoint"",""coordinates"":[]}",-11.055748469867924
15460,0.741904761904762,-0.0922322417339028,0.4032091097308488,-15.476723948180313,-9.68615609162112,-0.6258531278358801,1.1715970039367676,211,2.240000009536743,2.7802884578704834,"{""type"":""MultiPoint"",""coordinates"":[]}",-12.97087205391575
15514,1.1715057393652937,0.128698224852071,0.5225903614457831,-17.68928240063113,-10.77540938102792,-0.6091490393439288,2.902590036392212,98,2.680000066757202,2.9348244667053223,"{""type"":""MultiPoint"",""coordinates"":[]}",-18.529180154087417
15529,2.5955967555040558,0.3072925998924923,0.835820895522388,-15.010342633816904,-9.017996036744446,-0.6007854888287321,274.29248046875,283,17.614999771118164,27.78923988342285,"{""type"":""MultiPoint"",""coordinates"":[]}",-105.55518393589206
15530,0.4918032786885246,-0.0777720550364211,0.3062629043358568,-19.48348471471114,-12.366509113581465,-0.634717520744328,1.0619250535964966,109,2.009999990463257,2.825079917907715,"{""type"":""MultiPoint"",""coordinates"":[]}",-14.305120890397877
15548,1.593794076163611,0.3169579593764761,0.5311398354876615,-25.40399563267424,-18.40968327250929,-0.7246766823102044,10.233229637145996,9,2.0199999809265137,0.9274099469184875,"{""type"":""MultiPoint"",""coordinates"":[]}",-14.128510834127272
15568,0.7302838716587788,-0.0805848645371746,0.360142897851667,-16.10393197744888,-8.654198360336956,-0.5373966042861986,23.643629,515,8.899999618530273,4.700127124786377,"{""type"":""MultiPoint"",""coordinates"":[]}",-66.30262635044828
15575,0.6457513441605233,-0.0865003086147606,0.3071447403110994,-16.455366547672718,-9.654734661680536,-0.5867225524092627,10.850878715515137,87,2.200000047683716,3.704791784286499,"{""type"":""MultiPoint"",""coordinates"":[]}",-14.961390473462199
15591,2.0638629283489096,0.1813471502590673,0.7628094415659182,-12.144674163424629,-8.035713121140208,-0.6616656003288153,1.1715970039367676,43,2.0199999809265137,0.9401907324790956,"{""type"":""MultiPoint"",""coordinates"":[]}",-8.300101227042317
15619,1.2174979857906687,0.0353802591310814,0.4267924770524424,-20.5513339300514,-13.480100711403388,-0.6559233944270632,26.119787216186523,575,7.820000171661377,32.95759963989258,"{""type"":""MultiPoint"",""coordinates"":[]}",-55.297044983685076
15647,1.704422088731273,0.2147239263803681,0.6153645152861249,-15.72780704399319,-9.180221259627762,-0.5836936601491369,13.829306602478027,10,2.950000047683716,0.9441869258880616,"{""type"":""MultiPoint"",""coordinates"":[]}",-19.315378376091232
15655,1.304790535298681,0.0098456030431863,0.4569536423841059,-13.881292156865044,-7.767349723157539,-0.5595552370328988,11.24436092376709,595,2.539999961853028,7.481190681457519,"{""type"":""MultiPoint"",""coordinates"":[]}",-15.529413548388671
15677,-0.4685714285714285,0.1657638136511376,0.0837589376915219,-19.60864474649848,-12.780487519921031,-0.6517782174723342,10.608392715454102,176,2.0899999141693115,0.0,"{""type"":""MultiPoint"",""coordinates"":[]}",-14.270848017481434
15731,1.924351585014409,0.3469633193024654,0.7143621289114737,-19.473069964481297,-12.22231042175678,-0.6276519544196248,10.695635795593262,38,2.165000081062317,3.351034641265869,"{""type"":""MultiPoint"",""coordinates"":[]}",-15.697894997761946
15749,1.4836564313004104,0.0314603224291751,0.5315589353612167,-15.381887782087569,-8.516601475618183,-0.55367725966223,10.501293182373049,321,2.130000114440918,0.9274099469184875,"{""type"":""MultiPoint"",""coordinates"":[]}",-14.62306061844946
15766,1.889952153110048,0.1481813295108403,0.6316515026192445,-15.708407694456785,-9.676525826240317,-0.616009338085552,11.769843101501465,511,2.650000095367432,1.8998724222183228,"{""type"":""MultiPoint"",""coordinates"":[]}",-15.984487526018725
15798,1.5274625510667272,0.038269550748752,0.5,-16.434153990559476,-10.110726999594132,-0.6152264975369096,1.1160930395126345,150,2.059999942779541,3.7780611515045166,"{""type"":""MultiPoint"",""coordinates"":[]}",-13.026259239559216
15860,1.3075726141078838,0.061895830327514,0.5416845724108293,-18.678164131097216,-10.910760038707924,-0.5841452062487573,10.756470680236816,334,2.240000009536743,2.08052134513855,"{""type"":""MultiPoint"",""coordinates"":[]}",-17.398985241027752
15896,0.6712785037150909,-0.0229057591623036,0.4108729743857815,-17.86739566533892,-10.6321462592489,-0.5950585333415027,15.629175186157228,286,4.630000114440918,0.0,"{""type"":""MultiPoint"",""coordinates"":[]}",-33.49920557820537
15911,1.018693668632469,-0.0025445292620865,0.5079056865464633,-15.349579118050931,-9.82824924304846,-0.6402943798954428,30.41003799438477,42,10.81999969482422,2.7802884578704834,"{""type"":""MultiPoint"",""coordinates"":[]}",-59.7407875625506
15939,1.2616259042369962,0.0360110803324099,0.4237778420595892,-15.246538137555808,-6.915281632558558,-0.453564053043923,11.16457748413086,123,5.4049999713897705,2.9367501735687256,"{""type"":""MultiPoint"",""coordinates"":[]}",-45.03044117115097
15975,0.7571836044791886,-0.0713641950020483,0.3854012636107004,-17.722279956254674,-11.730239695169812,-0.6618922466028357,12.775288581848145,313,3.140000104904175,1.854334115982056,"{""type"":""MultiPoint"",""coordinates"":[]}",-18.815007048396506
15984,1.734277742004722,0.1763766959297685,0.6061515378844711,-15.22331207589067,-10.515014938351658,-0.6907179519103734,2.2214550971984863,99,2.4600000381469727,2.6410374641418457,"{""type"":""MultiPoint"",""coordinates"":[]}",-11.58241113795325
15995,1.2306431043905994,-0.0218769167859333,0.4532036229453203,-15.330796424404284,-8.669636130528616,-0.5655046150588681,9.358772277832031,359,4.150000095367432,1.9026570320129397,"{""type"":""MultiPoint"",""coordinates"":[]}",-27.64381585484177
16030,2.4538031800601634,0.2379857438491607,0.7572944297082228,-15.067513337712462,-9.20625605613273,-0.6110003588376061,18.41013240814209,999,5.310000061988831,5.294388771057129,"{""type"":""MultiPoint"",""coordinates"":[]}",-31.12327652852086
16036,1.2667083073079324,0.095264017419706,0.5658482142857143,-14.770423193974104,-9.31627118555644,-0.630738270881582,12.731422424316406,245,3.0299999713897705,1.3225839138031006,"{""type"":""MultiPoint"",""coordinates"":[]}",-16.52608042946098
16068,0.4406528189910979,-0.0914893617021276,0.2865873271148279,-18.21033219239881,-11.115633707314256,-0.6104025774968588,10.232799530029297,437,2.0199999809265137,2.7802884578704834,"{""type"":""MultiPoint"",""coordinates"":[]}",-14.331290804550163
16079,1.2174979857906687,0.0353802591310814,0.4267924770524424,-20.5513339300514,-13.480100711403388,-0.6559233944270632,26.119787216186523,575,7.820000171661377,32.95759963989258,"{""type"":""MultiPoint"",""coordinates"":[]}",-55.297044983685076
16085,1.0506950122649223,0.0573770491803278,0.4256376283537595,-15.748587072821149,-8.025722077243435,-0.5096153731209446,10.68643569946289,488,2.2699999809265137,2.0827343463897705,"{""type"":""MultiPoint"",""coordinates"":[]}",-17.53090339265945
16153,0.3423511767420396,-0.0178695110126056,0.2136044628396617,-20.589264162621348,-14.500244590774994,-0.7042623998724235,2.378324031829834,80,2.539999961853028,2.8203437328338623,"{""type"":""MultiPoint"",""coordinates"":[]}",-15.466109480212078
16210,0.5784962991819245,-0.0790242064613356,0.2036199095022624,-16.344430921584227,-4.542434905701722,-0.2779194287947368,2.2214550971984863,102,2.569999933242798,2.639921903610229,"{""type"":""MultiPoint"",""coordinates"":[]}",-30.331128972949806
16350,0.7139912039582188,-0.052994257588187,0.2487431170696672,-16.104182005848912,-8.700043974424492,-0.5402350750422905,68.80765533447266,103,11.270000457763672,2.936215877532959,"{""type"":""MultiPoint"",""coordinates"":[]}",-83.44463900349862
16358,0.5746525963849127,-0.1530815109343936,0.2611585944919278,-22.16647211888703,-11.442303199241188,-0.516198659753878,10.729120254516602,1,2.309999942779541,2.935343742370605,"{""type"":""MultiPoint"",""coordinates"":[]}",-24.772829590740024
16376,2.5127334465195243,0.2460561360376972,0.6883720930232559,-16.956535713304966,-10.642602188716694,-0.6276401246491619,1.331117033958435,81,2.2799999713897705,4.998064994812012,"{""type"":""MultiPoint"",""coordinates"":[]}",-14.395768255418172
16396,1.878401004604437,0.1001122334455667,0.608887381275441,-11.944803971591512,-5.387488029651303,-0.4510319334217989,77.06464385986328,319,14.800000190734863,25.403430938720703,"{""type"":""MultiPoint"",""coordinates"":[]}",-97.04827719142385
16413,1.3030108316504498,-0.0425337529184854,0.5029229406554473,-14.98966816187686,-10.015460311736147,-0.668157573841989,10.907950401306152,30,2.200000047683716,1.3289594650268557,"{""type"":""MultiPoint"",""coordinates"":[]}",-10.943257507498283
16445,2.148382559774965,0.3498609823911028,0.766624843161857,-14.21604597316928,-7.569558200804884,-0.532465793589253,298.913208,83,43.22999954223633,5.2594313621521,"{""type"":""MultiPoint"",""coordinates"":[]}",-287.3276633567922
16497,2.4025974025974026,0.1876580677794638,0.7070063694267515,-16.058392624744975,-10.838307947269184,-0.6749310594491276,23.74571228027344,497,3.595000028610229,12.802227973937988,"{""type"":""MultiPoint"",""coordinates"":[]}",-18.766204564873288
16515,1.11963589076723,0.0239531276925728,0.4433573635427394,-17.84478011410622,-10.79725217799687,-0.6050650167138619,10.286048889160156,190,2.049999952316284,1.8817235231399536,"{""type"":""MultiPoint"",""coordinates"":[]}",-14.447431932971849
16526,1.3070621329516854,0.1219862227324913,0.5530959590686019,-15.82235219555091,-7.182862709312899,-0.4539693353136615,18.392611,12,5.230000019073486,0.0,"{""type"":""MultiPoint"",""coordinates"":[]}",-45.184530177809975
16527,1.835423197492163,0.1352899069434502,0.623867874267448,-15.320161591017037,-6.649897901342564,-0.4340618642848862,11.206177711486816,292,2.390000104904175,5.93266487121582,"{""type"":""MultiPoint"",""coordinates"":[]}",-20.721931127868846
16528,0.4747060216241812,-0.1139588100686498,0.2729748127978216,-17.047605512245557,-10.084576411254162,-0.5915538345845847,10.193696022033691,933,2.059999942779541,3.908427000045776,"{""type"":""MultiPoint"",""coordinates"":[]}",-14.343839549614554
16531,0.8269959963564726,0.0135220021820345,0.3851617995264404,-18.981628789760904,-11.156004775799582,-0.5877264221823455,3.599605083465576,41,3.2799999713897705,0.0,"{""type"":""MultiPoint"",""coordinates"":[]}",-25.66804654190024
16533,0.9773078906652914,0.044524006242541,0.4750034814092744,-18.62679787023947,-11.58413635425515,-0.6219070199265668,1.923604965209961,78,2.4600000381469727,0.0,"{""type"":""MultiPoint"",""coordinates"":[]}",-17.324947597977644
16567,2.157754603949412,0.2091893085928871,0.6304700162074555,-16.547025572395214,-10.748134635101623,-0.649550856622373,10.86717128753662,144,2.240000009536743,2.936943292617798,"{""type"":""MultiPoint"",""coordinates"":[]}",-12.989515754840175
16587,1.8425760286225403,0.1826771653543307,0.6338461538461538,-13.913561292713744,-8.144132625769085,-0.5853377474273253,10.664331436157228,32,2.130000114440918,0.9274099469184875,"{""type"":""MultiPoint"",""coordinates"":[]}",-12.288883720850837
16594,1.7065238186340157,0.0692805481537875,0.503954802259887,-13.142889392217462,-6.039522821558973,-0.4595277827671033,2.2992279529571533,85,2.950000047683716,1.3245280981063845,"{""type"":""MultiPoint"",""coordinates"":[]}",-20.954931722157458
16644,0.6852088661551576,-0.0405430196294257,0.3488876831253391,-16.79170180559119,-10.143880303887514,-0.6041007886710965,11.035928726196287,440,2.240000009536743,1.895444750785828,"{""type"":""MultiPoint"",""coordinates"":[]}",-14.891120227214806
16673,0.7378041399346326,-0.0164156371636486,0.3019568986871439,-20.487845584896224,-11.035749715760732,-0.5386486182762116,10.592205047607422,112,2.130000114440918,0.939639687538147,"{""type"":""MultiPoint"",""coordinates"":[]}",-20.132965282965127
16707,2.370114942528736,0.1727681438664097,0.6621708413615928,-12.550902090788638,-6.820160635639182,-0.5434000350177727,62.48060607910156,454,12.6899995803833,35.498046875,"{""type"":""MultiPoint"",""coordinates"":[]}",-72.72310666113178
16714,0.6528950542822678,-0.079136690647482,0.3507966513637591,-16.23168972047814,-9.074840220354064,-0.5590816715098436,10.352882385253906,861,2.200000047683716,1.854334115982056,"{""type"":""MultiPoint"",""coordinates"":[]}",-15.745069241538147
16773,1.912001719136134,0.060615813753889,0.6519509067594798,-13.055898483065208,-6.7742571539608,-0.5188656424333937,41.202782,956,10.029999732971191,10.305895805358888,"{""type"":""MultiPoint"",""coordinates"":[]}",-63.00486085353801
16799,1.0098843208602617,0.2012866751145335,0.5330371219721943,-15.298198387839603,-8.152891209653777,-0.5329314604871666,71.48595428466797,19,12.84000015258789,0.9382665157318116,"{""type"":""MultiPoint"",""coordinates"":[]}",-91.74574525819335
16801,2.2035465622280244,0.1115745568300312,0.5565324907267482,-13.995097213200587,-6.808304143419084,-0.4864778028835191,21.995180130004883,99,6.099999904632568,2.9977543354034424,"{""type"":""MultiPoint"",""coordinates"":[]}",-43.83943704028117
16823,0.7180208040483553,-0.0919838056680162,0.3092758537176072,-18.85682347909644,-10.846351826988135,-0.5751950660731252,19.925413131713867,360,6.960000038146973,2.646806240081787,"{""type"":""MultiPoint"",""coordinates"":[]}",-55.75288300424905
16828,1.0013198944084474,0.1151750253994643,0.4479334406870638,-16.79117047998153,-9.01545480560553,-0.5369163999825846,11.586797714233398,9,5.590000152587891,5.435762405395508,"{""type"":""MultiPoint"",""coordinates"":[]}",-43.46625180624189
16852,0.729431721798134,-0.0705933304460805,0.3322601416613007,-16.68956375274837,-9.194788340950216,-0.5509304183841267,10.53866195678711,11,2.1700000762939453,2.9832842350006104,"{""type"":""MultiPoint"",""coordinates"":[]}",-16.263663215407977
16872,1.1778987023859355,0.0702125516268762,0.4264928766292816,-14.974218615069388,-5.112561236083778,-0.3414242417256232,52.00261688232422,248,11.199999809265137,3.9638867378234863,"{""type"":""MultiPoint"",""coordinates"":[]}",-110.45056076367696
16948,0.2956492524777423,-0.1294452347083926,0.183180682764363,-21.72258802975473,-14.008226639474948,-0.6448691389942598,1.102426052093506,9,2.0899999141693115,1.854334115982056,"{""type"":""MultiPoint"",""coordinates"":[]}",-16.12301464355579
16953,2.1979630808402293,0.201699716713881,0.7421018697614442,-14.69057240259116,-9.390629279563758,-0.6392282766264039,88.806839,2273,17.860001,3.3567726612091064,"{""type"":""MultiPoint"",""coordinates"":[]}",-94.65698947721253
16968,1.8053185437997723,0.2237623762376237,0.6797858099062918,-16.349924528570924,-7.877113977514412,-0.4817828953124174,34.256473541259766,17,10.619999885559082,3.822319507598877,"{""type"":""MultiPoint"",""coordinates"":[]}",-89.98124708258393
16987,1.6347404944340034,0.3927570820794853,0.5714466203411245,-19.02031209420055,-10.951854013522585,-0.5757978081159822,1.0619250535964966,107,2.0199999809265137,3.704791784286499,"{""type"":""MultiPoint"",""coordinates"":[]}",-16.29828516907586
17029,-2.055555555555556,0.0154639175257731,0.1978609625668449,-28.235778060217424,-22.29511528572736,-0.7896051328275556,1.0619250535964966,92,2.0199999809265137,0.9274099469184875,"{""type"":""MultiPoint"",""coordinates"":[]}",-12.00013869116078
17031,1.328698339127076,0.1998813760379596,0.5379202501954652,-15.214175799686018,-8.779521922750943,-0.5770619479059872,1.1715970039367676,6,2.3499999046325684,3.8215060234069824,"{""type"":""MultiPoint"",""coordinates"":[]}",-15.121435997141011
17069,2.252338690333413,0.1026139554979477,0.6645435244161358,-13.79000776935526,-8.322517151366304,-0.6035179450631605,16.94841766357422,383,5.010000228881836,1.854334115982056,"{""type"":""MultiPoint"",""coordinates"":[]}",-27.39212924753396
17071,1.7175442578302316,0.0970158269904554,0.5659001682557487,-15.56744519580435,-7.349895298764038,-0.4721324023510897,49.677872,359,10.630000114440918,0.0,"{""type"":""MultiPoint"",""coordinates"":[]}",-87.35255634596247
17085,0.5573311043367096,0.0209288751771866,0.2412472065552836,-19.945748874228137,-12.182551373172243,-0.6107843556033785,10.834460258483888,130,2.2799999713897705,2.079085350036621,"{""type"":""MultiPoint"",""coordinates"":[]}",-17.700090080300576
17093,1.6436759277248882,0.0884120171673819,0.6,-13.713582559107058,-7.32728721375561,-0.5343087542714816,1.6636450290679932,93,2.640000104904175,3.8230273723602295,"{""type"":""MultiPoint"",""coordinates"":[]}",-16.859820381676865
17139,2.146378597839484,0.2846014492753623,0.7662741037918985,-13.44949576776934,-8.214075894113709,-0.6107348584619876,34.12119674682617,208,12.170000076293944,1.3217837810516355,"{""type"":""MultiPoint"",""coordinates"":[]}",-63.715060261819865
17160,1.9247293349372745,0.215126374686475,0.5854678515420805,-16.970277388377532,-9.140823871161318,-0.5386372692659469,11.24436092376709,106,2.539999961853028,0.9274099469184875,"{""type"":""MultiPoint"",""coordinates"":[]}",-19.88681163505924
17166,0.9642629227823868,0.067748631817324,0.4245574599606631,-15.706982676102548,-9.893966827192433,-0.6299088138834996,30.923377990722656,58,8.850000381469727,2.0808098316192627,"{""type"":""MultiPoint"",""coordinates"":[]}",-51.44519248034409
17257,1.2258402068201404,0.11185191683481,0.4990602681368249,-16.51222301616267,-9.321071863498403,-0.564495274462721,14.273072242736816,163,3.7699999809265137,0.0,"{""type"":""MultiPoint"",""coordinates"":[]}",-27.110639708383967
17380,0.9130918656414406,0.0038454815591679,0.497108234646103,-15.736436564083252,-9.90626674101186,-0.6295114335873131,2.6866989135742188,88,2.7300000190734863,1.8870779275894165,"{""type"":""MultiPoint"",""coordinates"":[]}",-15.916363728186564
17388,2.153164556962025,0.0057097853908249,0.5709969788519638,-14.512310378361652,-8.051923540127056,-0.554834022302386,12.779205322265623,307,3.240000009536743,2.108485221862793,"{""type"":""MultiPoint"",""coordinates"":[]}",-20.93165341749114
17414,0.8824955551963796,-0.0368249423367533,0.4186046511627907,-16.94844798800453,-10.172723921040918,-0.6002156615308248,10.43195343017578,567,2.130000114440918,4.743069648742676,"{""type"":""MultiPoint"",""coordinates"":[]}",-14.43229303805258
17432,1.4068154402895057,-0.016628627323117,0.5140495867768595,-18.020266649439748,-11.323828925037304,-0.6283940823588958,10.720717430114746,7,2.130000114440918,1.324593186378479,"{""type"":""MultiPoint"",""coordinates"":[]}",-14.263413119323685
17443,0.5182885063244898,-0.0962156814246846,0.3080054274084124,-18.14082671306584,-11.762948934581924,-0.6484240834575481,3.172523021697998,15,2.990000009536743,1.854334115982056,"{""type"":""MultiPoint"",""coordinates"":[]}",-19.069854618491096
17469,2.3063072332544503,0.2679322496305559,0.7490392648287385,-11.19386242032524,-4.671251310421617,-0.4173046920730238,113.69400024414062,776,21.739999771118164,25.29370880126953,"{""type"":""MultiPoint"",""coordinates"":[]}",-141.80156403639756
17480,1.5520321572130416,0.1557491831336549,0.6553512494106554,-15.21104476604561,-8.441666011003992,-0.5549695067525962,1.3916250467300415,52,2.200000047683716,2.651536464691162,"{""type"":""MultiPoint"",""coordinates"":[]}",-14.892633583880693
17483,0.6688988661441291,0.0587146257603808,0.3097251585623679,-16.127039957134944,-9.290203989441022,-0.5760638042774141,10.610540390014648,289,2.0899999141693115,3.888234615325928,"{""type"":""MultiPoint"",""coordinates"":[]}",-14.288986585669958
17520,1.1425190638969234,0.0469665554854412,0.4858820240424937,-16.441188383399147,-10.958169891160896,-0.6665071669773873,11.435397148132324,99,2.3499999046325684,0.0,"{""type"":""MultiPoint"",""coordinates"":[]}",-12.8850929338585
17521,1.6556950398040415,0.1126999059266227,0.6153627311522049,-15.87357593031098,-8.515754927309619,-0.536473631694329,23.729570388793945,236,6.889999866485596,3.355602264404297,"{""type"":""MultiPoint"",""coordinates"":[]}",-50.69538572830429
17532,0.7737827715355805,-0.0380777520555599,0.3857836424747914,-17.609094643270645,-11.014994608728472,-0.6255287300041786,19.09617805480957,15,5.690000057220459,4.162009239196777,"{""type"":""MultiPoint"",""coordinates"":[]}",-37.520429573862394
17544,1.8256253374122728,0.1128696376509787,0.7057391304347826,-14.768035818417983,-8.401615711122872,-0.56890542618029,36.255901,35,8.15999984741211,4.698861598968506,"{""type"":""MultiPoint"",""coordinates"":[]}",-51.949987104089494
17550,0.280058651026393,-0.0710362504577078,0.1367868226306994,-19.368071219012823,-11.5701183526021,-0.5973810309642087,11.247275352478027,411,2.390000104904175,0.0,"{""type"":""MultiPoint"",""coordinates"":[]}",-18.63710816875944
17571,1.8476197707083744,0.1240323413039738,0.6611873386768102,-15.266872957331154,-9.54024759499568,-0.6248986037716684,15.02730655670166,69,4.150000095367432,5.09882926940918,"{""type"":""MultiPoint"",""coordinates"":[]}",-23.765495799825768
17573,2.511939959062998,0.2657471264367816,0.7819469026548672,-13.91936719499286,-7.552670269099917,-0.5426015538850645,213.477676,962,28.31999969482422,23.623432159423828,"{""type"":""MultiPoint"",""coordinates"":[]}",-180.30485499832645
17608,0.943649781341108,-0.0501112128745257,0.4436235142948924,-17.909126727048516,-11.299540240061026,-0.6309375332631435,2.0144050121307373,154,2.390000104904175,2.111551523208618,"{""type"":""MultiPoint"",""coordinates"":[]}",-15.796912397273319
17751,1.2269772481040089,0.0743771594835424,0.4997242140099283,-16.890943650696357,-10.434724432591729,-0.6177703654917787,1.075342059135437,42,2.0199999809265137,1.3208261728286743,"{""type"":""MultiPoint"",""coordinates"":[]}",-13.041562697428741
17755,1.0579948023526191,0.0223681510363225,0.4931463181383487,-16.2239394675983,-9.897063741940173,-0.6100283942569023,10.959919929504396,283,2.240000009536743,2.984800100326538,"{""type"":""MultiPoint"",""coordinates"":[]}",-14.172201685811993
17763,0.6849590768817926,-0.0211524434719183,0.275424871864041,-14.778461422658022,-8.67267898423178,-0.5868458654928052,1.0090949535369873,94,2.049999952316284,3.3801498413085938,"{""type"":""MultiPoint"",""coordinates"":[]}",-12.516853707627403
17770,1.4986473017229105,0.1716177861873226,0.5669270131968759,-17.807696415148477,-9.251429050720477,-0.5195185741627177,10.431589126586914,122,2.0899999141693115,0.9274099469184875,"{""type"":""MultiPoint"",""coordinates"":[]}",-17.882598057264204
17826,2.829449152542373,0.343840729987557,0.7835142270460546,-14.06223370560931,-7.123772097154925,-0.5065889421474563,35.30125427246094,245,3.974999904632568,7.476790428161621,"{""type"":""MultiPoint"",""coordinates"":[]}",-27.58038423190292
17861,1.6930488644184447,0.208337227778297,0.6704824202780049,-15.817992783692334,-8.925327935524802,-0.5642516125513996,11.167852401733398,129,2.390000104904175,1.3209437131881714,"{""type"":""MultiPoint"",""coordinates"":[]}",-16.473469710189722
17946,0.8308152442032559,-0.0737715892355067,0.3936162442480461,-18.48837418426998,-10.508243250449524,-0.5683703253577591,10.392394065856934,430,2.130000114440918,11.67873477935791,"{""type"":""MultiPoint"",""coordinates"":[]}",-16.997679802291078
17971,1.204167972422438,0.0568421052631578,0.4982171799027552,-18.13572773814731,-11.842544315696422,-0.6529952636411943,86.59585571289062,659,17.75,18.679767608642575,"{""type"":""MultiPoint"",""coordinates"":[]}",-111.70400574850325
17976,0.6268355359765052,-0.0593365519389503,0.3197565543071161,-21.06530528791813,-14.184186417958324,-0.6733435012733269,10.484898567199709,89,2.059999942779541,4.150518894195557,"{""type"":""MultiPoint"",""coordinates"":[]}",-14.175104478376417
18004,0.729568572430726,0.0129823296069239,0.315310763011622,-17.220355028964725,-9.581959054825893,-0.5564321431648179,10.688675880432127,97,2.1600000858306885,2.7802884578704834,"{""type"":""MultiPoint"",""coordinates"":[]}",-16.498935959748664
18063,1.1329505300353355,0.1789686552072801,0.2727272727272727,-20.17258048798615,-15.876766359191803,-0.7870468713037119,2.0885369777679443,1,2.5,2.079908847808838,"{""type"":""MultiPoint"",""coordinates"":[]}",-10.739535321985866
18090,0.7026658270361041,-0.0180112002421674,0.2805363503037921,-12.348952661487846,-3.437806621508715,-0.27838851728941,11.43056869506836,512,2.539999961853028,0.9500855207443236,"{""type"":""MultiPoint"",""coordinates"":[]}",-22.634310601613755
18113,0.8667548112237402,-0.0236339572698052,0.3420289855072463,-19.602478833059628,-11.867920574265328,-0.605429582418426,10.561167240142822,126,2.0199999809265137,2.9342610836029053,"{""type"":""MultiPoint"",""coordinates"":[]}",-15.623807535239495
18117,0.6678759894459103,-0.0777239274816011,0.3425429940795038,-15.261190358880404,-8.405846696490126,-0.5507988891311358,11.872322082519531,660,2.690000057220459,11.399179458618164,"{""type"":""MultiPoint"",""coordinates"":[]}",-18.440874844095756
18125,1.878673383711167,0.1506136110078096,0.662668443654672,-14.805490508554184,-7.594693980484505,-0.5129646988795482,46.680321,18,13.0,0.0,"{""type"":""MultiPoint"",""coordinates"":[]}",-93.74035486490584
18160,2.00548795036984,0.0500233754090696,0.6374668183541904,-14.0968398395587,-8.818874936745809,-0.6255923339639704,17.62150764465332,559,5.5,5.0961198806762695,"{""type"":""MultiPoint"",""coordinates"":[]}",-29.028806965470896
18228,0.9961685823754788,-0.0064809949203012,0.4558904109589041,-16.129815564493185,-9.259436462492248,-0.5740571815883121,14.826400756835938,568,3.809999942779541,3.3647468090057373,"{""type"":""MultiPoint"",""coordinates"":[]}",-26.176143985497326
18276,2.2341526520051747,0.2363893471600282,0.5977847005884389,-17.50741566161008,-8.741807167925852,-0.4993202501666032,50.95990753173828,474,16.129999,0.9274099469184875,"{""type"":""MultiPoint"",""coordinates"":[]}",-141.38925623751808
18317,0.9214158142555608,0.0155661991105029,0.4365944351839979,-17.443559748690664,-9.408723061764608,-0.5393809060373035,10.29963207244873,212,2.0899999141693115,2.105595827102661,"{""type"":""MultiPoint"",""coordinates"":[]}",-16.792807986039893
18327,1.9702026221692488,0.1941896024464831,0.6124490552056318,-15.278468883821244,-8.980716909097886,-0.5878021533039737,43.769832611083984,366,17.25,2.110389471054077,"{""type"":""MultiPoint"",""coordinates"":[]}",-108.63622156397793
18335,1.794629211847755,0.2281623776730699,0.6704730831973899,-15.692643533888548,-8.744826866275773,-0.55725645251491,2.163994073867798,147,2.7699999809265137,1.321968674659729,"{""type"":""MultiPoint"",""coordinates"":[]}",-19.245452036768302
18348,1.0803632095867564,0.0215417482641979,0.509170305676856,-18.5462436432681,-11.741244962059822,-0.6330794088495462,10.727860927581789,214,2.0899999737739563,3.961655855178833,"{""type"":""MultiPoint"",""coordinates"":[]}",-14.222447065257105
18358,0.6111343658434492,-0.0960292875246409,0.3341725795376516,-19.092928238024257,-11.728385154714394,-0.6142790151673482,10.66676139831543,216,2.0899999141693115,3.822421789169312,"{""type"":""MultiPoint"",""coordinates"":[]}",-15.39189441201381
18388,0.5607776116214485,-0.0102156640181611,0.3738428673154522,-15.852417489862736,-9.779282837101215,-0.6168953627012945,9.954383850097656,82,2.450000047683716,0.9274099469184875,"{""type"":""MultiPoint"",""coordinates"":[]}",-14.879180188855353
18437,1.242311072056239,0.0205776173285198,0.488834461893099,-14.568209366452209,-9.604049299820437,-0.6592470672433305,10.487942695617676,152,2.1600000858306885,0.0,"{""type"":""MultiPoint"",""coordinates"":[]}",-10.722586170001904
18466,1.5405831363278173,0.0879015195229852,0.5820184578743673,-15.254114968249372,-9.413445804977089,-0.6171086178759418,14.702485084533691,411,4.110000133514404,4.18951940536499,"{""type"":""MultiPoint"",""coordinates"":[]}",-24.005151040862547
18482,1.0508038585209003,0.038771305487919,0.485731272294887,-15.815336149538863,-8.015926907402271,-0.5068451806277918,11.622564315795898,19,2.619999885559082,0.9274099469184875,"{""type"":""MultiPoint"",""coordinates"":[]}",-20.43445132182632
18516,0.7458937968426088,-0.0056581298391899,0.4162402669632925,-15.740187896568436,-10.099047811257057,-0.6416091013410823,18.65365600585937,12,5.989999771118164,3.375105142593384,"{""type"":""MultiPoint"",""coordinates"":[]}",-33.79042781986066
18554,1.0636409032902403,0.0095122136823681,0.4651783547682601,-14.633118030048662,-9.454303578338314,-0.6460894772340515,10.905495643615724,48,2.240000009536743,2.08432674407959,"{""type"":""MultiPoint"",""coordinates"":[]}",-11.600544421220203
18564,0.3942212681863095,-0.1258489812225329,0.2363636363636363,-20.381099623064785,-14.710410079386556,-0.7217672427614824,2.358426094055176,50,2.720000028610229,2.640589952468872,"{""type"":""MultiPoint"",""coordinates"":[]}",-15.42427572104451
18576,0.7678625112736748,-0.0444923715951753,0.3667584061266004,-18.17498316824303,-10.347168824515393,-0.5693083029972154,10.848238945007324,168,2.2799999713897705,2.0810210704803467,"{""type"":""MultiPoint"",""coordinates"":[]}",-17.84741647974345
18603,1.8438606044105637,0.2045099739809193,0.7594617325483599,-16.060148373147204,-8.900715601149257,-0.5542112933421823,10.591894149780272,19,2.1700000762939453,2.6457841396331787,"{""type"":""MultiPoint"",""coordinates"":[]}",-15.535969661456917
18665,1.4752784983976803,0.1227832154278515,0.5805434619426513,-19.272563545207795,-10.741709080855395,-0.557357564584415,2.8152449131011963,115,2.720000028610229,1.3220237493515017,"{""type"":""MultiPoint"",""coordinates"":[]}",-23.203924387108227
18738,1.3878210056896818,0.0932790224032586,0.5600372323921812,-14.92268987925324,-8.41559785768435,-0.5639464416790173,60.41357421875,256,11.079999923706056,2.10117506980896,"{""type"":""MultiPoint"",""coordinates"":[]}",-72.09857910253157
18870,0.7527975584944049,-0.07047896558004,0.3396442914515203,-16.6125152956339,-7.859163370713822,-0.473086900499611,11.530778884887695,736,2.5,2.082769632339477,"{""type"":""MultiPoint"",""coordinates"":[]}",-21.8833798123002
18877,0.3812290896284557,0.0908517350157728,0.1492588762495691,-24.8759881505813,-14.043229329642855,-0.5645295071148638,1.0090949535369873,12,2.0899999141693115,2.095217227935791,"{""type"":""MultiPoint"",""coordinates"":[]}",-22.6404650059782
18901,1.8827947845804989,0.2345326310150879,0.7053358109901778,-14.744475466763696,-9.097406585621192,-0.6170044235298935,5.362435817718506,1014,3.660000085830689,19.46749496459961,"{""type"":""MultiPoint"",""coordinates"":[]}",-20.668272589673375
18941,1.38994737797133,0.0200277612532222,0.4597839135654262,-16.925079276312115,-11.108802020469138,-0.6563515502120406,11.22292709350586,17,2.390000104904175,1.8858423233032229,"{""type"":""MultiPoint"",""coordinates"":[]}",-13.90090325161648
18969,2.3711071763357983,0.3985929160601649,0.712408073853857,-18.52087352906396,-11.63420172487556,-0.6281670087870608,10.392067909240724,176,2.0899999141693115,5.625953674316406,"{""type"":""MultiPoint"",""coordinates"":[]}",-14.393143479665971
18980,1.2790371188439438,0.0270932607215792,0.4452335961425685,-16.295728552131038,-9.3802405757964,-0.5756257258329036,1.3916250467300415,143,2.200000047683716,1.326807975769043,"{""type"":""MultiPoint"",""coordinates"":[]}",-15.214073877692368
18992,1.6005246234557455,0.1003391363328057,0.4986160537761961,-16.889405520408335,-9.786849084128908,-0.5794667593422963,17.521711349487305,62,6.230000019073486,2.936596155166626,"{""type"":""MultiPoint"",""coordinates"":[]}",-44.24892673349134
18999,1.2121075930877958,0.1209145065206891,0.577310024973243,-16.04834289919659,-9.472910257641333,-0.5902734205732583,31.063121795654297,89,8.5,2.108643054962158,"{""type"":""MultiPoint"",""coordinates"":[]}",-55.89117745321969
19034,0.5797928370786517,-0.1020290689307814,0.3148986889153754,-16.776285806619804,-11.257163392789469,-0.6710164289372961,12.361265182495115,27,3.0299999713897705,0.9494014978408812,"{""type"":""MultiPoint"",""coordinates"":[]}",-16.722940756002554
19043,0.6327665990745074,-0.1193257676902536,0.3398492041329237,-16.98859486932349,-10.283409515573108,-0.6053125402467502,7.644443988800049,81,3.920000076293945,1.3220072984695437,"{""type"":""MultiPoint"",""coordinates"":[]}",-26.284327098266534
19081,1.220446440364549,0.0049067713444553,0.4760432766615147,-18.679394324454968,-11.92563977770916,-0.6384382475451131,10.984127044677734,84,2.3499999046325684,1.3192448616027832,"{""type"":""MultiPoint"",""coordinates"":[]}",-15.871322540764425
19129,2.125627440044618,0.4143990929705215,0.8055482166446499,-14.507870200650256,-8.638809595806595,-0.5954567745870373,21.6026554107666,3,6.539999961853027,6.681684494018555,"{""type"":""MultiPoint"",""coordinates"":[]}",-38.383656131790644
19170,0.8082801903026622,0.0421362926998439,0.4201525914233096,-17.09782225300293,-11.017490019375664,-0.6443797260461422,15.788196563720703,47,4.610000133514404,2.6369032859802246,"{""type"":""MultiPoint"",""coordinates"":[]}",-28.030332408833637
19177,2.1182983682983685,0.0896194550776852,0.6727743846011475,-16.309258303649074,-10.371403202149452,-0.6359212055540826,37.23562240600586,570,8.739999771118164,16.859943389892578,"{""type"":""MultiPoint"",""coordinates"":[]}",-51.89685222803952
19181,1.5941336469896348,0.2901891863951204,0.570883243385547,-17.851531409826684,-11.403898773740549,-0.6388190745060154,1.1160930395126345,91,2.049999952316284,4.161475658416748,"{""type"":""MultiPoint"",""coordinates"":[]}",-13.217646596529494
19196,1.9285544742463805,0.1108854589764419,0.4789272030651341,-14.79915632002933,-4.946217610707383,-0.3342229451291842,54.101662,47,16.889999,5.901910781860352,"{""type"":""MultiPoint"",""coordinates"":[]}",-166.41612494750896
19211,1.7134141174476738,0.1055712117927595,0.675576344804544,-12.421638353863711,-7.14374821140794,-0.5751051518245095,26.01385307312012,865,7.449999809265137,5.547544956207275,"{""type"":""MultiPoint"",""coordinates"":[]}",-39.320280554617845
19228,0.7104459031235854,-0.0804756160606582,0.3478321097104862,-16.383820165400525,-9.623734173239717,-0.5873925663297495,10.487022399902344,211,2.0199999809265137,2.0825161933898926,"{""type"":""MultiPoint"",""coordinates"":[]}",-13.655373575226426
19252,1.6116328385337777,0.215983606557377,0.6028328611898017,-16.359131457904716,-10.001929839358931,-0.6113973633072073,10.74009132385254,282,2.3499999046325684,2.0814731121063232,"{""type"":""MultiPoint"",""coordinates"":[]}",-14.939423197312605
19275,2.037883008356546,0.2086001829826166,0.6330910349601938,-16.36074051495567,-9.08540032957801,-0.555317182695543,45.42990310998535,137,13.30999994277954,2.7802884578704834,"{""type"":""MultiPoint"",""coordinates"":[]}",-96.83477745107834
19292,0.5635132134132801,-0.0809151785714285,0.2076938817270309,-20.08583571893044,-12.300854985823888,-0.6124143977853316,1.8173799514770508,150,2.390000104904175,3.9795663356781006,"{""type"":""MultiPoint"",""coordinates"":[]}",-18.60610476880164
19294,0.4438900057438254,-0.0653195488721804,0.2829195744194028,-22.3728980374302,-14.875038389465896,-0.6648686444009055,5.725491046905518,20,4.010000228881836,0.0,"{""type"":""MultiPoint"",""coordinates"":[]}",-30.066418904460743
19315,1.6805266805266803,0.0534042943659387,0.7121879588839941,-12.961456935225584,-6.028818503173962,-0.4651343235025789,97.345612,2115,30.84000015258789,13.678569793701172,"{""type"":""MultiPoint"",""coordinates"":[]}",-213.80257030230868
19318,0.9886792452830188,0.0200510390083849,0.5080801551389786,-14.499766724610836,-10.12830138479156,-0.6985147814551063,11.093250274658203,7,2.319999933242798,2.935901165008545,"{""type"":""MultiPoint"",""coordinates"":[]}",-10.141799296553923
19342,0.7975045099218281,-0.0053224869262057,0.3621902095992353,-16.507900116108956,-8.857210224653812,-0.5365437252682824,23.58258438110352,113,7.579999923706055,2.642321825027466,"{""type"":""MultiPoint"",""coordinates"":[]}",-57.992228793528675
19360,1.119074492099323,-0.0045689019896831,0.4559668889399862,-18.719031981099672,-10.330368446479312,-0.5518644584244383,10.702149391174316,59,2.130000114440918,4.722908973693848,"{""type"":""MultiPoint"",""coordinates"":[]}",-17.867854288747722
19371,0.7346300798888503,0.015182001097494,0.3308996088657105,-14.505446972596577,-7.402229996572791,-0.510306921982959,35.3592529296875,14,13.510000228881836,3.704791784286499,"{""type"":""MultiPoint"",""coordinates"":[]}",-95.96446297187869
19412,1.1926271751652215,0.0952165656931006,0.5387565050671049,-16.37659210994028,-8.829943234232303,-0.5391807510961145,3.4542899131774902,42,2.8399999141693115,0.9274099469184875,"{""type"":""MultiPoint"",""coordinates"":[]}",-21.432482159276585
19438,2.056378749548247,0.1903087143415396,0.6510297482837528,-17.14768131182215,-11.123288270629654,-0.6486759386507206,1.1715970039367676,108,2.2799999713897705,0.0,"{""type"":""MultiPoint"",""coordinates"":[]}",-13.735615961559624
19460,0.937142857142857,0.0336090093260601,0.3236309817464233,-17.384041952804864,-6.3755611740227325,-0.3667479169304498,23.08770751953125,334,8.010000228881836,0.9432834386825562,"{""type"":""MultiPoint"",""coordinates"":[]}",-88.17793355768617
19503,1.2189050334563305,0.0498188405797101,0.5511735589972856,-15.76612208918565,-9.376391837440844,-0.5947176981378528,13.317943572998049,174,3.440000057220459,4.697394371032715,"{""type"":""MultiPoint"",""coordinates"":[]}",-21.980672431625432
19511,1.901020500316084,0.144428304627516,0.6596678157317455,-16.952944121746008,-10.75952863590529,-0.6346702117718743,81.67346954345703,605,15.6899995803833,34.13045120239258,"{""type"":""MultiPoint"",""coordinates"":[]}",-97.17468637398028
19512,-5.361155698234351,-0.2244563946691606,0.2968888888888888,-19.340362072917884,-12.274631857121468,-0.6346640156395785,1.3916250467300415,72,2.2799999713897705,1.320409655570984,"{""type"":""MultiPoint"",""coordinates"":[]}",-16.109864689863663
19561,1.3738883876788246,0.1274401473296501,0.5863586358635864,-13.564496348349524,-6.482724636795339,-0.4779185655193259,14.660841941833496,136,3.9700000286102295,3.7540149688720703,"{""type"":""MultiPoint"",""coordinates"":[]}",-28.114633897481227
19596,0.9770035802809144,0.0239938080495356,0.3991561181434599,-17.78717384979538,-8.36542247502313,-0.4703064436017397,10.52496337890625,189,2.0899999141693115,1.325062274932861,"{""type"":""MultiPoint"",""coordinates"":[]}",-19.691459564598595
19601,1.1559357768407394,0.0586395621579358,0.4916364890498362,-15.952748079620983,-11.493637558203108,-0.7204801016625959,19.08854484558105,80,5.0,1.854334115982056,"{""type"":""MultiPoint"",""coordinates"":[]}",-22.295552607089377
19607,0.7132983135194914,0.0481481481481481,0.2918552036199095,-18.346154426603874,-12.325981534801576,-0.6718564146024844,1.1160930395126345,77,2.049999952316284,3.957102060317993,"{""type"":""MultiPoint"",""coordinates"":[]}",-12.341354141130498
19625,2.462226005533092,0.2984054669703872,0.7828146143437077,-17.095641666234027,-11.45375910430019,-0.6699812342769653,13.946109771728516,27,3.740000009536743,0.9274099469184875,"{""type"":""MultiPoint"",""coordinates"":[]}",-21.100640835437737
19643,1.2185265775567298,0.0104813664596273,0.4644549763033175,-16.573044011665516,-9.139486777253822,-0.5514669948876425,14.144797325134276,381,3.3299999237060547,0.9274099469184875,"{""type"":""MultiPoint"",""coordinates"":[]}",-24.753745023455533
19672,1.2153103633194795,0.0285417747794499,0.4833377765929085,-18.916085171115917,-10.03388644959621,-0.530442021106859,1.1715970039367676,131,2.130000114440918,3.366956949234009,"{""type"":""MultiPoint"",""coordinates"":[]}",-18.91908429332395
19683,0.8696348494554773,0.036813089098346,0.4301557961447055,-17.360245531889497,-9.998693696705551,-0.5759534724516819,12.94372844696045,314,3.0299999713897705,1.3232436180114746,"{""type"":""MultiPoint"",""coordinates"":[]}",-22.305501849991668
19691,1.4716422561545652,0.1577782249949688,0.5377170509536009,-17.68461073507346,-10.395439507256604,-0.587824050129618,10.338996887207031,75,2.0199999809265137,2.8532161712646484,"{""type"":""MultiPoint"",""coordinates"":[]}",-14.724125741160139
19696,162.41071428571428,-0.0550232685464002,0.2264973228738638,-13.358076569722623,-7.749712845808721,-0.5801518508565969,39.214981,14,10.609999656677246,2.084168672561645,"{""type"":""MultiPoint"",""coordinates"":[]}",-59.50473718524762
19705,2.67730659552939,0.3006906321940853,0.7529426982279136,-20.13714261783129,-12.94003217632298,-0.64259524908289,106.33082580566406,958,17.850000381469727,32.965633392333984,"{""type"":""MultiPoint"",""coordinates"":[]}",-128.4684241264031
19732,2.411439114391144,0.2158956109134045,0.7356748846110548,-18.505589849794895,-13.24001966033156,-0.7154605590957859,159.566483,893,24.68000030517578,35.623199462890625,"{""type"":""MultiPoint"",""coordinates"":[]}",-129.9542738828796
19744,1.248899841577187,-0.0098058065756585,0.4046193327630453,-17.149156345986995,-9.220862358447311,-0.5376860629418105,10.578492164611816,273,2.0899999141693115,1.325460433959961,"{""type"":""MultiPoint"",""coordinates"":[]}",-16.570133753467008
19778,0.689915242062922,-0.0129216695254431,0.3295591010464916,-19.51787211624462,-11.276480081162292,-0.5777515096933614,10.59457778930664,5,2.130000114440918,1.3232355117797852,"{""type"":""MultiPoint"",""coordinates"":[]}",-17.55416597787783
19818,1.0,0.0217917675544794,-0.0720338983050847,-24.331046720996184,-17.37471189561255,-0.7140963598832454,11.661905288696287,183,2.430000066757202,3.704791784286499,"{""type"":""MultiPoint"",""coordinates"":[]}",-16.903894090067684
19876,1.4126559714795008,0.1299019607843137,0.6135483870967742,-19.573282882613302,-13.76735808168653,-0.7033750119616315,32.979038,860,10.449999809265137,15.03205394744873,"{""type"":""MultiPoint"",""coordinates"":[]}",-60.671913062292504
19940,2.3191489361702127,0.2524590163934426,0.7638402242466713,-13.329369974484024,-6.23569672331464,-0.4678163135430579,14.217083930969238,363,4.46999979019165,21.070636749267575,"{""type"":""MultiPoint"",""coordinates"":[]}",-31.70871794441527
19965,1.0376922187536133,-0.0160866710439921,0.4313866858928142,-16.608376665246613,-10.542148017484203,-0.6347488517372005,58.42840576171875,277,12.3100004196167,4.703971862792969,"{""type"":""MultiPoint"",""coordinates"":[]}",-74.6752771994461
19981,1.1689419795221845,0.0824473420260782,0.4776413521297559,-18.91795273165067,-10.508270895267067,-0.555465543461593,10.566779136657717,49,2.059999942779541,2.7802884578704834,"{""type"":""MultiPoint"",""coordinates"":[]}",-17.323944101744363
0,0.6923302967969438,-0.0785768645357686,0.3512224209898628,-16.56931870769145,-8.341577418675298,-0.5034351481695594,2.803305968642235,706,2.689999997615814,11.014727592468262,"{""type"":""MultiPoint"",""coordinates"":[]}",-22.132624047836988
6,1.9102601578485825,0.1164835164835164,0.6668367346938775,-15.28860455652162,-9.291631037175902,-0.6077487976633156,0.6983460187911987,5,2.0899999141693115,0.0,"{""type"":""MultiPoint"",""coordinates"":[]}",-12.533674140708182
17,1.036413122207241,0.0365461901369642,0.4444411260505206,-18.09197262528532,-10.725233542206446,-0.5928172546103055,11.055215835571287,188,2.390000104904175,0.9613386392593384,"{""type"":""MultiPoint"",""coordinates"":[]}",-17.60650718136019
33,1.1864551347662913,-0.0243999206506645,0.4408874801901743,-13.658832232010168,-6.490086020927906,-0.475156727214063,11.184402465820312,99,2.390000104904175,4.318783760070801,"{""type"":""MultiPoint"",""coordinates"":[]}",-17.13330419651801
58,0.618876224755049,-0.0805654913983989,0.3257894736842105,-19.259112196766296,-10.856520136766513,-0.5637082346189031,2.772066116333008,96,2.690000057220459,2.7802884578704834,"{""type"":""MultiPoint"",""coordinates"":[]}",-22.60297312219959
64,0.3760806916426513,-0.160546282245827,0.2489270386266094,-18.650631774346376,-10.791150446801018,-0.5785943649181933,1.1715970039367676,230,2.0899999141693115,3.830167293548584,"{""type"":""MultiPoint"",""coordinates"":[]}",-16.426315299985106
67,0.6035761589403974,-0.0524425526254531,0.3554324935652445,-16.648039242663696,-9.257077277804502,-0.5560460990554082,16.139450073242188,300,4.900000095367432,2.938755989074707,"{""type"":""MultiPoint"",""coordinates"":[]}",-36.21571433266711
76,0.7759721416134648,-0.0678798908098271,0.3992236488504031,-15.407117951481418,-9.828087200533927,-0.6378926436133983,2.519921064376831,99,2.8399999141693115,1.9114468097686768,"{""type"":""MultiPoint"",""coordinates"":[]}",-15.844446853838821
83,1.4837880585211547,0.1909282700421941,0.4948895483020112,-19.69221763953932,-10.55850673031343,-0.5361766218302083,10.233229637145996,212,2.009999990463257,2.171186923980713,"{""type"":""MultiPoint"",""coordinates"":[]}",-18.35875884043818
92,1.1610982427976977,0.1782605618852168,0.4564401223376004,-15.887929074366896,-9.168210388678306,-0.5770550929428568,11.15090274810791,207,2.430000066757202,4.044154167175293,"{""type"":""MultiPoint"",""coordinates"":[]}",-16.328916854812896
97,1.8768476004780172,0.228428969830136,0.702944640753828,-16.351005781416347,-8.550818247587724,-0.522953655689249,10.154990196228027,55,2.0199999809265137,0.9684168100357056,"{""type"":""MultiPoint"",""coordinates"":[]}",-15.75637866955705
125,0.9298341784294916,0.0077700077700077,0.4081203007518797,-11.11754333768534,-3.913686288476317,-0.3520279768291995,70.760147,601,13.029999732971191,23.995433807373047,"{""type"":""MultiPoint"",""coordinates"":[]}",-93.86625542755621
153,0.4641498577502158,-0.0653646628013426,0.2555888047878895,-17.677669420849092,-11.18778709768673,-0.6328768137553146,10.83694553375244,236,2.200000047683716,1.3369946479797363,"{""type"":""MultiPoint"",""coordinates"":[]}",-14.277741420418902
175,0.7677248677248677,0.0198345637285422,0.3949373979314099,-17.1854553009991,-10.773741708661982,-0.6269104611988742,11.24436092376709,115,2.4600000381469727,0.0,"{""type"":""MultiPoint"",""coordinates"":[]}",-15.772815681736772
204,2.2338926604329448,0.1712424977652918,0.6563793752352277,-15.299516151737205,-7.749478164599603,-0.5065178589794604,98.132599,192,22.51000022888184,4.180539131164551,"{""type"":""MultiPoint"",""coordinates"":[]}",-169.95135681853398
207,0.3426296464375593,-0.1548516842634489,0.2087994971715902,-18.32561408153136,-11.24880806666357,-0.6138298021892851,4.001527786254883,425,3.369999885559082,2.67195463180542,"{""type"":""MultiPoint"",""coordinates"":[]}",-23.848835460228276
211,0.9037758830694276,-0.1096468107538218,0.363013698630137,-8.633341543152909,-2.5333497688545954,-0.2934379181214939,79.160561,203,7.394999980926514,31.290117263793945,"{""type"":""MultiPoint"",""coordinates"":[]}",-45.10943905458792
214,1.9497417560588,0.1172227231740306,0.7294685990338164,-11.639153822243983,-5.714819972769332,-0.4909996087385274,14.127713203430176,891,5.010000228881836,13.893288612365724,"{""type"":""MultiPoint"",""coordinates"":[]}",-29.680913941840412
232,0.6188066581721677,-0.1418843064928016,0.3436933028319003,-15.279745970606658,-9.976862395187045,-0.6529468758433115,1.8173799514770508,801,2.390000104904175,0.9660657048225404,"{""type"":""MultiPoint"",""coordinates"":[]}",-12.673892301547502
234,1.122743384716841,-0.0668981664167521,0.4867762687634024,-12.747216675063113,-7.117467401534313,-0.5583546261873731,14.821114540100098,520,4.260000228881836,16.341106414794922,"{""type"":""MultiPoint"",""coordinates"":[]}",-23.98273319378004
236,2.842228811465283,0.2244897959183673,0.7885175664095972,-7.675341696428511,-0.3759948799054659,-0.048987379946931,15.167343139648438,166,5.579999923706055,31.902809143066406,"{""type"":""MultiPoint"",""coordinates"":[]}",-40.73035467930262
252,0.311,-0.1900260309631456,0.20112093123518,-20.094539699740665,-13.070632151839348,-0.6504569075552417,6.651022911071777,361,2.5799999237060547,3.383221387863159,"{""type"":""MultiPoint"",""coordinates"":[]}",-18.12168093770378
257,0.7619940290217315,-0.06599574221018,0.3224621712942559,-18.960375369259022,-10.841130400520369,-0.5717782580453227,12.833168983459473,522,5.269999980926514,6.534162998199463,"{""type"":""MultiPoint"",""coordinates"":[]}",-42.7884208303904
287,0.5903693931398417,-0.0798861162284374,0.3082410824108241,-17.960832871055096,-10.64215000145559,-0.5925198501571729,11.989293098449709,133,2.690000057220459,4.036846160888672,"{""type"":""MultiPoint"",""coordinates"":[]}",-19.687257338001064
298,1.378318854765692,0.0030211480362537,0.5255423372988104,-17.815009759521836,-11.319395310963747,-0.6353852994615237,49.64972686767578,381,13.920000076293944,15.997957229614258,"{""type"":""MultiPoint"",""coordinates"":[]}",-90.41895361950463
355,1.8471822643425284,0.241869918699187,0.6271186440677966,-15.972952336245775,-8.763815237175127,-0.5486659605994255,88.135902,139,17.299999,1.95626437664032,"{""type"":""MultiPoint"",""coordinates"":[]}",-124.71806460478513
379,1.8644747393744987,0.2446057672917927,0.6625819321744086,-15.581878759152946,-7.905898190235352,-0.5073777246271635,18.653329849243164,150,6.809999942779541,5.117761135101318,"{""type"":""MultiPoint"",""coordinates"":[]}",-52.27342723510569
457,0.5832356389214537,-0.1643088116410671,0.3058923996584116,-16.01345325414747,-10.09827541736039,-0.630611977135222,10.402565002441406,282,5.199999809265137,0.9274099469184875,"{""type"":""MultiPoint"",""coordinates"":[]}",-30.75892362306218
496,0.7363676448973593,-0.009985528219971,0.3135823075318172,-16.444282529905898,-10.435688771373552,-0.6346089440141278,1.500722050666809,322,2.319999933242798,2.889371633529663,"{""type"":""MultiPoint"",""coordinates"":[]}",-13.939937118678134
514,0.9326686894957376,-0.0796297193815732,0.4141803015720244,-14.982077284705625,-9.328874382908324,-0.6226689534188731,32.41022491455078,463,9.359999656677246,2.096264123916626,"{""type"":""MultiPoint"",""coordinates"":[]}",-52.913977219949544
521,0.6672716273442226,-0.1395557326426935,0.3659588586595886,-15.25439265011143,-7.674845500229212,-0.5031236363365242,11.848655700683594,402,5.269999980926514,4.751987457275391,"{""type"":""MultiPoint"",""coordinates"":[]}",-39.944213335310906
542,0.655478891357736,-0.0261314145048286,0.2979797979797979,-16.973414060865903,-11.200808764102293,-0.6599031122399237,1.1715970039367676,82,2.049999952316284,0.9666556119918824,"{""type"":""MultiPoint"",""coordinates"":[]}",-11.833840583106129
548,0.6672242954574701,-0.0841908325537885,0.3934488427975212,-17.444309325743433,-8.586924637396702,-0.492247900277975,10.929829597473145,321,2.4600000381469727,2.680718421936035,"{""type"":""MultiPoint"",""coordinates"":[]}",-21.78916667121537
550,1.074327981237597,0.0214524699862231,0.336155800169348,-14.258413427976707,-6.881469508846974,-0.4826251913375376,11.110234260559082,173,2.430000066757202,5.326333999633789,"{""type"":""MultiPoint"",""coordinates"":[]}",-17.92597421594939
552,1.3850351765402062,0.1389147865000932,0.5743694614860259,-16.798801960745102,-10.473751576335856,-0.6234820554948253,20.737382888793945,414,6.860000133514404,2.943101406097412,"{""type"":""MultiPoint"",""coordinates"":[]}",-43.389846481532764
592,0.8176448874123293,-0.0198675496688741,0.4070444104134763,-14.460387733851515,-8.308902966019057,-0.5745975224833052,1.6972270011901855,383,2.539999961853028,9.251206398010254,"{""type"":""MultiPoint"",""coordinates"":[]}",-15.624771075633927
605,0.5316814482947791,-0.0802195856206835,0.3105473965287049,-17.766292511945515,-10.583665404079644,-0.5957160390646223,10.53866195678711,218,2.1700000762939453,1.336015701293945,"{""type"":""MultiPoint"",""coordinates"":[]}",-15.5863013720599
617,1.3597098850949394,0.0685208029606369,0.6033267040318206,-13.334720605989933,-7.345436472058212,-0.55085042192475,17.973163604736328,370,5.239999771118164,6.107476234436035,"{""type"":""MultiPoint"",""coordinates"":[]}",-31.383847490963866
653,0.3641497140375009,-0.103414313854235,0.2485177865612648,-18.555130574213937,-11.903755981376506,-0.6415344766109679,3.3354508876800537,113,3.1700000762939453,3.842169523239136,"{""type"":""MultiPoint"",""coordinates"":[]}",-21.084857966754267
678,1.016851041934654,0.191812865497076,0.488566131025958,-17.103900777485407,-10.735690917130984,-0.6276749998025497,10.909520149230955,618,2.640000104904175,2.7802884578704834,"{""type"":""MultiPoint"",""coordinates"":[]}",-16.812074699387477
693,1.1412162162162165,0.0605389442598744,0.4925634295713036,-18.482898141983167,-9.087463262846974,-0.4916687411810793,10.888708114624023,158,2.2799999713897705,2.0874836444854736,"{""type"":""MultiPoint"",""coordinates"":[]}",-21.42159125562497
708,1.66521644550794,-0.0487757100881488,0.5011456628477905,-16.310732919044117,-8.985232461119626,-0.5508785230998805,85.843079,77,15.119999885559082,1.947177529335022,"{""type"":""MultiPoint"",""coordinates"":[]}",-110.7615660854813
738,0.8218784149076896,0.0218385843763487,0.3773435437021389,-16.47930370886111,-10.50861246878193,-0.6376854662330987,10.945680618286133,138,2.2799999713897705,0.9593746066093444,"{""type"":""MultiPoint"",""coordinates"":[]}",-13.613175856557683
739,0.6599280270956815,-0.0573431601653783,0.3432424993118634,-19.62254789754892,-12.047526562712136,-0.6139634172694267,10.592205047607422,130,2.2100000381469727,0.0,"{""type"":""MultiPoint"",""coordinates"":[]}",-16.740797438953425
749,0.7578746040284502,-0.0642844631283937,0.3471119627703257,-16.073990464335573,-10.973756848650194,-0.6827027098839206,10.780339241027832,231,2.2799999713897705,2.088917732238769,"{""type"":""MultiPoint"",""coordinates"":[]}",-11.62853249784381
764,1.362774529941539,0.0359281437125748,0.4927163667523564,-17.496404943514122,-10.346482967949296,-0.5913490800740019,11.896838188171388,65,2.759999990463257,0.9274099469184875,"{""type"":""MultiPoint"",""coordinates"":[]}",-19.73378458437195
772,1.0124688279301746,0.2738581146744412,0.4630474452554745,-19.99492011660535,-12.260568916340675,-0.6131841910265267,10.478896141052246,275,2.0899999141693115,0.9274099469184875,"{""type"":""MultiPoint"",""coordinates"":[]}",-16.16479334470848
776,0.3372458960619205,-0.1127998807927283,0.164693665628245,-18.123424929862253,-12.251619068532031,-0.6760101424507707,1.2719420194625854,137,2.130000114440918,1.337305188179016,"{""type"":""MultiPoint"",""coordinates"":[]}",-12.506947156608225
784,2.256229965877365,0.3395167754494446,0.6616130988477865,-17.513313375661998,-9.090144302349811,-0.5190419486801541,13.181422233581545,23,3.25,1.3422276973724363,"{""type"":""MultiPoint"",""coordinates"":[]}",-27.375299488264606
834,0.631498390246477,-0.1043130990415335,0.3080190500707941,-22.061587971212823,-12.793618327335931,-0.5799046897272195,10.648683547973633,75,2.130000114440918,0.9274099469184875,"{""type"":""MultiPoint"",""coordinates"":[]}",-19.740776402092735
847,1.4010714610006356,0.0760712566201251,0.5639619883040936,-6.534407679859869,-0.9535293434296944,-0.1459243729724165,67.274429,68,13.880000114440918,33.34139633178711,"{""type"":""MultiPoint"",""coordinates"":[]}",-77.46259194833166
898,1.7790837889759124,0.0946640175412211,0.5555239729156303,-16.375225043265278,-9.42301640062121,-0.5754434748667263,1.02217698097229,71,2.130000114440918,0.965749442577362,"{""type"":""MultiPoint"",""coordinates"":[]}",-14.808205204449004
916,0.5024459845087648,-0.1321505554634389,0.2521739130434782,-16.651762693190367,-8.934594653384659,-0.5365554877285397,20.71998620033264,55,6.474999785423279,1.3323012590408323,"{""type"":""MultiPoint"",""coordinates"":[]}",-49.96866140181734
924,1.3449639922913073,0.104448742746615,0.4911111111111111,-16.277190369547615,-10.468875531755035,-0.643162320650919,24.729846954345703,77,6.920000076293945,12.766277313232422,"{""type"":""MultiPoint"",""coordinates"":[]}",-40.19353912066391
961,0.7202510633883183,-0.1083084919361002,0.3429665308138817,-18.97449681645331,-11.94239084938754,-0.6293917021837419,1.02217698097229,531,2.0199999809265137,1.854334115982056,"{""type"":""MultiPoint"",""coordinates"":[]}",-14.20485391934608
969,0.7868188957351697,-0.1043852106620808,0.3729420186113099,-18.040182415161773,-11.167295763005823,-0.6190234392319853,18.05630111694336,557,6.510000228881836,18.858924865722656,"{""type"":""MultiPoint"",""coordinates"":[]}",-44.742493678614146
999,1.536517563810968,-0.0703748488512696,0.5708920187793427,-16.007754508611857,-9.464704834219791,-0.5912574951800996,26.481874465942383,601,6.949999809265137,3.8131024837493896,"{""type"":""MultiPoint"",""coordinates"":[]}",-45.47419398903717
1037,0.4338471168140208,-0.1415675598223241,0.2499436556231688,-20.65493934034146,-12.14783124273244,-0.5881320222038288,1.7482229471206665,596,2.3499999046325684,2.1240804195404053,"{""type"":""MultiPoint"",""coordinates"":[]}",-19.991703218080147
1050,1.6236033519553073,0.1907172189857702,0.663527397260274,-16.303211986238384,-9.324276533434938,-0.5719288040482822,20.749446868896484,216,6.960000038146973,0.973767101764679,"{""type"":""MultiPoint"",""coordinates"":[]}",-48.573391017737244
1126,2.19659696596966,0.2425821064552661,0.7841200146359312,-11.991640760033452,-6.071225481751536,-0.5062881388163433,127.884064,358,23.43000030517578,20.578521728515625,"{""type"":""MultiPoint"",""coordinates"":[]}",-138.71533177691265
1171,1.3901129165519142,0.221794612112619,0.5631799163179916,-15.41988932518374,-11.257085050615672,-0.7300366956739838,11.029232025146484,370,5.050000190734863,1.854334115982056,"{""type"":""MultiPoint"",""coordinates"":[]}",-21.022162380560655
1178,1.7214180462858628,0.1124156149104784,0.5753186558516802,-16.460774538230247,-9.80747320756904,-0.5958087321341486,11.43317985534668,172,2.5,5.020676612854004,"{""type"":""MultiPoint"",""coordinates"":[]}",-16.63325332665302
1184,0.4839973873285434,-0.1949709138675173,0.239109390125847,-25.54947821598104,-14.157498728088935,-0.554120855557571,1.1715970039367676,425,2.0899999141693115,2.941656827926636,"{""type"":""MultiPoint"",""coordinates"":[]}",-23.809236151913055
1185,1.1436438733363927,0.1677951133352958,0.5091949325704945,-19.387031852590308,-11.2563759848866,-0.5806136839550625,1.22843599319458,78,2.130000114440918,0.9274099469184875,"{""type"":""MultiPoint"",""coordinates"":[]}",-17.318297928688622
1242,0.9002296790095793,0.0713141780499293,0.4447827290340437,-15.875956303567811,-11.18499879472164,-0.7045244129456334,10.338996887207031,289,2.0199999809265137,2.159778356552124,"{""type"":""MultiPoint"",""coordinates"":[]}",-9.475734078396352
1252,0.1780254777070063,-0.120817583648327,0.1003770874483749,-25.83475372102486,-16.60322390343799,-0.6426701056540725,10.63244342803955,153,2.2699999809265137,3.3971614837646484,"{""type"":""MultiPoint"",""coordinates"":[]}",-20.95557250984474
1260,1.7414182794179969,0.2365930599369085,0.6785468556488234,-16.375708541682062,-8.900088110804573,-0.5434933143900705,10.193696022033691,183,2.0199999809265137,0.971091628074646,"{""type"":""MultiPoint"",""coordinates"":[]}",-15.100753127786385
1293,1.3229486616937254,0.0084125423358461,0.5518945634266886,-15.300702279624678,-10.143746181855288,-0.6629595162676488,31.511165618896484,230,11.380000114440918,2.1564748287200928,"{""type"":""MultiPoint"",""coordinates"":[]}",-58.68616098278245
1308,1.0571456577141738,0.0605125038592158,0.4777408637873754,-15.64903579639197,-9.344713915424588,-0.5971431107326816,12.940841674804688,152,3.2100000381469727,2.7802884578704834,"{""type"":""MultiPoint"",""coordinates"":[]}",-20.23687347839609
1311,0.9291742511997352,-0.1007268951194184,0.4094057601166606,-16.762198995427646,-10.883604970335355,-0.6492945808186719,13.855405807495115,399,3.5899999141693115,2.684532880783081,"{""type"":""MultiPoint"",""coordinates"":[]}",-21.10415204551755
1313,0.4465144756406892,-0.1586419753086419,0.2464397779386917,-17.39570225877936,-12.424225208177608,-0.7142123395396286,1.2866109609603882,508,2.130000114440918,1.3332918882369995,"{""type"":""MultiPoint"",""coordinates"":[]}",-10.589246686722126
1329,0.4280248684839789,-0.0739768141933004,0.2119887036530928,-16.831846452529952,-10.298478940528762,-0.6118448721340862,2.4587409496307373,9,2.6600000858306885,1.334285855293274,"{""type"":""MultiPoint"",""coordinates"":[]}",-17.378758142686596
1375,0.6843023255813953,-0.0865759597885432,0.3177645788336933,-16.908030402365085,-11.18859636058985,-0.6617326852585264,1.22843599319458,485,2.130000114440918,3.990716457366944,"{""type"":""MultiPoint"",""coordinates"":[]}",-12.182395163518533
1407,0.659877800407332,-0.0251121076233183,0.3024268823895457,-17.608866903981056,-10.603163725701824,-0.602149120867319,1.331117033958435,224,2.2799999713897705,0.9274099469184875,"{""type"":""MultiPoint"",""coordinates"":[]}",-15.973003046041873
1429,1.5862141652613828,0.0041608876560332,0.5922865013774105,-13.64089059846846,-7.53426211256448,-0.5523291942104128,30.6168212890625,637,9.729999542236328,12.203072547912598,"{""type"":""MultiPoint"",""coordinates"":[]}",-59.41749237245304
1441,1.303263825929284,0.1395699735948698,0.5264603552462919,-17.61774314872339,-10.203787301163969,-0.5791767546516506,10.48524570465088,384,2.130000114440918,1.3468832969665527,"{""type"":""MultiPoint"",""coordinates"":[]}",-15.791726803761485
1450,0.5681366706396505,-0.1116504854368932,0.3188405797101449,-16.56219185169025,-10.885607654516306,-0.6572564641198367,1.214100956916809,870,2.240000009536743,9.582539558410645,"{""type"":""MultiPoint"",""coordinates"":[]}",-12.715548655805762
1488,1.3581267217630857,0.017921146953405,-0.4552169898430286,-28.100602785072443,-22.27387105320348,-0.792647446873836,10.61293125152588,249,2.009999990463257,3.996202230453491,"{""type"":""MultiPoint"",""coordinates"":[]}",-11.711730725488573
1540,1.781131011140883,0.1440403312927619,0.6935749588138386,-16.198102929818322,-8.347856128871316,-0.5153601113068705,7.887323617935181,148,4.5849997997283936,0.0,"{""type"":""MultiPoint"",""coordinates"":[]}",-35.993380010160486
1541,2.852216748768473,0.1040329972502291,0.6532531026701768,-6.787789989768704,-0.1014157830618426,-0.0149409134953655,46.615891,759,13.550000190734863,35.45323181152344,"{""type"":""MultiPoint"",""coordinates"":[]}",-90.60037177620265
1584,1.0928373808791885,0.0044751830756712,0.462890625,-15.054603325160157,-9.594201614106534,-0.6372935511407417,2.240773916244507,446,2.8399999141693115,2.7802884578704834,"{""type"":""MultiPoint"",""coordinates"":[]}",-15.50754039072225
1621,1.6334661354581672,0.040437634040966,0.6053255997890851,-13.817187987046186,-8.440907399897162,-0.6108990778594483,46.42041397094727,345,11.34000015258789,1.345667004585266,"{""type"":""MultiPoint"",""coordinates"":[]}",-60.96702267862525
1635,-2.1497584541062804,0.0068169900367068,-0.2311688311688311,-28.408277402558973,-20.66195892916753,-0.7273217814786028,1.1160930395126345,10,2.130000114440918,0.0,"{""type"":""MultiPoint"",""coordinates"":[]}",-16.49965923481957
1644,0.9476422495664382,-0.080180093878724,0.3669064748201439,-19.229174655657943,-11.354354752092858,-0.5904754080930864,10.74009132385254,141,2.319999933242798,2.095759630203247,"{""type"":""MultiPoint"",""coordinates"":[]}",-18.269581650570053
1723,0.3301364810033197,-0.0899215449607724,0.1963795940756994,-16.740399173498194,-12.3222642829694,-0.7360794778703267,7.538536071777344,332,4.260000228881836,23.155941009521484,"{""type"":""MultiPoint"",""coordinates"":[]}",-18.82125564488349
1730,1.2172253102015609,0.0802756244616709,0.5634095634095634,-16.301399438320566,-9.419993868814572,-0.5778641216943922,30.873631,375,10.300000190734863,1.9461287260055544,"{""type"":""MultiPoint"",""coordinates"":[]}",-70.87847867843568
1739,1.979749533706368,0.1808510638297872,0.6398736902540548,-14.334735115083507,-7.141060315138299,-0.4981647904762625,36.600346402771,110,9.420000076293944,2.096501588821411,"{""type"":""MultiPoint"",""coordinates"":[]}",-67.76441716431768
1740,0.4647181421198888,-0.0349761526232114,0.2612637745850188,-19.253031118609293,-12.205801413281446,-0.6339677808697745,13.551758766174316,415,3.509999990463257,2.687584400177002,"{""type"":""MultiPoint"",""coordinates"":[]}",-24.735776198493124
1741,1.200934926170513,0.2444498362246754,0.4726237406920718,-18.66531506228415,-11.012688690261704,-0.5900081864953013,11.019222259521484,381,2.240000009536743,0.9274099469184875,"{""type"":""MultiPoint"",""coordinates"":[]}",-17.14188314631141
1775,0.768297783354245,-0.1000229937916762,0.3470621575665974,-16.361810178661507,-8.741918420761314,-0.5342879745764447,3.4542899131774902,508,3.0999999046325684,0.9570596218109132,"{""type"":""MultiPoint"",""coordinates"":[]}",-23.62166372280109
1790,1.2173913043478262,0.1688360686662894,0.5239405613648872,-14.847105574152923,-9.169994862373551,-0.6176284540158077,4.811522006988525,461,3.660000085830689,3.4223787784576416,"{""type"":""MultiPoint"",""coordinates"":[]}",-20.778225692382826
1792,0.6459493239404613,-0.1523574947220267,0.329852045256745,-15.082314389553606,-8.613691849417656,-0.5711120738461544,4.105281829833984,658,3.4800000190734863,7.055844306945801,"{""type"":""MultiPoint"",""coordinates"":[]}",-22.51080656305229
1870,0.5159620362381362,-0.1428571428571428,0.2485969652878819,-12.995941373306955,-5.135139981678099,-0.3951341295079579,11.46926212310791,499,2.7300000190734863,6.432236194610596,"{""type"":""MultiPoint"",""coordinates"":[]}",-21.459987949079665
1871,0.6623931623931624,-0.073471183457985,0.3043107127614169,-17.989321761320685,-9.915432196233184,-0.5511843263347824,22.844703674316406,47,5.019999980926514,1.854334115982056,"{""type"":""MultiPoint"",""coordinates"":[]}",-40.53092546274203
1884,0.8676575223337814,0.0490600641907381,0.5039026629935721,-18.685550433528636,-9.808986523040907,-0.524950365146324,11.167852401733398,379,2.319999933242798,0.9274099469184875,"{""type"":""MultiPoint"",""coordinates"":[]}",-20.59362767975696
1920,1.618258630932735,0.1870553531146972,0.5785250737463127,-17.348524879594336,-8.907005781700697,-0.5134157424633425,1.500722050666809,51,2.2799999713897705,0.9274099469184875,"{""type"":""MultiPoint"",""coordinates"":[]}",-19.2466633016837
1988,1.1029613380860983,-0.0457214018857854,0.4964517124344338,-16.446810477608594,-10.102111664911336,-0.614229225700922,8.630131721496582,483,4.079999923706055,1.3309663534164429,"{""type"":""MultiPoint"",""coordinates"":[]}",-25.886370671742707
1997,0.8734515765765766,-0.1019162932596053,0.3889062989658414,-17.30022621806556,-10.269358521329703,-0.5935967768216837,2.6026499271392822,649,2.650000095367432,7.617375373840332,"{""type"":""MultiPoint"",""coordinates"":[]}",-18.631800066865818
2031,0.7508771929824563,0.0214485545539322,0.3869801084990958,-16.494365798865974,-10.317240694146028,-0.6255009025479089,2.358426094055176,262,2.569999933242798,2.087808609008789,"{""type"":""MultiPoint"",""coordinates"":[]}",-15.875211106762674
2037,0.6451305961273134,-0.0222185917333769,0.3043771043771043,-18.060670223076883,-11.030758599586598,-0.61076130970445,15.852862358093262,14,4.75,2.091754913330078,"{""type"":""MultiPoint"",""coordinates"":[]}",-33.39208021157886
2059,0.7042066027689031,-0.1882078015459284,0.3369426751592356,-16.611821542327473,-9.324331369971064,-0.5613069792624703,13.200654029846191,477,2.7300000190734863,2.939170837402344,"{""type"":""MultiPoint"",""coordinates"":[]}",-19.89484830953084
2064,2.0775112048510413,0.0900567480878361,0.6411716842961758,-12.317298658116275,-5.880012264833552,-0.4773783950557225,53.070926666259766,866,12.75,5.594688415527344,"{""type"":""MultiPoint"",""coordinates"":[]}",-82.07540151435472
2066,1.8474955992958877,0.2685087534275469,0.6502393691917769,-15.996132561807224,-10.250952802626106,-0.6408394505995495,18.563287258148197,173,5.929999947547913,0.0,"{""type"":""MultiPoint"",""coordinates"":[]}",-34.06891567059736
2075,0.9016163035839776,0.0586677699627637,0.48275429574815,-15.93015140340466,-8.795110913426178,-0.5521046655932254,8.857109069824219,546,4.809999942779541,3.9856088161468506,"{""type"":""MultiPoint"",""coordinates"":[]}",-34.3195443485262
2081,1.437852624380236,0.1945506692160611,0.5415325177076626,-17.332233099360113,-11.617513041937029,-0.6702836833163717,10.834693908691406,512,2.319999933242798,1.344364881515503,"{""type"":""MultiPoint"",""coordinates"":[]}",-13.258150151722834
2086,0.3168388763319341,-0.1306054658009965,0.1692539887882708,-18.644759494190797,-11.38856244611531,-0.6108184152047486,1.5648930072784424,566,2.2799999713897705,3.8253214359283447,"{""type"":""MultiPoint"",""coordinates"":[]}",-16.544129062010647
2092,1.7821073558648113,0.122060470324748,0.6641967990515708,-14.306311571181071,-8.736081751587824,-0.6106452881388356,14.063124656677246,288,3.700000047683716,6.147073268890381,"{""type"":""MultiPoint"",""coordinates"":[]}",-20.609850598104273
2125,2.000455684666211,0.0829972405009552,0.6213729653220099,-10.532720359194055,-3.008934706329883,-0.2856749826936562,71.52853393554688,76,16.040001,24.62067222595215,"{""type"":""MultiPoint"",""coordinates"":[]}",-120.68152939572697
2156,1.0720241403954578,0.0352112676056338,0.4898403483309144,-14.54892192360044,-7.604207585249107,-0.5226646775053477,22.87910270690918,473,6.194999814033508,2.8844494819641118,"{""type"":""MultiPoint"",""coordinates"":[]}",-43.02250403460235
2168,2.0355775726187795,0.155534796823914,0.674123788217748,-16.49978712857365,-8.998871861830896,-0.5453932097249315,14.645223617553713,157,4.03000020980835,4.039572238922119,"{""type"":""MultiPoint"",""coordinates"":[]}",-30.228690098727956
2175,0.4544970030912026,-0.1487375852578676,0.2489557601616887,-18.864077083023084,-10.54880553888196,-0.5592007227523187,13.498353004455566,551,3.140000104904175,2.6818926334381104,"{""type"":""MultiPoint"",""coordinates"":[]}",-26.10995352090983
2180,2.5307711630243657,0.3042198233562316,0.6955471177079737,-15.876516878511143,-9.359413193214593,-0.5895130062112397,20.624977111816406,46,5.019999980926514,1.942278504371643,"{""type"":""MultiPoint"",""coordinates"":[]}",-32.715860375884795
2204,0.3220720063071218,-0.138609715242881,0.2365937365937366,-18.243757016462556,-9.877970712611464,-0.54144388700737,1.157595992088318,405,2.0899999141693115,2.672205686569214,"{""type"":""MultiPoint"",""coordinates"":[]}",-17.484492657007582
2215,1.3295107033639144,0.0389467910038398,0.4791953706255166,-17.579119859132824,-10.832878396027624,-0.6162355386865204,11.000234603881836,63,2.3499999046325684,2.1516802310943604,"{""type"":""MultiPoint"",""coordinates"":[]}",-15.853666794925498
2224,0.7054986020503262,-0.0785029279470423,0.2936764515711884,-18.87207973392001,-11.301730868069871,-0.5988598515592608,1.4534660577774048,530,2.130000114440918,0.0,"{""type"":""MultiPoint"",""coordinates"":[]}",-16.12484395061847
2232,0.5066056381982732,-0.1400250216533538,0.2975863122517568,-18.50492425712848,-11.633225553900823,-0.6286556698236399,2.2214550971984863,27,2.650000095367432,1.3311203718185425,"{""type"":""MultiPoint"",""coordinates"":[]}",-18.21000221888955
2242,0.9429939403007406,-0.0437689334586858,0.4347301258837731,-17.2690902506335,-10.469625895961222,-0.6062638936974201,12.515764236450195,566,5.050000190734863,3.992015838623047,"{""type"":""MultiPoint"",""coordinates"":[]}",-34.33729628798991
2243,-1.7045454545454544,-0.054820415879017,-0.0174216027874564,-25.788500218479317,-18.844155797355995,-0.7307193376004396,1.0619250535964966,3,2.049999952316284,3.01326584815979,"{""type"":""MultiPoint"",""coordinates"":[]}",-14.235905732170664
2264,0.4629000969932104,-0.092032967032967,0.2818544219695851,-18.733088576033325,-11.408195776494814,-0.6089863788446607,10.445575714111328,67,2.1600000858306885,5.017043113708496,"{""type"":""MultiPoint"",""coordinates"":[]}",-15.821769075703774
2285,1.719755600814664,0.1318819545234639,0.6210650191232715,-15.499653848871496,-8.477903503192383,-0.5469737315333429,1.6803940534591677,35,2.5799999237060547,0.0,"{""type"":""MultiPoint"",""coordinates"":[]}",-18.116115356135076
2291,0.705290670045937,-0.1144788040139258,0.2962901347529529,-17.838154679199427,-10.22838459742009,-0.5733992546520029,1.1715970039367676,330,2.0899999141693115,3.3812255859375,"{""type"":""MultiPoint"",""coordinates"":[]}",-15.904418817767008
2308,0.493922351233672,-0.1434504792332268,0.2735493594574227,-16.717690850059668,-9.297981475560796,-0.5561761824018663,22.912425994873047,212,2.950000047683716,1.3412060737609863,"{""type"":""MultiPoint"",""coordinates"":[]}",-21.888143008570985
2311,1.3835162920369402,0.0986825109790751,0.5023726668775704,-17.054631512181217,-9.566237124143116,-0.5609172568349227,11.6646146774292,216,2.650000095367432,0.0,"{""type"":""MultiPoint"",""coordinates"":[]}",-19.84424584244991
2319,1.5329063459904582,0.0609242725632604,0.5707506995984912,-14.351026352039783,-7.212213399492807,-0.5025573239552792,21.25168228149414,258,6.849999904632568,8.345528602600098,"{""type"":""MultiPoint"",""coordinates"":[]}",-48.90086804413653
2334,1.1638712188476832,0.0854036198472231,0.4806851861154368,-16.065792387766358,-9.465336250646407,-0.5891608718816752,29.46891593933105,31,10.859999656677246,6.125658512115479,"{""type"":""MultiPoint"",""coordinates"":[]}",-71.68095138303589
2362,1.8161691186973288,0.3365200764818356,0.650883030458152,-13.242690234382302,-5.355763932727373,-0.4044317157568241,10.116243362426758,132,2.490000009536743,0.9274099469184875,"{""type"":""MultiPoint"",""coordinates"":[]}",-19.638446566336363
2378,1.587793427230047,0.0998571899373832,0.498967246975509,-16.16811819800389,-10.030445614705318,-0.62038423345666,9.006672859191895,284,2.2799999713897705,1.337855577468872,"{""type"":""MultiPoint"",""coordinates"":[]}",-13.99389331432052
2401,1.041421279937181,-0.0118269096980659,0.1848110085350984,-13.989808705542462,4.004572747850124,0.2862492856148632,22.46134757995605,209,3.9600000381469727,2.6709790229797363,"{""type"":""MultiPoint"",""coordinates"":[]}",-71.25775124186582
2403,1.152317880794702,0.0136861313868613,0.4860335195530726,-17.506540852109904,-10.430819322400462,-0.5958241214250689,21.354127883911133,328,6.349999904632568,13.924497604370115,"{""type"":""MultiPoint"",""coordinates"":[]}",-44.93083103886157
2405,0.8886600116199229,-0.0348729076255424,0.4095168552999878,-18.46977435863063,-11.816791433464545,-0.6397907848799868,3.975795030593872,711,3.470000028610229,0.0,"{""type"":""MultiPoint"",""coordinates"":[]}",-23.085850940669683
2406,0.5593667546174143,-0.067293077241951,0.2536896689270044,-20.06944545787874,-13.252142206750875,-0.6603143188268031,7.363632202148437,4,4.510000228881836,6.347225189208984,"{""type"":""MultiPoint"",""coordinates"":[]}",-30.74603922294355
2451,0.3400230090758021,-0.1357611632994466,0.1976960237829803,-22.419110756710623,-14.856276963868591,-0.6626612948696782,10.68620491027832,302,2.2699999809265137,1.345651388168335,"{""type"":""MultiPoint"",""coordinates"":[]}",-17.167632565501805
2509,1.9329452350150929,0.1420923488735222,0.6442687747035574,-15.331458452406157,-7.942799089012903,-0.5180719834104459,7.679905891418457,166,4.420000076293945,0.9274099469184875,"{""type"":""MultiPoint"",""coordinates"":[]}",-32.657874949908155
2515,2.365682137834036,0.3101336871109297,0.6747793527681198,-18.90153815613257,-12.82714487390805,-0.6786296844178421,66.780907,304,14.109999656677246,36.49586868286133,"{""type"":""MultiPoint"",""coordinates"":[]}",-85.70968712671055
2541,1.3436494204758986,0.0521285069475174,0.5373597961347445,-16.03201659817462,-9.490171067595853,-0.5919511752923452,26.127552032470703,478,9.470000267028809,6.867413520812988,"{""type"":""MultiPoint"",""coordinates"":[]}",-61.95127892144216
2549,1.0291474062660504,0.077714495682528,0.4305667472468439,-16.768810276628386,-10.623256263844072,-0.6335128186553752,11.178808689117432,23,2.375,2.684001445770264,"{""type"":""MultiPoint"",""coordinates"":[]}",-14.595690780362748
2577,1.7664194915254237,0.2414065586724614,0.3740886146943354,-19.81788262433713,-14.367207840838812,-0.7249617990569448,0.8828750252723694,17,2.0899999141693115,2.1257803440093994,"{""type"":""MultiPoint"",""coordinates"":[]}",-11.391909829676315
2580,0.4313246471226927,-0.0958600295712173,0.2926874194142567,-18.092318185959574,-11.99687581316882,-0.6630922411302117,1.1160930395126345,428,2.049999952316284,1.3329139947891235,"{""type"":""MultiPoint"",""coordinates"":[]}",-12.495656573567702
2595,0.6088961903758332,-0.0564735664869175,0.297458050231185,-21.190231807999456,-14.061294097880534,-0.663574340539885,1.0619250535964966,470,2.0199999809265137,1.335865497589111,"{""type"":""MultiPoint"",""coordinates"":[]}",-14.400454038466528
2596,0.8954862791179927,0.1134385602596253,0.3861976449545387,-18.59816817305111,-11.255392340696524,-0.6051882226232191,10.484898567199709,267,2.130000114440918,2.097134828567505,"{""type"":""MultiPoint"",""coordinates"":[]}",-15.640113363229275
2602,2.330909090909091,0.227471992206527,0.6995271007639141,-14.9018100192265,-8.39777098627383,-0.5635403333849326,180.772659,203,23.06999969482422,9.244826316833496,"{""type"":""MultiPoint"",""coordinates"":[]}",-150.04817850534292
2612,2.1274517783022704,0.3990801155203765,0.7099402498642042,-19.13506359113922,-12.70413091544926,-0.6639189284603213,10.794299125671388,249,2.319999933242798,2.095054864883423,"{""type"":""MultiPoint"",""coordinates"":[]}",-14.919763378289638
2622,1.4922775723297803,0.1107273466070703,0.6268656716417911,-15.510663917806376,-9.628237463517667,-0.6207495381589933,36.738201,275,8.239999771118164,1.3452131748199463,"{""type"":""MultiPoint"",""coordinates"":[]}",-48.47119263695839
2629,1.6939890710382512,0.0220340822750461,0.5726186164433177,-8.507206337028196,0.9796006562694716,0.1151495117739995,14.992717742919922,271,5.309999942779541,35.76887893676758,"{""type"":""MultiPoint"",""coordinates"":[]}",-50.374944591571165
2630,1.0771884432945236,0.0330262862278139,0.4089718402095612,-14.859339358522998,-8.33157001473553,-0.5606958569094608,16.586681365966797,358,4.25,14.152291297912598,"{""type"":""MultiPoint"",""coordinates"":[]}",-27.743019711096743
2658,0.5582629884257244,-0.0322140787455258,0.3123934745556367,-19.988101087399443,-12.030736120754923,-0.6018949007787006,13.526342391967772,413,5.71999979019165,19.28794860839844,"{""type"":""MultiPoint"",""coordinates"":[]}",-45.51612593968504
2693,1.231727326968974,0.0021175758798023,0.5563415866599293,-13.951420009238902,-7.633029008125245,-0.5471148458773734,9.202975273132324,551,4.639999866485596,8.078568458557129,"{""type"":""MultiPoint"",""coordinates"":[]}",-29.317333401571158
2711,1.8751059142518216,0.1263234757210661,0.6611891245891843,-18.115975172156404,-12.06188374435602,-0.6658147645783208,62.39476776123047,382,13.449999809265137,23.05636405944824,"{""type"":""MultiPoint"",""coordinates"":[]}",-81.42752854918885
2723,2.4801783944499505,0.2475694444444444,0.7639277537522259,-18.82482694765098,-12.629219897819128,-0.6708810621706692,38.63158416748047,311,9.914999961853027,22.33942031860352,"{""type"":""MultiPoint"",""coordinates"":[]}",-61.42944366273915
2746,0.3871748336358137,-0.2145038920090649,0.1925133689839572,-17.602930942496123,-5.831873151647335,-0.3313012571996358,5.603175163269043,594,3.369999885559082,36.6536865234375,"{""type"":""MultiPoint"",""coordinates"":[]}",-39.66846340806975
2752,0.7784260708695033,0.0899800598205383,0.3628524046434494,-19.64076931497054,-9.763940473333513,-0.4971261724402651,1.2719420194625854,17,2.130000114440918,1.9329513311386108,"{""type"":""MultiPoint"",""coordinates"":[]}",-21.03764656300023
2753,0.9436943967535508,-0.022829006266786,0.4286220646876384,-16.052617829057787,-9.139127873395775,-0.5693232076361092,42.73348236083984,431,6.005000114440918,2.0985848903656006,"{""type"":""MultiPoint"",""coordinates"":[]}",-41.51550797493652
2776,1.8890155834283544,0.3254938852304798,0.6098159509202454,-19.898420759308145,-12.77945529929963,-0.6422346503715184,12.487662315368652,197,2.6850000619888306,2.9444146156311035,"{""type"":""MultiPoint"",""coordinates"":[]}",-19.114422701419205
2781,0.2024948735475051,-0.145919208573784,0.1344808019670891,-16.84661074689059,-8.343738028563802,-0.4952769523747571,9.358772277832031,398,4.639999866485596,5.998114585876465,"{""type"":""MultiPoint"",""coordinates"":[]}",-39.453328277780315
2795,0.3051699859183263,-0.1752892381576075,0.1737089201877934,-21.967439867361755,-15.253407176942863,-0.6943643532902393,10.552311897277832,491,2.200000047683716,5.201324939727783,"{""type"":""MultiPoint"",""coordinates"":[]}",-14.770872239071588
2801,0.4112554112554112,-0.0890322580645161,0.2235294117647059,-21.973341494115594,-11.793482505688043,-0.5367177545047624,3.4303579330444336,195,2.9100000858306885,0.9274099469184875,"{""type"":""MultiPoint"",""coordinates"":[]}",-29.623390530068477
2846,1.9169803843867643,0.1202269255945887,0.6998191681735986,-13.742828792809492,-7.510778234553406,-0.5465234521791603,55.203163146972656,719,11.350000381469728,9.971123695373535,"{""type"":""MultiPoint"",""coordinates"":[]}",-70.73377621354521
2860,0.4435483870967742,-0.1064454558801938,0.2770625769618269,-18.73256639992508,-11.961598260632517,-0.638545621847114,1.1715970039367676,716,2.049999952316284,1.331101655960083,"{""type"":""MultiPoint"",""coordinates"":[]}",-13.880484362684834
2907,0.5108276571134815,-0.1090775480775896,0.2706996066947032,-19.051692959951357,-11.08197137923658,-0.5816790876554667,10.739827156066896,181,2.240000009536743,2.168592691421509,"{""type"":""MultiPoint"",""coordinates"":[]}",-17.85217641680629
2918,0.44867208215834,-0.1348107739515854,0.2123505976095617,-18.128931826396325,-10.724754701840611,-0.5915822732713361,1.22843599319458,504,2.1700000762939453,0.9562368988990784,"{""type"":""MultiPoint"",""coordinates"":[]}",-16.067064925179785
2960,0.4057823991884351,-0.1476140924632079,0.2214022140221402,-18.449611347560754,-12.670147880751236,-0.6867433487928933,3.7229549884796143,311,3.069999933242798,2.6673617362976074,"{""type"":""MultiPoint"",""coordinates"":[]}",-17.74295245728441
2973,1.4891504751099136,0.1469699662342278,0.5340793489318413,-17.251066275421177,-10.68990291186503,-0.6196662131601509,11.399676322937012,90,2.569999933242798,3.9934022426605225,"{""type"":""MultiPoint"",""coordinates"":[]}",-16.86218940633439
2974,1.4356050790360195,0.2122591943957968,0.555667001003009,-18.767338718985755,-10.352846796496404,-0.551641708582958,1.4534660577774048,3,2.2799999713897705,2.8896806240081787,"{""type"":""MultiPoint"",""coordinates"":[]}",-19.185041342535175
3000,1.0868329743957883,0.2806451612903226,0.5054601098977534,-18.976332168687115,-11.51117507647625,-0.6066069551349267,10.962432861328123,363,2.2799999713897705,3.071604013442993,"{""type"":""MultiPoint"",""coordinates"":[]}",-17.020557956660912
3023,1.9254911077531096,0.1020697811945594,0.6207607270001874,-15.627364294163783,-8.754288093330382,-0.5601896729699819,74.462334,212,17.329999923706055,19.373348236083984,"{""type"":""MultiPoint"",""coordinates"":[]}",-119.11041003606873
3029,1.9810009267840591,0.2617107942973523,0.7315731573157316,-16.947773755571603,-9.349299503573713,-0.5516535468559767,10.32534885406494,217,2.049999952316284,1.854334115982056,"{""type"":""MultiPoint"",""coordinates"":[]}",-15.576871854272188
3064,1.242370812423708,-0.0240537672444287,0.5554881746513038,-16.011633152138174,-8.603119223876279,-0.5373042925810119,6.100218772888184,97,3.650000095367432,2.125892639160156,"{""type"":""MultiPoint"",""coordinates"":[]}",-27.041076544686867
3084,1.190530475756194,-0.0418630440809537,0.4829659318637274,-16.919654472866906,-9.417519275128406,-0.556602340209178,10.7426176071167,332,2.130000114440918,1.854334115982056,"{""type"":""MultiPoint"",""coordinates"":[]}",-15.979548829734243
3093,1.725721784776903,0.0657249362370021,0.5662872962165487,-14.638192723289384,-9.119055729347725,-0.6229632237891836,54.04967498779297,62,20.709999,4.709096908569336,"{""type"":""MultiPoint"",""coordinates"":[]}",-114.30132162539476
3097,2.098404255319149,0.1620230700976042,0.6230586996578047,-16.445453246057852,-9.402299723508152,-0.5717263965200827,1.2866109609603882,32,2.1700000762939453,2.0903069972991943,"{""type"":""MultiPoint"",""coordinates"":[]}",-15.283643681282818
3103,1.5189274447949528,0.0548733463842913,0.5529186602870814,-15.854130608131465,-10.128486800262475,-0.6388547597222173,81.810699,963,13.56999969482422,12.571420669555664,"{""type"":""MultiPoint"",""coordinates"":[]}",-77.69698472545437
3145,0.8356801569471253,-0.0506999621642073,0.4047509578544061,-17.235201108539428,-9.559307238671142,-0.5546385666445659,1.331117033958435,585,2.240000009536743,5.470975875854492,"{""type"":""MultiPoint"",""coordinates"":[]}",-17.19400234170799
3149,0.6170205199331412,-0.0225776105362182,0.413095238095238,-18.29766067518925,-11.41866586072115,-0.624050585668818,1.8173799514770508,420,2.569999933242798,3.379779577255249,"{""type"":""MultiPoint"",""coordinates"":[]}",-17.679016213960566
3150,3.0064680064680065,0.3607738998482549,0.6225783305429323,-19.36304899408196,-13.0860143781753,-0.6758240596393086,11.510930061340332,101,2.650000095367432,1.937657713890076,"{""type"":""MultiPoint"",""coordinates"":[]}",-16.634142330777326
3155,0.8184993779309024,-0.0324221233312142,0.4235483471585985,-16.87899983764472,-9.78005354971626,-0.5794213901172097,12.97276782989502,87,3.359999895095825,2.148094892501831,"{""type"":""MultiPoint"",""coordinates"":[]}",-23.852458782730523
3162,1.4469187520670268,0.00893601811033,0.5238475354220714,-13.838479178453955,-7.0135790458056935,-0.5068171838366169,35.007713317871094,182,13.859999656677246,0.9784109592437744,"{""type"":""MultiPoint"",""coordinates"":[]}",-94.5931134953614
3166,0.8983175733759057,-0.1253653284110137,0.3867301083795929,-17.12241139970669,-10.244538228484142,-0.5983116506977302,10.834460258483888,66,2.2699999809265137,1.3444629907608032,"{""type"":""MultiPoint"",""coordinates"":[]}",-15.612771967490161
3212,0.8387622149837133,0.0298184241212726,0.416607185343802,-17.272817464195843,-10.53406096518681,-0.6098635029880017,3.265131950378418,390,2.990000009536743,10.490726470947266,"{""type"":""MultiPoint"",""coordinates"":[]}",-20.148881996302794
3251,1.6037428803905616,0.0236851271334029,0.5665421098016672,-15.361311552710966,-7.50097316855874,-0.4883029123405135,10.516706466674805,83,2.0199999809265137,3.3917977809906006,"{""type"":""MultiPoint"",""coordinates"":[]}",-15.877883386063438
3279,1.731135822081017,0.1393611059219129,0.596877995344379,-16.94347283030139,-9.572949127221207,-0.5649933294726407,0.787926971912384,31,2.009999990463257,1.3401345014572144,"{""type"":""MultiPoint"",""coordinates"":[]}",-14.814752572900373
3304,1.4086841233012926,0.0171496156120638,0.5490956072351422,-16.280722271875483,-10.319737301209786,-0.633862375936285,12.336124420166016,186,2.9200000762939453,1.3407158851623535,"{""type"":""MultiPoint"",""coordinates"":[]}",-17.406076569130896
3377,2.415107080841212,0.2429321486268174,0.7528191249436175,-14.857428005555263,-6.67971946986896,-0.449587873982723,45.86655426025391,104,9.81999969482422,2.9441611766815186,"{""type"":""MultiPoint"",""coordinates"":[]}",-80.30509532480092
3389,1.8048021342819032,0.1410055398766593,0.6232151082450483,-17.46610389353017,-11.563929577978884,-0.6620783689636942,10.796686172485352,230,2.200000047683716,2.7802884578704834,"{""type"":""MultiPoint"",""coordinates"":[]}",-12.984783775650435
3430,2.095477386934673,0.3463862161557395,0.67624944714728,-19.38900671555069,-12.413433895780416,-0.6402305222693225,2.358426094055176,325,2.720000028610229,3.3840723037719727,"{""type"":""MultiPoint"",""coordinates"":[]}",-18.973558269347876
3459,0.6559148082413767,-0.1683694319574989,0.3019538188277087,-21.066258656772057,-13.899426841134485,-0.6597956983057507,1.376373052597046,468,2.2699999809265137,1.331472396850586,"{""type"":""MultiPoint"",""coordinates"":[]}",-16.26870808480082
3530,1.1476037893563666,0.1353617890549403,0.5099829747717072,-16.07226969737861,-9.71724711749191,-0.604597066901932,14.559749603271484,94,3.549999952316284,1.3417019844055176,"{""type"":""MultiPoint"",""coordinates"":[]}",-22.56032985556669
3554,0.4574829931972789,-0.0757600657354149,0.2590274434280212,-17.448531497833912,-10.64108752686862,-0.6098557651221033,2.2992279529571533,178,2.5799999237060547,1.854334115982056,"{""type"":""MultiPoint"",""coordinates"":[]}",-17.563204925723692
3555,0.6150667514303878,-0.0827478532396565,0.3536399634480658,-15.937711418794386,-10.470896216077946,-0.6569886943573496,18.013771057128906,402,5.570000171661377,1.3392640352249146,"{""type"":""MultiPoint"",""coordinates"":[]}",-30.450161617571595
3560,0.7639346225229,-0.1510162943053922,0.3796489140136864,-15.148365609050176,-10.718941079395847,-0.7075971993303336,11.247275352478027,584,2.390000104904175,2.092129945755005,"{""type"":""MultiPoint"",""coordinates"":[]}",-10.58632509053897
3564,1.148648648648649,-0.0243710691823899,0.4921334172435494,-15.0696105585415,-9.086934577306303,-0.6029973065333,13.120389938354492,167,3.289999961853028,0.9274099469184875,"{""type"":""MultiPoint"",""coordinates"":[]}",-19.683003750042822
3584,1.7284179325676177,0.2804323793145805,0.6142198815009875,-15.87355988701583,-7.677002178631231,-0.4836345617035045,49.494289,14,14.460000038146973,0.966539978981018,"{""type"":""MultiPoint"",""coordinates"":[]}",-118.52222477591516
3615,1.0048499545316762,0.087741661355428,0.4198860037998733,-16.92949843728078,-8.871774777093368,-0.5240423873135343,11.220144271850586,24,2.430000066757202,2.151042938232422,"{""type"":""MultiPoint"",""coordinates"":[]}",-19.580269032166502
3622,0.255972091421859,-0.1443311632477582,0.1826178048295916,-20.002695676806376,-13.603707417854627,-0.6800937052513609,10.645873069763184,392,2.2799999713897705,7.9106526374816895,"{""type"":""MultiPoint"",""coordinates"":[]}",-14.589693047333464
3648,0.6953145917001338,-0.0750200803212851,0.3253162971314042,-15.789970345204209,-9.510726427220645,-0.6023270607413952,11.110000610351562,172,2.430000066757202,2.1496856212615967,"{""type"":""MultiPoint"",""coordinates"":[]}",-15.258563139884815
3665,1.1760947845278196,0.0884151992585727,0.5244755244755245,-16.169434445757883,-9.842607169134034,-0.6087168479610171,17.551210403442383,278,4.489999771118164,3.47097396850586,"{""type"":""MultiPoint"",""coordinates"":[]}",-28.407453023945237
3692,1.2737618809404705,0.0680143909542573,0.567884025648174,-14.275412404532444,-9.653042624696162,-0.6762006134149456,0.9703500270843506,99,2.0899999141693115,3.418315887451172,"{""type"":""MultiPoint"",""coordinates"":[]}",-9.660752443116648
3702,2.191664001705575,0.1946932758816192,0.7206449351559762,-14.880173908536454,-8.552156836461194,-0.5747350057216062,129.659698,347,19.219999,6.69667911529541,"{""type"":""MultiPoint"",""coordinates"":[]}",-121.62448179726944
3708,1.61505442281159,0.2345628693702873,0.5689981096408318,-18.9664610310534,-10.978204093800644,-0.5788219571287577,17.415782928466797,507,5.460000038146973,3.065903186798096,"{""type"":""MultiPoint"",""coordinates"":[]}",-43.61588318212786
3763,1.4318795831725204,0.1975308641975308,0.6400230017251294,-15.166978842106367,-9.23173559763464,-0.6086733352594662,47.40275573730469,41,10.970000267028809,2.9408223628997803,"{""type"":""MultiPoint"",""coordinates"":[]}",-65.10961997673579
3769,2.236622847620811,0.267688431660718,0.7272727272727273,-15.929491656570658,-8.169602102476757,-0.5128601890511005,12.515764236450195,432,5.949999809265137,2.6590054035186768,"{""type"":""MultiPoint"",""coordinates"":[]}",-46.171341366777234
3773,0.6151719371003974,0.0052007489078427,0.3057543658746063,-17.223314442213194,-11.034021325130482,-0.6406444800245202,10.834460258483888,188,2.3499999046325684,2.667849540710449,"{""type"":""MultiPoint"",""coordinates"":[]}",-14.544838234887386
3781,1.219820579204046,0.0354946406606923,0.533157894736842,-15.546203628725223,-7.505243717672702,-0.4827701924478218,21.284513473510746,75,7.079999923706055,0.0,"{""type"":""MultiPoint"",""coordinates"":[]}",-56.929995556775296
3807,0.8232591876208897,-0.0828178694158075,0.3858356940509915,-17.87604348533749,-9.271918821214944,-0.5186784664526057,2.378324031829834,327,2.619999885559082,4.843262672424316,"{""type"":""MultiPoint"",""coordinates"":[]}",-22.542805635337146
3818,1.850480384307446,0.145975443383356,0.6610654272434752,-13.179173566391832,-6.698147626821214,-0.5082373028231557,26.72781562805176,229,9.239999771118164,5.46604061126709,"{""type"":""MultiPoint"",""coordinates"":[]}",-59.88467819824339
3846,0.5025637542870726,-0.1316355561723683,0.3329583802024747,-18.44552150549285,-10.50290859187173,-0.5694015530406171,2.0698800086975098,508,2.690000057220459,0.9613284468650818,"{""type"":""MultiPoint"",""coordinates"":[]}",-21.365629192120767
3854,0.8260644269798774,-0.1792868589743589,0.3519779208831646,-16.45167651312906,-10.969243411278748,-0.6667553548433119,1.6303950548171997,376,2.3499999046325684,4.241395950317383,"{""type"":""MultiPoint"",""coordinates"":[]}",-12.883717266502664
3866,0.5546966792406159,-0.0350563217180755,0.2691269126912691,-20.706324449825157,-11.256133135953451,-0.5436084594940508,1.125489503145218,18,2.1299999952316284,0.0,"{""type"":""MultiPoint"",""coordinates"":[]}",-20.12890745348471
3879,0.4659822866344605,-0.0332960893854748,0.2882938978829389,-16.48149183334677,-9.155866838210262,-0.555524155870728,11.451860427856444,167,2.869999885559082,1.963746190071106,"{""type"":""MultiPoint"",""coordinates"":[]}",-21.024542897690527
3894,0.7753050969131371,-0.0513317191283292,0.3672081601813373,-17.08372418179579,-11.155361306695731,-0.652981819888122,8.221494674682617,462,4.119999885559082,2.1264452934265137,"{""type"":""MultiPoint"",""coordinates"":[]}",-24.424854366964958
3917,2.1482266769468,0.2196069963290866,0.7024897573274503,-11.364740860461598,-5.000397770839491,-0.4399922384711895,136.307114,497,22.170000076293945,16.32103157043457,"{""type"":""MultiPoint"",""coordinates"":[]}",-141.09748678248295
3919,1.1674283340257583,0.1104972375690607,0.513899049012436,-16.88459631905594,-9.643935493991592,-0.5711676673671763,10.29963207244873,514,2.049999952316284,3.0551598072052,"{""type"":""MultiPoint"",""coordinates"":[]}",-14.843354346120304
3965,0.7289107289107289,-0.0823466092572658,0.3704217536071032,-18.951674486995763,-12.809107438058511,-0.6758826217096462,2.8369579315185547,457,2.5799999237060547,1.9124360084533687,"{""type"":""MultiPoint"",""coordinates"":[]}",-15.847822517617436
3969,0.913718375163794,-0.0432989690721649,0.4229064613949148,-16.63600988738374,-10.563012348797704,-0.6349486698014277,1.7482229471206665,63,2.314999938011169,0.9274099469184875,"{""type"":""MultiPoint"",""coordinates"":[]}",-14.058988925368654
3984,0.4388127061274084,-0.1199947051426302,0.2528505701140228,-18.401788008582585,-10.54085044589641,-0.5728166437402802,2.499444961547852,421,2.680000066757202,2.133546829223633,"{""type"":""MultiPoint"",""coordinates"":[]}",-21.067313192773145
4072,1.369385438624939,0.2799034399517199,0.5188940092165899,-18.6320554215373,-10.653557993953257,-0.5717865127021101,10.285636901855469,24,2.0199999809265137,0.9700289368629456,"{""type"":""MultiPoint"",""coordinates"":[]}",-16.116564651542003
4075,0.5920281359906213,-0.0124209046168268,0.300495867768595,-17.380845699044826,-9.36711144310068,-0.5389330073631258,10.286048889160156,434,2.059999942779541,0.9842997193336488,"{""type"":""MultiPoint"",""coordinates"":[]}",-16.50829210869539
4085,1.2398042414355628,0.0667016806722689,0.4202211690363349,-18.004073679992473,-10.5739126081471,-0.5873066727058363,11.622679710388184,131,2.7300000190734863,0.0,"{""type"":""MultiPoint"",""coordinates"":[]}",-20.284339867856943
4086,0.371588693957115,-0.1652012956964368,0.2331210191082802,-20.613483316165784,-11.771285763024888,-0.5710478710695854,14.285264015197754,80,3.440000057220459,0.9274099469184875,"{""type"":""MultiPoint"",""coordinates"":[]}",-30.41716008875928
4089,0.7995599814729042,0.0260438197602315,0.4319674695026587,-16.04878319792714,-9.697742902705274,-0.6042665529906238,8.452250957489014,195,4.255000114440918,1.3391848802566528,"{""type"":""MultiPoint"",""coordinates"":[]}",-27.02367718298792
4109,0.4557830538009149,0.0532402791625124,0.2059040590405904,-18.461366303303585,-11.838634018073922,-0.6412653225972472,2.378324031829834,243,2.390000104904175,2.11780047416687,"{""type"":""MultiPoint"",""coordinates"":[]}",-15.82833085645116
4143,1.3739760740173257,0.3513018714401952,0.5951499680918954,-18.861207361230885,-11.222024954334032,-0.5949791410172844,10.246796607971191,253,2.0899999141693115,2.095064878463745,"{""type"":""MultiPoint"",""coordinates"":[]}",-15.96589057473814
4151,1.5614727153188692,0.2984070796460177,0.5644682115270351,-18.95066508442642,-11.515667455727918,-0.6076656098572207,10.648683547973633,372,2.130000114440918,0.9777406454086304,"{""type"":""MultiPoint"",""coordinates"":[]}",-15.83654579999576
4173,1.885017883163333,0.3263031550068587,0.6624767225325885,-16.996454347282324,-9.887437505567323,-0.5817353021719082,10.246796607971191,30,2.049999952316284,0.9692143201828004,"{""type"":""MultiPoint"",""coordinates"":[]}",-14.573484186531411
4203,0.5492235906065938,-0.0308557531539747,0.332561371005095,-15.2962258358641,-8.30344748743075,-0.5428428931770984,10.297344207763672,146,2.3499999046325684,2.1529557704925537,"{""type"":""MultiPoint"",""coordinates"":[]}",-16.43302845193506
4212,0.3542906926092638,-0.1212082751618225,0.2315429872841146,-19.087720895784912,-11.750009704100757,-0.6155795009919428,1.5487250089645386,729,2.309999942779541,0.9274099469184875,"{""type"":""MultiPoint"",""coordinates"":[]}",-16.950112432923195
4214,0.3967002304986049,-0.0949432404540763,0.2519260400616332,-19.14799012336669,-12.22578793910019,-0.6384893589526562,2.1261000633239746,355,2.559999942779541,2.1275601387023926,"{""type"":""MultiPoint"",""coordinates"":[]}",-17.72083719563065
4215,1.5118243243243243,0.0872218571026194,0.5851411589895988,-13.695178583637146,-6.528415328375246,-0.4766944285177359,68.011147,534,13.949999809265137,21.662931442260746,"{""type"":""MultiPoint"",""coordinates"":[]}",-99.97634604395189
4245,0.2689602032991661,-0.187537418875877,0.1831948392739995,-25.047019117115923,-14.775566556866604,-0.5899131744092332,10.592205047607422,362,2.200000047683716,5.166823387145996,"{""type"":""MultiPoint"",""coordinates"":[]}",-22.597196122329528
4331,1.094893382642222,0.13264875509917,0.5245994344957587,-18.23856042206876,-10.696715214158049,-0.5864890082670648,11.261307716369627,536,2.470000028610229,2.094610929489136,"{""type"":""MultiPoint"",""coordinates"":[]}",-18.62835787931337
4355,0.47542021239187,-0.0774262353359402,0.2824905975762641,-18.707356315963835,-12.55576668174382,-0.671167345598128,162.993668,226,25.520000457763672,3.029204130172729,"{""type"":""MultiPoint"",""coordinates"":[]}",-156.98857028126903
4391,1.4453499520613613,0.0777669847437289,0.5277437423420269,-15.16737188836868,-9.149451125562774,-0.6032324645892782,29.92751121520996,219,7.929999828338623,9.720413208007812,"{""type"":""MultiPoint"",""coordinates"":[]}",-47.72211061600627
4401,0.8853055590412849,0.0859359052867932,0.3822812246003793,-16.033640273288867,-9.967145672453244,-0.6216395966584047,11.500130653381348,100,2.309999942779541,2.7802884578704834,"{""type"":""MultiPoint"",""coordinates"":[]}",-14.013602180802685
4431,2.0207253886010363,0.1302422505860901,0.5163763066202091,-15.383094082627164,-7.625165303440737,-0.49568476032739,21.661421,8,6.78000020980835,0.9677872061729432,"{""type"":""MultiPoint"",""coordinates"":[]}",-52.598758750562205
4465,0.9913433736008372,0.0192141156094392,0.4543865354906904,-15.842243691955126,-9.923564855527756,-0.6263989526033523,21.99565315246582,528,7.639999866485596,2.6817891597747803,"{""type"":""MultiPoint"",""coordinates"":[]}",-45.21870552007623
4517,0.6525183927560838,-0.1397813845644253,0.3142545652766421,-18.488096029596967,-11.09174334950326,-0.5999397305026362,10.378406524658203,87,2.0199999809265137,1.3438682556152344,"{""type"":""MultiPoint"",""coordinates"":[]}",-14.940632272715058
4549,0.568762278978389,-0.0686285039200945,0.2786780041713461,-15.60046665461855,-9.036812624217674,-0.5792655325180486,12.789923667907717,449,3.0999999046325684,1.9422608613967896,"{""type"":""MultiPoint"",""coordinates"":[]}",-20.34732686828389
4592,0.5198275862068966,-0.133658719729679,0.2635873524697654,-18.158031136835827,-8.461584432025532,-0.4659968015397966,4.811522006988525,520,3.890000104904175,1.3312275409698486,"{""type"":""MultiPoint"",""coordinates"":[]}",-37.719178698909786
4599,0.4626496616345653,-0.1977116704805492,0.2776259273721203,-18.20629295410661,-10.73668879698232,-0.5897240489344401,1.331117033958435,533,2.240000009536743,3.402415037155152,"{""type"":""MultiPoint"",""coordinates"":[]}",-16.731913383194104
4605,1.5387816245006658,0.0182467274890916,0.6116440621898777,-15.338691564068911,-8.47052505410155,-0.5522325694287945,31.088489532470703,394,8.449999809265137,18.91753196716309,"{""type"":""MultiPoint"",""coordinates"":[]}",-58.0360056992254
4627,0.7827909270216962,-0.1181116996561657,0.4191419141914191,-16.46690945912002,-10.653390998422635,-0.6469575256286098,11.573028564453123,781,2.990000009536743,10.493799209594728,"{""type"":""MultiPoint"",""coordinates"":[]}",-17.38242025292722
4629,0.445494816641549,-0.0343069569835369,0.2882257349682375,-16.630057573456988,-9.70572977240318,-0.5836257469062744,26.202924728393555,539,8.539999961853027,7.441748142242432,"{""type"":""MultiPoint"",""coordinates"":[]}",-59.13375915685738
4682,0.9512729263618944,-0.066461182816413,0.4445155100735529,-15.404151000750332,-8.699928881194994,-0.5647782134030771,11.591291427612305,229,2.680000066757202,5.928235054016113,"{""type"":""MultiPoint"",""coordinates"":[]}",-17.967315727963417
4713,0.4680290046143704,-0.153767612824178,0.2258269720101781,-25.676798297814138,-13.95074877901116,-0.5433211967162894,1.214100956916809,466,2.0899999141693115,3.4252476692199707,"{""type"":""MultiPoint"",""coordinates"":[]}",-24.50744248784332
4722,1.0687550385811355,-0.125640309211139,0.4606221045665122,-16.271858209487757,-8.908939985178908,-0.5475059990373013,28.998722076416016,436,8.609999656677246,0.9274099469184875,"{""type"":""MultiPoint"",""coordinates"":[]}",-63.39472338344183
4749,0.9020899107685444,-0.0825608967449881,0.4377204413170011,-13.938450622115338,-7.908331084466805,-0.5673751910358753,29.983806610107425,295,10.0600004196167,6.464860916137695,"{""type"":""MultiPoint"",""coordinates"":[]}",-60.663005079083106
4799,0.7327777777777778,-0.0977469083516855,0.360481005739273,-17.479247192981084,-12.431698038819446,-0.7112261701872082,10.501293182373049,448,2.0899999141693115,1.854334115982056,"{""type"":""MultiPoint"",""coordinates"":[]}",-10.549377298963204
4834,3.113975576662144,-0.3614457831325301,-0.7367576243980738,-28.558282124794644,-23.020103637686887,-0.8060745228684661,10.688675880432127,497,2.130000114440918,0.9748270511627196,"{""type"":""MultiPoint"",""coordinates"":[]}",-11.796320811333752
4840,0.4899349373389808,-0.1537884471117779,0.2744618395303327,-17.73149347808716,-11.79142718765965,-0.6649990990455299,12.640151977539062,412,3.1700000762939453,0.966184675693512,"{""type"":""MultiPoint"",""coordinates"":[]}",-18.830010593846296
4854,0.6562668101129641,-0.0553880934438583,0.3466894003978403,-17.66172695973072,-10.31698661866436,-0.5841437047570379,10.099776268005373,306,2.0899999141693115,13.413756370544434,"{""type"":""MultiPoint"",""coordinates"":[]}",-15.350506682424573
4857,0.6237473725375177,-0.0884819442067431,0.3391812865497076,-15.783910297885894,-10.414492761628017,-0.6598170266478858,4.925063133239746,598,3.400000095367432,1.3321079015731812,"{""type"":""MultiPoint"",""coordinates"":[]}",-18.256020135344347
4891,1.435939367255802,0.2426062999966807,0.5960835509138381,-18.896961897301576,-11.27398440721888,-0.5966030131451324,10.834460258483888,470,2.2799999713897705,2.7802884578704834,"{""type"":""MultiPoint"",""coordinates"":[]}",-17.380388459293414
4958,1.3684083504283815,0.1315422191207257,0.5830334190231362,-15.155455305570646,-8.365348288970104,-0.5519694473247054,8.592581748962402,357,4.929999828338623,2.0846755504608154,"{""type"":""MultiPoint"",""coordinates"":[]}",-33.475226426241555
4981,1.1112283107431042,0.1107041479717974,0.5309979838709677,-17.969808712045804,-11.403399574088107,-0.6345865866921556,10.726340293884276,624,2.240000009536743,2.149646759033203,"{""type"":""MultiPoint"",""coordinates"":[]}",-14.7087565316474
4988,1.5035754610462928,0.052537446903644,0.5654635527246992,-13.383539702766578,-7.757036355808323,-0.5795952736035017,19.03815650939941,663,6.320000171661377,7.311985492706299,"{""type"":""MultiPoint"",""coordinates"":[]}",-35.55950211862949
5003,0.9087216976342776,0.0089940039973351,0.4594455852156057,-18.445042344882797,-9.511313168111537,-0.5156568898173475,20.2088565826416,549,6.099999904632568,2.920233249664306,"{""type"":""MultiPoint"",""coordinates"":[]}",-54.49574712631788
5016,0.7381936445558643,-0.1187826913932477,0.3450514647664291,-17.066654015894656,-10.303585965462982,-0.6037261876796097,15.48031234741211,474,5.119999885559082,22.99251747131348,"{""type"":""MultiPoint"",""coordinates"":[]}",-34.62690764423845
5025,0.2147908516400842,-0.2092043428941824,0.1397796817625459,-18.715113385170888,-11.61024677700664,-0.6203674291498622,1.5977734923362732,341,2.1700000762939453,1.919408679008484,"{""type"":""MultiPoint"",""coordinates"":[]}",-15.417561081774721
5067,0.6101505856107083,-0.1239356669820246,0.3176538908246225,-17.469656810203748,-11.351246609281588,-0.6497692961347418,1.3916250467300415,586,2.200000047683716,2.085963487625122,"{""type"":""MultiPoint"",""coordinates"":[]}",-13.460502733777284
5075,0.9696823869104908,-0.1015372168284789,0.4331780723754926,-16.50794029791348,-10.401874871673009,-0.6301134292924329,16.411571502685547,233,2.7300000190734863,0.9274099469184875,"{""type"":""MultiPoint"",""coordinates"":[]}",-16.669558730100437
5077,0.751466275659824,-0.0779889152810768,0.3960077269800386,-18.013229351299593,-11.62919505381155,-0.6455919050946044,10.501293182373049,122,2.0899999141693115,0.0,"{""type"":""MultiPoint"",""coordinates"":[]}",-13.34263113380395
5084,1.1924134139637164,0.0896334253054789,0.5171673819742489,-15.752819532066418,-9.144140908210913,-0.5804764594425214,2.0144050121307373,47,2.5799999237060547,1.854334115982056,"{""type"":""MultiPoint"",""coordinates"":[]}",-17.05039034534504
5089,0.3630579515266799,-0.1154456073580716,0.2584636936726593,-16.160108980243734,-11.8435554192476,-0.7328883384218966,10.487507820129396,585,2.130000114440918,2.945476531982422,"{""type"":""MultiPoint"",""coordinates"":[]}",-9.194259578912117
5100,0.4405317287036333,-0.1827077660790454,0.1792395536873191,-18.93931264397957,-10.922454082944412,-0.57670805103988,10.742215156555176,374,2.1700000762939453,0.9274099469184875,"{""type"":""MultiPoint"",""coordinates"":[]}",-17.39658368908406
5121,0.6929972641015193,-0.0882882882882882,0.3837228041901692,-16.596970461990978,-10.423195823038723,-0.6280179775525343,2.0885369777679443,625,2.690000057220459,2.939180374145508,"{""type"":""MultiPoint"",""coordinates"":[]}",-16.607454132047785
5123,0.7250368912936547,-0.0758037225042301,0.4089900110987791,-18.111886362134484,-10.234119955188891,-0.5650499208400953,1.8173799514770508,45,2.3499999046325684,2.668280839920044,"{""type"":""MultiPoint"",""coordinates"":[]}",-18.512750305039795
5141,0.7569506726457399,-0.1100023758612497,0.3647363872082973,-13.470629902282909,-8.849633631094864,-0.6569576697816552,5.097817897796631,298,3.920000076293945,18.567094802856445,"{""type"":""MultiPoint"",""coordinates"":[]}",-18.11430573561117
5154,0.6054650047938639,-0.0376125728412502,0.3359936153232242,-18.197040948611544,-10.23774098712433,-0.5626047122735898,1.3916250467300415,57,2.319999933242798,2.0889077186584477,"{""type"":""MultiPoint"",""coordinates"":[]}",-18.46557537930974
5195,0.4051227595971297,-0.1186599038974906,0.248961835080087,-20.685067683984528,-11.273658481786883,-0.5450143385566752,12.476588249206545,290,2.799999952316284,1.34008526802063,"{""type"":""MultiPoint"",""coordinates"":[]}",-26.35194531738244
5230,2.2091134305324287,0.1995024560959669,0.6929740747818333,-16.68133639680147,-10.421484177784148,-0.6247391653694122,100.47924041748048,338,16.469999,22.92008781433105,"{""type"":""MultiPoint"",""coordinates"":[]}",-103.09975978736308
5231,0.5858695652173913,0.0242587601078167,0.3312845728334357,-16.21250469795919,-11.35118904383361,-0.7001502392941471,2.561120986938477,589,2.859999895095825,0.9564177393913268,"{""type"":""MultiPoint"",""coordinates"":[]}",-13.903362260826851
5255,1.1840000000000002,0.0328083989501312,0.452445652173913,-20.1642646540682,-12.218980628110888,-0.6059720420127332,73.9396935,387,17.25,21.224428176879883,"{""type"":""MultiPoint"",""coordinates"":[]}",-137.05614944776366
5256,0.7305089732274199,-0.0841384485507926,0.3827065351418002,-15.150999236948708,-8.69793046256251,-0.5740829582613197,16.406034469604492,512,4.679999828338623,1.854334115982056,"{""type"":""MultiPoint"",""coordinates"":[]}",-30.200360756384736
5259,1.1267605633802815,-0.0421267893660531,0.4582470669427191,-16.018612907968315,-11.27908392087349,-0.7041236332805577,7.019862174987793,529,4.190000057220459,0.0,"{""type"":""MultiPoint"",""coordinates"":[]}",-19.858626727125344
5287,1.351107094441934,-0.0580013976240391,0.469572045543777,-17.23538113016471,-10.756157336981826,-0.624074237508842,10.578492164611816,192,2.200000047683716,0.9780545234680176,"{""type"":""MultiPoint"",""coordinates"":[]}",-14.254292653955815
5337,1.0887715636318989,0.1706753896478737,0.4719893546240851,-16.78257012093215,-9.63207706603016,-0.5739333723394667,11.299622535705566,148,2.5,1.3427881002426147,"{""type"":""MultiPoint"",""coordinates"":[]}",-17.876232637254972
5344,1.4703703703703703,0.1335669781931464,0.5705662546708824,-15.53032029970009,-10.304514155381398,-0.6635094419514574,2.6866989135742188,331,2.5799999237060547,0.9274099469184875,"{""type"":""MultiPoint"",""coordinates"":[]}",-13.482579453644858
5358,0.928688554625236,0.0419819017949859,0.4282546019072965,-15.32581304700946,-9.421840874154896,-0.6147693988733204,22.18760681152344,129,3.200000047683716,4.0425896644592285,"{""type"":""MultiPoint"",""coordinates"":[]}",-18.892711234657938
5361,0.875425459496256,-0.112453712726564,0.4383094751192911,-16.232789098092965,-10.286971647615282,-0.6337155978219294,1.2719420194625854,76,2.1700000762939453,5.443465232849121,"{""type"":""MultiPoint"",""coordinates"":[]}",-12.902424321166444
5367,2.583564082278481,0.218228620459529,0.7444080353326684,-18.921567824299053,-12.763314302793033,-0.6745378829761876,143.351654,243,24.139999,19.841588973999023,"{""type"":""MultiPoint"",""coordinates"":[]}",-148.66023385090182
5374,0.3581484401396553,-0.1014736842105263,0.1941391941391941,-19.381580372330472,-10.883842223801247,-0.5615559729762407,1.7482229471206665,63,2.539999961853028,2.135910987854004,"{""type"":""MultiPoint"",""coordinates"":[]}",-21.584254573101248
5416,0.8441845067314059,0.080797022115174,0.4766355140186916,-16.118037330539067,-10.08626817720621,-0.6257752088770522,19.891918182373047,83,10.244999885559082,0.9725923538208008,"{""type"":""MultiPoint"",""coordinates"":[]}",-61.795474285613935
5426,2.071206829646876,0.1833385926159672,0.6690692572861172,-15.868061848069436,-8.481020347271057,-0.5344710922148874,24.21612548828125,162,8.5,6.103507041931152,"{""type"":""MultiPoint"",""coordinates"":[]}",-62.78985275678622
5444,1.678073177151882,-0.0148802017654476,0.5714926042133572,-14.443605878210183,-8.234768154450968,-0.5701324325717063,86.98834991455078,417,17.079999923706055,24.443191528320312,"{""type"":""MultiPoint"",""coordinates"":[]}",-106.04694784811068
5460,2.0211427133148754,0.157020757020757,0.6019490254872564,-15.542142910613451,-9.77259973083835,-0.6287807149273357,40.083457946777344,146,12.199999809265137,2.9467945098876958,"{""type"":""MultiPoint"",""coordinates"":[]}",-70.38842569280321
5462,1.1602469467185612,0.0569288389513108,0.4902183158491636,-17.492642742914818,-11.369466389650045,-0.649957045184331,0.8707129955291748,83,2.009999990463257,2.089355945587158,"{""type"":""MultiPoint"",""coordinates"":[]}",-12.307584411667033
5507,1.4542538825118163,0.0518367346938775,0.569398545935228,-13.681980070926636,-7.380530186206402,-0.539434361689327,18.024049758911133,77,5.130000114440918,5.169756889343262,"{""type"":""MultiPoint"",""coordinates"":[]}",-32.32643862975851
5516,1.3699107199392135,0.0965089091348867,0.5390556870561853,-14.767460004201844,-9.594001446896264,-0.6496717407168493,10.402565002441406,318,5.159999847412109,0.9274099469184875,"{""type"":""MultiPoint"",""coordinates"":[]}",-26.695045366289662
5526,1.5324800440407378,0.3450639853747714,0.6243341743762265,-19.04773919795175,-11.224955837012038,-0.589306464161326,11.233482360839844,229,2.5,0.9274099469184875,"{""type"":""MultiPoint"",""coordinates"":[]}",-19.556958402349277
5545,2.308169596690796,0.4096,0.7931769722814499,-14.829350811869237,-10.281758984619264,-0.6933384417873414,35.308498,78,7.340000152587891,0.9274099469184875,"{""type"":""MultiPoint"",""coordinates"":[]}",-33.379324705922244
5548,0.574062190070591,-0.1701597267103684,0.2947872977831036,-17.968911921855693,-10.185919370428422,-0.5668634480888756,2.6866989135742188,559,2.7699999809265137,5.003880500793457,"{""type"":""MultiPoint"",""coordinates"":[]}",-21.558889219004737
5582,0.30777451242319,-0.1403769841269841,0.2116091109478324,-17.5972131780322,-11.232598990785178,-0.6383169242279566,1.2719420194625854,312,2.130000114440918,6.644911289215088,"{""type"":""MultiPoint"",""coordinates"":[]}",-13.556628947208445
5602,0.8355376476377953,-0.0026192799548045,0.4101305956065524,-18.115169587879635,-12.025965580741168,-0.663861606285343,11.7068510055542,477,2.789999961853028,2.7802884578704834,"{""type"":""MultiPoint"",""coordinates"":[]}",-16.988878947631626
5604,0.4230515433682821,-0.1626514611546685,0.2667591308368007,-18.485313059764792,-12.11432347577253,-0.655348569786498,0.9074490070343018,351,2.039999961853028,2.6658945083618164,"{""type"":""MultiPoint"",""coordinates"":[]}",-12.996818508310252
5628,0.4690603514132926,-0.0829546929767623,0.2247437774524158,-18.555465826768213,-12.232146100646943,-0.6592206423080356,1.331117033958435,3,2.200000047683716,3.032231569290161,"{""type"":""MultiPoint"",""coordinates"":[]}",-13.911303698986174
5636,1.6422287390029324,0.1359149582384206,0.5846867749419954,-17.634438099010218,-8.774277072420094,-0.4975648797628871,30.89789581298828,68,7.5,1.854334115982056,"{""type"":""MultiPoint"",""coordinates"":[]}",-66.45120769942592
5685,0.5660557464681176,-0.1666390316697065,0.3203673689897353,-18.13266937601144,-11.119636917764064,-0.6132377250795049,16.65098762512207,494,3.5799999237060547,6.536712646484375,"{""type"":""MultiPoint"",""coordinates"":[]}",-25.10665566547369
5711,1.6279866078222494,0.2142707679430843,0.6140048787487444,-16.400941170934008,-10.572452687145695,-0.6446247551867543,10.286048889160156,17,2.049999952316284,1.341560959815979,"{""type"":""MultiPoint"",""coordinates"":[]}",-11.948401113842053
5732,1.499876756223811,-0.1865168539325842,0.2623410217719336,-19.997494629479803,-13.458483717801585,-0.6730084926719484,5.247986435890198,429,2.690000057220459,4.718443393707275,"{""type"":""MultiPoint"",""coordinates"":[]}",-17.589939726579612
5755,1.0152377939470631,0.0950491633603588,0.5020205970538392,-16.683061968426465,-9.419300558968883,-0.5646026237147225,18.96752548217773,116,6.090000152587891,1.3334730863571167,"{""type"":""MultiPoint"",""coordinates"":[]}",-44.236308091958705
5782,1.7334953422438235,0.2243436754176611,0.6187951807228915,-16.936819221128445,-9.901552971848387,-0.584617031248485,1.3916250467300415,10,2.200000047683716,0.9274099469184875,"{""type"":""MultiPoint"",""coordinates"":[]}",-15.477586083883764
5791,0.3363874345549738,-0.1351891315929675,0.2309997003894936,-17.48736874138306,-10.970627919772458,-0.6273458335564782,4.289997100830078,526,3.359999895095825,3.8268985748291016,"{""type"":""MultiPoint"",""coordinates"":[]}",-21.89624847697831
5808,1.6785662246830833,0.3377718597425654,0.6018808777429467,-16.238590237594167,-9.596107920755218,-0.5909446436143913,10.391690254211426,9,2.059999942779541,4.627367496490479,"{""type"":""MultiPoint"",""coordinates"":[]}",-13.683513192602348
5816,1.2289749285940972,-0.0530906332954114,0.4729770992366412,-22.542566437150096,-15.445885547702916,-0.6851875358010759,1.22843599319458,214,2.059999942779541,2.7802884578704834,"{""type"":""MultiPoint"",""coordinates"":[]}",-14.619162226185853
5824,0.4484199652533221,-0.1455567669253297,0.2126238450406323,-20.559964029335134,-9.762157992723536,-0.4748139626506547,10.86717128753662,204,2.240000009536743,1.9229344129562376,"{""type"":""MultiPoint"",""coordinates"":[]}",-24.187085624985883
5840,1.5050863131935883,0.0888092393468737,0.6253602305475504,-15.353868082519186,-9.494449453216369,-0.6183750832160704,11.156710624694824,641,5.039999961853027,0.9523692727088928,"{""type"":""MultiPoint"",""coordinates"":[]}",-29.53146966816712
5873,0.8711091271654028,0.0813548214126128,0.4908172757475083,-16.844385944716073,-9.974340364109056,-0.5921462733545305,9.790726661682127,469,3.069999933242798,2.670372009277344,"{""type"":""MultiPoint"",""coordinates"":[]}",-21.091039473838524
5903,1.1784418618950991,0.0252877572375305,0.5509558717838149,-14.97331027371555,-8.925512924029189,-0.5960948354684945,33.994407653808594,697,8.800000190734863,1.854334115982056,"{""type"":""MultiPoint"",""coordinates"":[]}",-53.220617830765775
5908,1.2102839600920952,0.0151575588352612,0.5023892959541255,-18.54644420684598,-11.251793529264278,-0.6066819819354345,28.682350158691406,566,9.09000015258789,12.610671997070312,"{""type"":""MultiPoint"",""coordinates"":[]}",-66.30837577229303
5939,0.5511702712997841,-0.1317833316738026,0.318456929754845,-17.471305427741893,-12.467997724139416,-0.7136271399813118,11.648127555847168,511,2.1600000858306885,1.34587562084198,"{""type"":""MultiPoint"",""coordinates"":[]}",-10.807145069218695
5954,1.8718404153572887,0.1540358375801414,0.6874059207225288,-17.875398718920444,-10.612106394556267,-0.5936710314228543,15.77755641937256,788,5.090000152587891,23.00025749206543,"{""type"":""MultiPoint"",""coordinates"":[]}",-36.970159039304114
5967,0.6955192509792683,0.0064265431176206,0.3367252543940796,-16.62362922921888,-9.69171073513796,-0.5830081146241589,11.258277893066406,640,2.690000057220459,7.775532245635986,"{""type"":""MultiPoint"",""coordinates"":[]}",-18.646861145725236
5981,1.85105706564934,0.2348352757639717,0.5908168442415018,-16.975685302395426,-9.766187523577374,-0.57530446339031,17.047239,37,6.320000171661377,1.3389590978622437,"{""type"":""MultiPoint"",""coordinates"":[]}",-45.56402719972241
5992,2.1399012147910828,0.2719919110212335,0.7684563758389261,-16.899395490128427,-10.359285739099771,-0.6129974143247325,176.612976,580,22.920000076293945,17.201871871948242,"{""type"":""MultiPoint"",""coordinates"":[]}",-149.89931599254757
6020,0.916791230692576,-0.0535296085647373,0.4079822616407982,-18.33117695043063,-11.07896842744985,-0.6043784562992605,10.102519035339355,185,2.0199999809265137,0.0,"{""type"":""MultiPoint"",""coordinates"":[]}",-14.649461078096278
6031,0.6436941103916127,-0.1495164889660302,0.35729567821994,-13.581793097224448,-7.41242927692101,-0.5457621997227893,28.135139,692,8.84000015258789,5.158824920654297,"{""type"":""MultiPoint"",""coordinates"":[]}",-54.5371771128526
6079,3.450885668276973,0.2121886120996441,0.7495627841902763,-17.240928358005576,-11.238394061192793,-0.6518439046801332,125.977631,421,23.620001,25.452482223510746,"{""type"":""MultiPoint"",""coordinates"":[]}",-141.77986609325222
6093,0.227930804068602,-0.1559832939894679,0.1630377057886351,-18.43779385916189,-9.685112953377802,-0.5252858898064526,10.888924598693848,321,2.390000104904175,0.0,"{""type"":""MultiPoint"",""coordinates"":[]}",-20.918908283016737
6116,0.3722928226239484,-0.1085542771385692,0.2590931738913801,-18.079937549173493,-11.021384628228075,-0.6095919633711295,2.2022180557250977,52,2.75,1.3358922004699707,"{""type"":""MultiPoint"",""coordinates"":[]}",-19.4110205325999
6134,1.3685681407200394,0.1249423697556477,0.5961331901181526,-15.048277128187546,-7.606276728844918,-0.5054583102139506,61.823333740234375,99,12.579999923706056,3.4537055492401123,"{""type"":""MultiPoint"",""coordinates"":[]}",-93.6203644559507
6163,2.918233082706767,0.1786326880666503,0.7151631477927063,-16.457386591261994,-10.795651239884815,-0.6559760372656457,22.963964462280277,753,7.329999923706055,19.441308975219727,"{""type"":""MultiPoint"",""coordinates"":[]}",-41.50051969363859
6170,1.619281045751634,0.1084886128364389,0.6324186343331206,-14.690264627657744,-9.525476431507776,-0.6484210239190595,25.77384376525879,480,7.670000076293945,10.762764930725098,"{""type"":""MultiPoint"",""coordinates"":[]}",-39.61392585851232
6180,0.509675329932799,-0.0571967316153362,0.2750710072099628,-17.245801820285216,-11.517853187586049,-0.6678641739949881,11.297038078308104,524,2.359999895095825,2.0935051441192627,"{""type"":""MultiPoint"",""coordinates"":[]}",-13.51795817228431
6182,0.4545713309803029,-0.0686127744510978,0.2986721526089396,-20.925868678830096,-12.573329281605169,-0.600851007648974,2.519921064376831,366,2.5299999713897705,2.872117757797241,"{""type"":""MultiPoint"",""coordinates"":[]}",-21.131924436010998
6188,1.291021265423996,0.1170668155592778,0.5283373623421972,-16.924035402972628,-11.066086368146856,-0.6538680701532419,4.811522006988525,437,3.440000057220459,2.088296890258789,"{""type"":""MultiPoint"",""coordinates"":[]}",-20.15134501499519
6231,0.9090258904305536,-0.1063509958662157,0.4019607843137255,-17.784446537326488,-10.097633814109471,-0.5677789181078128,6.750648021697998,628,4.070000171661377,4.71547269821167,"{""type"":""MultiPoint"",""coordinates"":[]}",-31.285329103022114
6278,1.0136986301369864,0.0250521920668058,0.4397847050908275,-17.89579211428005,-10.154979279524364,-0.5674506730228018,10.501293182373049,32,2.0199999809265137,0.0,"{""type"":""MultiPoint"",""coordinates"":[]}",-15.636441778562196
6293,0.5712782130744942,-0.0910879401927995,0.2936579501051999,-20.817635951851397,-11.608518276816524,-0.5576290364412937,10.24712085723877,350,2.1700000762939453,0.0,"{""type"":""MultiPoint"",""coordinates"":[]}",-19.983786057425597
6315,0.8294957402717016,-0.0140221402214022,0.4062588102621934,-17.325179627049707,-9.757178311108692,-0.5631790562145089,12.067254066467283,89,2.759999990463257,6.773758411407471,"{""type"":""MultiPoint"",""coordinates"":[]}",-20.887683559823117
6332,0.6233905058063263,-0.1180061888433553,0.3551065596457238,-16.56986501310837,-10.610226203429784,-0.6403326879872628,2.750601053237915,177,2.8399999141693115,3.833455801010132,"{""type"":""MultiPoint"",""coordinates"":[]}",-16.92537370796728
6335,1.7398268884892087,0.1707520891364902,0.6572884594967618,-17.414316805162503,-11.550839838791354,-0.6632956071734659,10.810553550720217,27,2.240000009536743,4.724159717559815,"{""type"":""MultiPoint"",""coordinates"":[]}",-13.134188460589847
6389,0.8168145672467443,-0.0712838460121569,0.4058697208303508,-17.54720058054763,-10.332598337631936,-0.5888459694868015,10.469451904296877,274,2.3399999141693115,0.9274099469184875,"{""type"":""MultiPoint"",""coordinates"":[]}",-16.88216862918845
6393,0.8879009972365735,0.0827442827442827,0.3861024033437826,-18.723250931348275,-12.048151834179638,-0.6434861060376784,14.242040634155272,43,3.849999904632568,0.9274099469184875,"{""type"":""MultiPoint"",""coordinates"":[]}",-25.699130887512194
6403,0.4068985799512646,-0.0572043010752688,0.2499677377726158,-18.379803849397,-11.744663760612053,-0.6389983188529712,1.2719420194625854,47,2.2799999713897705,2.9405324459075928,"{""type"":""MultiPoint"",""coordinates"":[]}",-15.128119212596799
6448,0.9945184025058732,-0.012202562538133,0.4158091674462114,-20.36978010887109,-12.176272070356069,-0.5977615862948502,1.1507335305213928,740,2.0700000524520874,1.9021984338760376,"{""type"":""MultiPoint"",""coordinates"":[]}",-16.960562069492696
6449,0.2944729688915735,-0.159602142310635,0.1778385772913816,-19.52714090234411,-11.738527965206936,-0.6011391029496693,1.0619250535964966,291,2.009999990463257,0.9597935676574708,"{""type"":""MultiPoint"",""coordinates"":[]}",-15.655111929367722
6455,1.0384664618535586,0.0887625710537822,0.4950419527078566,-15.756570962217353,-9.95820570137856,-0.6320033543629081,26.50812149047852,517,9.880000114440918,2.094716787338257,"{""type"":""MultiPoint"",""coordinates"":[]}",-57.28784944065752
6458,2.566027964785085,0.1364596535699197,0.6741496598639456,-15.11508565530116,-9.28550646012761,-0.614320465783864,65.37469482421875,72,13.029999732971191,8.344439506530762,"{""type"":""MultiPoint"",""coordinates"":[]}",-75.95941535644576
6463,0.122076524121734,-0.1219232970807097,0.0881158396609571,-19.349841894237176,-8.206985686949938,-0.4241370927890716,11.51378345489502,209,3.0450000762939453,6.536206245422363,"{""type"":""MultiPoint"",""coordinates"":[]}",-33.929998001322105
6470,1.9848394175144624,0.1365935919055649,0.6659973226238286,-15.501973191151222,-9.014462383122858,-0.5815041912386004,20.13858985900879,262,7.039999961853027,11.914020538330078,"{""type"":""MultiPoint"",""coordinates"":[]}",-45.67207584104079
6486,0.9866577718478986,0.009203681472589,0.4483176720218248,-17.661320759388268,-9.646883557801392,-0.5462152966489426,10.431589126586914,202,2.0899999141693115,2.6705541610717773,"{""type"":""MultiPoint"",""coordinates"":[]}",-16.75017306343191
6528,1.3093525179856116,0.0743678730788299,0.5234182415776499,-14.213217712877416,-8.142786105807158,-0.5729023694915794,104.806999,320,18.389999,26.02659797668457,"{""type"":""MultiPoint"",""coordinates"":[]}",-111.63523118359043
6531,0.7481363152289671,-0.0305646084735312,0.399261153736857,-16.71544310997261,-10.843598902097744,-0.6487174064580039,6.163806915283203,281,3.849999904632568,4.251801490783691,"{""type"":""MultiPoint"",""coordinates"":[]}",-22.606599640335535
6543,0.42391744233104,-0.0710259301014656,0.1892787230838729,-17.715005020581053,-11.282185370511616,-0.6368717004259454,10.354853630065918,628,2.059999942779541,2.9182417392730717,"{""type"":""MultiPoint"",""coordinates"":[]}",-13.251608111054146
6551,0.410809906291834,-0.1053515074195931,0.2469073720205169,-17.946164825103004,-12.621046530506996,-0.7032726297516637,12.855223655700684,504,2.950000047683716,4.857489585876465,"{""type"":""MultiPoint"",""coordinates"":[]}",-15.709099222979651
6559,0.9130533227668968,0.0751525719267654,0.3921711646000486,-15.883680513503132,-9.68439851202289,-0.6097074606726022,1.2719420194625854,28,2.200000047683716,2.888683795928955,"{""type"":""MultiPoint"",""coordinates"":[]}",-13.638420698861333
6576,1.4729002896152257,0.0689154473360884,0.4908652188900379,-15.459778555480804,-8.720312142563902,-0.5640644923385643,10.946016311645508,54,2.3499999046325684,2.9310848712921143,"{""type"":""MultiPoint"",""coordinates"":[]}",-15.83774542762912
6586,0.9645036051026068,-0.0448943661971831,0.3891250839113895,-16.63010427340715,-11.103741676365177,-0.66768923957506,1.500722050666809,577,2.200000047683716,1.854334115982056,"{""type"":""MultiPoint"",""coordinates"":[]}",-12.157997977009842
6613,1.030509440797886,-0.078733377977614,0.3934730535876846,-16.73594628190653,-9.895531714624354,-0.5912741083139443,14.76991844177246,191,3.990000009536743,2.947672843933105,"{""type"":""MultiPoint"",""coordinates"":[]}",-27.29325418869115
6622,1.7120535714285714,0.2015275504637206,0.6065158943539459,-16.463128993507993,-10.484793738048346,-0.6368651877892033,1.7482229471206665,22,2.430000066757202,2.130256175994873,"{""type"":""MultiPoint"",""coordinates"":[]}",-14.527355069863878
6632,0.3514762000401686,-0.1770931770931771,0.2012650948821161,-17.15941336243963,-8.63632212996584,-0.50329938136871,32.334431,267,8.979999542236328,6.000286102294922,"{""type"":""MultiPoint"",""coordinates"":[]}",-76.53735536605308
6720,1.2384969325153374,0.1759779614325068,0.5716814159292035,-18.108436910207654,-11.553086969187866,-0.637994710779009,132.753342,399,21.40999984741211,27.511764526367188,"{""type"":""MultiPoint"",""coordinates"":[]}",-140.35004123696663
6730,2.3890150733016724,0.2387558737972701,0.7642007926023778,-11.548850939374264,-4.205619514514941,-0.3641591303405296,109.64239501953124,241,20.18000030517578,25.0223331451416,"{""type"":""MultiPoint"",""coordinates"":[]}",-148.1864123946375
6755,0.6516410912190963,-0.098903043170559,0.3415247137671041,-14.008366627498424,-8.597660089691312,-0.6137517897921163,12.720558166503906,568,3.0299999713897705,0.0,"{""type"":""MultiPoint"",""coordinates"":[]}",-16.394440654753993
6762,1.1172731804586242,0.1227091633466135,0.5128718535469108,-14.375423717629674,-8.115973651924381,-0.5645728300843854,24.325763702392575,120,7.480000019073486,0.9700000882148744,"{""type"":""MultiPoint"",""coordinates"":[]}",-46.820686610865124
6776,0.597513890196817,-0.1528956379336013,0.3094367227505486,-15.606924304053418,-10.244365660873935,-0.6563987536104905,2.750601053237915,72,2.799999952316284,0.0,"{""type"":""MultiPoint"",""coordinates"":[]}",-15.01516394519583
6777,0.6454177001884011,-0.1371564950562564,0.3500909128763169,-17.217278811724537,-11.038496946336998,-0.6411290115613425,10.338996887207031,511,2.049999952316284,4.702378273010254,"{""type"":""MultiPoint"",""coordinates"":[]}",-12.666502529417174
6803,1.0743083984617294,0.0239423942394239,0.4959908361970218,-15.347504664733393,-9.72255733631548,-0.6334943398751118,1.9596760272979736,626,2.470000028610229,0.9274099469184875,"{""type"":""MultiPoint"",""coordinates"":[]}",-13.893620062123274
6866,2.421744574290484,0.2496230885203532,0.7854483925549915,-17.542170306104627,-10.820424464319784,-0.6168235899838634,210.931198,607,26.81999969482422,16.3364200592041,"{""type"":""MultiPoint"",""coordinates"":[]}",-180.27722142535546
6870,0.4810377774511245,-0.1424229866003591,0.2792831235331768,-22.556417692578503,-14.7292047016069,-0.6529939683841327,17.028111,202,4.639999866485596,2.692556858062744,"{""type"":""MultiPoint"",""coordinates"":[]}",-36.318267233062556
6875,0.7122474603355782,-0.0265998457979953,0.3615295480880648,-17.852281481922073,-10.938952322923742,-0.6127481428074589,10.246421813964844,91,2.0199999809265137,0.9690262079238892,"{""type"":""MultiPoint"",""coordinates"":[]}",-13.964924769315342
6887,0.6647857520719449,-0.048790100102467,0.377,-20.56522430528306,-11.72709297639132,-0.5702390016421417,16.725983321666718,348,5.224999904632568,2.9424636363983154,"{""type"":""MultiPoint"",""coordinates"":[]}",-46.17923535058945
6902,0.8520599250936329,-0.0223570744171191,0.4064516129032258,-16.031900496807406,-9.646582916176849,-0.601711750774518,1.1160930395126345,3,2.2799999713897705,3.423595666885376,"{""type"":""MultiPoint"",""coordinates"":[]}",-14.55852390115227
6919,0.8527357645442131,0.0114430360545701,0.4315455885912982,-17.496004710437596,-11.252177466876818,-0.6431283972028256,10.554780006408691,210,2.0899999141693115,1.9225335121154783,"{""type"":""MultiPoint"",""coordinates"":[]}",-13.049598403130036
6940,0.8243703199455411,-0.0497996565540927,0.3797428661022264,-14.830122872424525,-8.760967318566236,-0.5907548706057306,2.6026499271392822,160,2.690000057220459,1.3321959972381592,"{""type"":""MultiPoint"",""coordinates"":[]}",-16.326028787158666
6951,0.92046783625731,0.0219573687829475,0.4272529858849077,-14.979960534156906,-9.043084263320443,-0.6036787775709186,11.43384838104248,183,2.539999961853028,4.866098880767822,"{""type"":""MultiPoint"",""coordinates"":[]}",-15.07966550145076
6954,0.9110692006383287,-0.1202832386098947,0.425330172705723,-14.750004849513394,-9.538613828801926,-0.6466854706909881,29.134227752685547,373,8.300000190734863,6.235096454620361,"{""type"":""MultiPoint"",""coordinates"":[]}",-43.25454646589913
6955,0.7012224012129252,-0.042883084229641,0.3117101937657961,-18.323210067182902,-9.274357623619292,-0.5061535391241178,4.699281215667725,649,3.0299999713897705,1.3316318988800049,"{""type"":""MultiPoint"",""coordinates"":[]}",-27.418022645107996
6963,1.066182924688396,0.0341880341880341,0.472020725388601,-17.65120090072729,-12.100772179184386,-0.6855495128768146,37.1225700378418,568,13.8100004196167,1.9384139776229856,"{""type"":""MultiPoint"",""coordinates"":[]}",-76.65142297356007
7016,2.343473994111874,0.2507565059511801,0.7476518472135254,-15.17685554367068,-8.4288328169528,-0.5553741216485348,119.235863,325,23.51000022888184,3.452988386154175,"{""type"":""MultiPoint"",""coordinates"":[]}",-158.6460158496372
7073,0.8389005535407521,-0.074981160512434,0.4051313565831925,-15.406861734293932,-9.727046598970604,-0.6313450958879768,9.358772277832031,131,4.110000133514404,0.9582379460334778,"{""type"":""MultiPoint"",""coordinates"":[]}",-23.344040964516008
7083,0.7161348018450532,0.0452023647112323,0.3915840947111054,-18.00018708593068,-11.910711597981615,-0.6616993224082253,12.117467880249023,225,2.5850000381469727,1.9428014755249023,"{""type"":""MultiPoint"",""coordinates"":[]}",-15.741294368643386
7094,0.3657370517928287,-0.1500678859516013,0.2275656916212196,-17.95499831657247,-10.951794407232956,-0.6099579746061266,1.3916250467300415,482,2.200000047683716,6.031762599945068,"{""type"":""MultiPoint"",""coordinates"":[]}",-15.407048934485717
7095,1.707567964731815,0.2080152671755725,0.6207264957264957,-15.408211267838656,-9.753046405590386,-0.6329771987192169,2.358426094055176,4,2.720000028610229,0.0,"{""type"":""MultiPoint"",""coordinates"":[]}",-15.382048587110857
7133,0.5160281469898358,-0.0677706225084329,0.3427762039660056,-17.710805890675722,-9.895691906468985,-0.5587375282385545,10.554780006408691,361,2.130000114440918,6.777054309844971,"{""type"":""MultiPoint"",""coordinates"":[]}",-16.64619368072917
7163,0.2919360973754279,0.0844200411805078,0.1643468950749464,-23.337672156614943,-15.298286647814818,-0.6555189628661655,10.70475959777832,5,2.049999952316284,1.9296574592590328,"{""type"":""MultiPoint"",""coordinates"":[]}",-16.48073990969248
7165,2.205851619644723,0.1537842190016103,0.6768194934273806,-15.210897605254424,-8.782178295257168,-0.5773609502323827,119.714653,558,21.420000076293945,15.857245445251465,"{""type"":""MultiPoint"",""coordinates"":[]}",-137.70316811061357
7214,0.4643396445580207,-0.0500941619585687,0.2900417195719209,-19.4951997740123,-11.0709148113448,-0.5678790132790877,1.1160930395126345,425,2.0199999809265137,5.8678388595581055,"{""type"":""MultiPoint"",""coordinates"":[]}",-17.017055463907866
7216,1.1946607341490545,0.0203973509933774,0.4562446898895497,-14.62412530245278,-9.555258541873942,-0.6533900896124926,10.341105461120604,84,2.0199999809265137,2.0919175148010254,"{""type"":""MultiPoint"",""coordinates"":[]}",-10.239110759688293
7294,0.6130430895762561,-0.0751924215512137,0.2959326788218794,-17.775733522220683,-10.687570136913552,-0.6012449569832649,15.489179611206056,104,5.610000133514404,0.9534093141555786,"{""type"":""MultiPoint"",""coordinates"":[]}",-39.76459753794492
7316,0.7151803607214429,-0.0238017071569271,0.3519043510415383,-15.910835070575876,-11.115905121337704,-0.6986374424743111,3.013622999191284,344,2.880000114440918,0.9274099469184875,"{""type"":""MultiPoint"",""coordinates"":[]}",-13.809398802542121
7324,1.3333333333333333,0.2345534407027818,0.3924581005586592,-18.53646980399705,-10.056646119271267,-0.5425329755670487,1.3916250467300415,377,2.1700000762939453,3.002681970596313,"{""type"":""MultiPoint"",""coordinates"":[]}",-18.401218042814154
7345,1.8602562567357204,0.043958627174424,0.6225205369665398,-16.766594878129848,-10.835431072298771,-0.6462511410967758,10.392394065856934,162,2.1700000762939453,2.6825180053710938,"{""type"":""MultiPoint"",""coordinates"":[]}",-12.870625911165323
7351,1.26172019195275,0.0625,0.5698566188729577,-15.302571444367356,-7.521169246653438,-0.4914970842643486,30.909608840942383,67,10.1899995803833,6.075918674468994,"{""type"":""MultiPoint"",""coordinates"":[]}",-79.29248512949852
7358,1.2013834507961367,0.0748752079866888,0.5282639885222382,-16.557982215810085,-8.094799980230663,-0.4888759919370786,3.195552110671997,185,3.0999999046325684,2.0858428478240967,"{""type"":""MultiPoint"",""coordinates"":[]}",-26.235864123184257
7363,2.1149402190294384,0.2197776748494673,0.7145281737949762,-14.94145130211539,-8.88884884496677,-0.5949120112387141,90.991898,84,15.510000228881836,3.982572317123413,"{""type"":""MultiPoint"",""coordinates"":[]}",-93.87586549570585
7381,0.6651454649172848,-0.0447820082856579,0.3466111771700356,-15.188607310916732,-9.873664357905744,-0.6500704215855985,4.505998134613037,312,3.400000095367432,10.481356620788574,"{""type"":""MultiPoint"",""coordinates"":[]}",-18.070806547109818
7393,2.601606805293006,0.1691510045366169,0.756701030927835,-12.271770236329324,-4.32805464005742,-0.3526838065501467,19.861026763916016,312,6.46999979019165,15.298934936523438,"{""type"":""MultiPoint"",""coordinates"":[]}",-51.39583824122136
7406,1.5835170305508286,0.1726686699244327,0.6821164462035205,-15.094965366419247,-9.551357199597822,-0.6327511834406776,16.075326919555664,550,4.980000019073486,0.9274099469184875,"{""type"":""MultiPoint"",""coordinates"":[]}",-27.60716877650663
7417,0.5133351790328534,-0.0460825385506729,0.2905078992035513,-17.035748017709295,-10.53973022750899,-0.6186831489026808,16.73980712890625,548,5.039999961853027,4.0255937576293945,"{""type"":""MultiPoint"",""coordinates"":[]}",-32.73992941480613
7424,1.0738449642373864,-0.0443253774963468,0.4386103434662455,-14.363886168876132,-6.350777891076133,-0.4421350751746478,14.429801940917969,675,6.25,9.512630462646484,"{""type"":""MultiPoint"",""coordinates"":[]}",-50.08192673624999
7437,0.9615664579997087,0.0752422907488986,0.5081420694960892,-17.51769309776965,-10.862064498899812,-0.6200624955738474,3.6241109371185294,356,2.5799999237060547,1.3383599519729614,"{""type"":""MultiPoint"",""coordinates"":[]}",-17.17152127730002
7450,1.3517915309446256,0.04151100041511,0.5304406323578876,-15.52805166354846,-8.888815994603291,-0.5724360136867309,16.017108917236328,163,4.679999828338623,2.9319963455200195,"{""type"":""MultiPoint"",""coordinates"":[]}",-31.071621790963054
7472,0.4899476953252696,-0.1212309605222256,0.2870481206607613,-20.51057462488745,-12.034893391393808,-0.5867652960239698,6.167438924312592,106,3.575000047683716,3.391021251678467,"{""type"":""MultiPoint"",""coordinates"":[]}",-30.300560813891746
7480,0.686261107313739,-0.085063085063085,0.3287491814014407,-20.142690581508507,-10.641304516185588,-0.52829608205145,1.8173799514770508,345,2.470000028610229,0.9641311764717102,"{""type"":""MultiPoint"",""coordinates"":[]}",-23.46842385318444
7482,0.6084179970972424,-0.1071052076744676,0.3578012973711164,-16.11653549728156,-9.467494933528156,-0.5874398337735225,1.7946295142173767,621,2.4649999141693115,6.249926567077637,"{""type"":""MultiPoint"",""coordinates"":[]}",-16.389884418960413
7485,0.2593559148752993,-0.1509312780989081,0.2004158004158004,-17.242113392082587,-9.62416529755104,-0.5581778218655241,10.338996887207031,342,2.0199999809265137,2.912116527557373,"{""type"":""MultiPoint"",""coordinates"":[]}",-15.388255005652896
7540,0.6530020929154754,-0.0183242204817496,0.4064930255524009,-17.390980027670977,-10.28524850723118,-0.591412818073864,3.4542899131774902,467,2.950000047683716,1.854334115982056,"{""type"":""MultiPoint"",""coordinates"":[]}",-20.961908324125083
7569,1.1530844274921146,0.0050993859922988,0.5336048879837068,-18.03678883024383,-11.634843819517943,-0.6450618194303415,1.214100956916809,356,2.130000114440918,3.704791784286499,"{""type"":""MultiPoint"",""coordinates"":[]}",-13.6361436054906
7610,0.9037636969985708,-0.0006966699177929497,0.3912146834398845,-19.31561591176649,-11.764649501733924,-0.6090745206093717,1.1160930395126345,277,2.200000047683716,2.0904428958892822,"{""type"":""MultiPoint"",""coordinates"":[]}",-16.61212646212978
7624,1.9093628719275548,0.2299751129136326,0.6128195147268717,-14.971144771258407,-8.235177235608845,-0.5500699753714713,10.794299125671388,119,2.3499999046325684,3.3893914222717285,"{""type"":""MultiPoint"",""coordinates"":[]}",-15.829523066384548
7628,0.5333333333333333,-0.0739287396013184,0.2581786030061892,-16.318557259621738,-10.5059987874889,-0.6438068402949261,4.699281215667725,639,3.549999952316284,1.854334115982056,"{""type"":""MultiPoint"",""coordinates"":[]}",-20.634582298907183
7637,0.9425280867159712,0.0030425963488843,0.4332425068119891,-16.09256792508753,-10.164856581214236,-0.6316491332230277,11.003375053405762,26,2.3499999046325684,2.6819775104522705,"{""type"":""MultiPoint"",""coordinates"":[]}",-13.930121092791632
7649,0.2233676975945017,0.1982758620689655,-0.1207430340557275,-28.36499146286668,-22.029857118334807,-0.7766565749605335,1.8173799514770508,63,2.390000104904175,0.0,"{""type"":""MultiPoint"",""coordinates"":[]}",-15.140971748013218
7666,0.1420550252667041,-0.1163694558756287,0.0729737525237957,-26.354429004025945,-19.01962883284591,-0.7216862421849641,1.214100956916809,31,2.119999885559082,8.508231163024902,"{""type"":""MultiPoint"",""coordinates"":[]}",-15.54977552350041
7675,1.14010989010989,-0.0251156642432253,0.4769230769230769,-15.494665867322723,-8.710989183453584,-0.5621927738257663,7.679905891418457,231,4.489999771118164,0.9561996459960938,"{""type"":""MultiPoint"",""coordinates"":[]}",-30.45870675791206
7676,0.3537733228573922,-0.1113855360885337,0.2191886237187792,-19.759234905654885,-11.858772403576896,-0.600163541766642,11.261307716369627,557,2.470000028610229,2.0923657417297363,"{""type"":""MultiPoint"",""coordinates"":[]}",-19.514142606166676
7709,0.6499615407372344,-0.1035792271907338,0.334857491236092,-17.435957328354377,-11.019196605989514,-0.6319811638945733,10.447484970092772,441,2.059999942779541,3.830222368240357,"{""type"":""MultiPoint"",""coordinates"":[]}",-13.218526720901624
7775,0.8190032060623725,-0.1313542090280602,0.3902777777777778,-17.315160565368082,-10.398549239290617,-0.6005459319902972,22.455039978027344,177,7.599999904632568,5.878602504730225,"{""type"":""MultiPoint"",""coordinates"":[]}",-52.566245418569274
7776,0.7129353233830846,0.0023597749137774,0.3822352627367298,-15.844152165265784,-9.06920307749782,-0.5724006550113618,10.286410331726074,259,2.049999952316284,1.854334115982056,"{""type"":""MultiPoint"",""coordinates"":[]}",-13.88864530686958
7787,0.81756591796875,-0.1143753094570061,0.376,-16.332902029933837,-9.725968670540617,-0.5954831941510161,41.447121,55,10.899999618530272,5.201963901519775,"{""type"":""MultiPoint"",""coordinates"":[]}",-72.01557109704103
7800,0.4372749472290054,-0.0849414197105444,0.2631054663180177,-16.352245757760308,-9.596294649399043,-0.5868487296214294,8.480414390563965,484,4.860000133514404,11.870964050292969,"{""type"":""MultiPoint"",""coordinates"":[]}",-32.833923288652535
7806,0.5829807240244476,0.3205932686822589,0.1268542199488491,-23.976543317298383,-17.387114508006167,-0.7251718597593617,10.232799530029297,272,2.0199999809265137,2.7802884578704834,"{""type"":""MultiPoint"",""coordinates"":[]}",-13.310646069086895
7826,1.2990196078431373,0.1083546151039766,0.5014868883482022,-18.616588887555857,-12.560893181896066,-0.6747150757726792,27.752581,340,9.84000015258789,21.80060577392578,"{""type"":""MultiPoint"",""coordinates"":[]}",-59.58804666771817
7833,0.8027065527065527,-0.0491734672525632,0.3648429912593072,-18.4368159665662,-11.32428335307581,-0.6142212068293982,10.63244342803955,359,2.200000047683716,1.34969162940979,"{""type"":""MultiPoint"",""coordinates"":[]}",-15.647572088830843
7839,1.0791484716157205,0.0397189123128628,0.4609466076008393,-17.75754438668545,-10.908322151424944,-0.6142922643968706,11.093250274658203,179,2.470000028610229,3.955047130584717,"{""type"":""MultiPoint"",""coordinates"":[]}",-16.917579117051265
7841,0.5400450188788847,-0.0714426812405346,0.2867469879518072,-18.055359806203526,-9.781708809888707,-0.5417620537546902,0.9198619723320008,562,2.0199999809265137,4.719749927520752,"{""type"":""MultiPoint"",""coordinates"":[]}",-16.712774854748567
7843,1.7201068804275217,0.1302370899642741,0.6537192180756537,-10.756125423884232,-4.0818592294357785,-0.3794915983753697,149.715927,457,22.399999618530277,16.334238052368164,"{""type"":""MultiPoint"",""coordinates"":[]}",-149.50356020961488
7857,2.9296875,0.3057872784150156,0.6797583081570997,-14.4103873690556,-9.387590458382697,-0.6514460866292398,9.202975273132324,3,4.639999866485596,0.0,"{""type"":""MultiPoint"",""coordinates"":[]}",-23.305776994906537
7910,1.7473171701112875,0.0787214233991931,0.5516862745098039,-16.41842306285187,-9.025483086510686,-0.549716806051346,10.780339241027832,136,2.319999933242798,2.6843929290771484,"{""type"":""MultiPoint"",""coordinates"":[]}",-17.151620251579555
7924,2.075816577922594,0.2772386193096548,0.7471395881006865,-14.336090152093158,-8.847953508119655,-0.6171803758382336,15.492406845092772,345,4.420000076293945,1.854334115982056,"{""type"":""MultiPoint"",""coordinates"":[]}",-24.25756438507448
7940,1.081089041257275,0.0625061200509188,0.4298428461015995,-18.28369850141509,-10.18689471773476,-0.5571572248878602,10.702149391174316,253,2.1700000762939453,1.352969765663147,"{""type"":""MultiPoint"",""coordinates"":[]}",-17.57006482832342
8107,0.5652548766030823,-0.1213973799126637,0.297926725362113,-18.29662043434532,-12.90377768336963,-0.7052547069920864,1.331117033958435,137,2.1700000762939453,0.9274099469184875,"{""type"":""MultiPoint"",""coordinates"":[]}",-11.702469181058502
8139,2.434365203761756,0.2330612244897959,0.7886385274516027,-11.882104824461154,-4.6846578728603765,-0.3942616179598317,103.032059,504,18.07999992370605,22.607839584350582,"{""type"":""MultiPoint"",""coordinates"":[]}",-130.1298403358204
8155,1.5760146373918829,0.0955439991842561,0.5921875,-14.87682677432819,-8.498444861292068,-0.5712538695387103,18.17884635925293,252,5.590000152587891,1.3365477323532104,"{""type"":""MultiPoint"",""coordinates"":[]}",-35.65515586713577
8176,0.9098888238736104,-0.0355744680851063,0.433268319866258,-15.136519125537315,-10.405276938560434,-0.6874286520079342,1.6303950548171997,39,2.319999933242798,1.854334115982056,"{""type"":""MultiPoint"",""coordinates"":[]}",-10.976481557941876
8228,0.8761467889908258,0.0764302059496567,0.233782129742962,-18.27400720466674,-11.532717556783949,-0.6310995408734855,1.2719420194625854,60,2.3499999046325684,3.939383029937744,"{""type"":""MultiPoint"",""coordinates"":[]}",-15.842030029625084
8229,1.455253536798601,0.1009285425918449,0.5358501609599063,-17.10980626735997,-10.005478384092063,-0.5847803433741567,0.8229039907455444,698,2.049999952316284,1.90519380569458,"{""type"":""MultiPoint"",""coordinates"":[]}",-14.56387182193846
8332,0.6483337509396141,-0.1077888519748984,0.3039647577092511,-18.063599446342565,-11.430496431943991,-0.6327917348863926,13.526342391967772,594,6.170000076293945,17.767105102539062,"{""type"":""MultiPoint"",""coordinates"":[]}",-40.9262461049048
8351,0.6072699078719328,-0.1093123772102161,0.344903509908043,-16.219950152983273,-9.91705624849877,-0.6114110188356383,25.816184997558597,657,8.5,5.014110565185547,"{""type"":""MultiPoint"",""coordinates"":[]}",-53.57459818811827
8366,-0.0175835217282089,-0.070406410990269,-0.0045132172791747,-17.58112161105185,-9.469723367592632,-0.5386302180880072,14.084338545799255,211,5.180000066757202,4.166301250457764,"{""type"":""MultiPoint"",""coordinates"":[]}",-42.017043442612994
8369,1.9816307079109263,0.3687340696686491,0.6321171918186843,-18.043678338942165,-11.730941092664056,-0.6501413332860266,28.496691,20,11.40999984741211,2.147548198699951,"{""type"":""MultiPoint"",""coordinates"":[]}",-72.02833101678597
8398,2.0453877070875404,0.1888498776465581,0.6665069477719214,-17.46927406167874,-10.959161284833366,-0.6273392498245703,15.72503662109375,508,4.789999961853027,21.863500595092773,"{""type"":""MultiPoint"",""coordinates"":[]}",-31.183439952748245
8410,0.5692197286012526,-0.0677001569858712,0.2401265996972616,-18.25449565668222,-10.771963744070945,-0.5900992252353886,10.688254356384276,4,2.200000047683716,0.9274099469184875,"{""type"":""MultiPoint"",""coordinates"":[]}",-16.46157056453973
8422,-1.7165071770334928,-0.0720838794233289,-0.1501831501831501,-26.36221817618474,-18.305293324788053,-0.6943760651114252,1.2719420194625854,440,2.1700000762939453,1.3338818550109863,"{""type"":""MultiPoint"",""coordinates"":[]}",-17.483527542225396
8431,2.2240886947757432,0.2687175685693106,0.70276008492569,-16.601033878661077,-9.419982261727668,-0.5674334701428497,11.566742897033691,209,2.539999961853028,0.9274099469184875,"{""type"":""MultiPoint"",""coordinates"":[]}",-18.239870833075482
8432,0.4961663226186965,-0.1295796710469062,0.2788288910371496,-18.266531692061115,-11.108849216730643,-0.6081531734652562,5.572797775268555,392,3.849999904632568,7.615111351013184,"{""type"":""MultiPoint"",""coordinates"":[]}",-27.557076847412517
8433,0.3878330084470435,-0.1179188772890638,0.2556894243641232,-17.087972010151844,-10.349168505164938,-0.6056405346998796,10.68620491027832,514,2.2799999713897705,8.959004402160645,"{""type"":""MultiPoint"",""coordinates"":[]}",-15.364471798571431
8438,2.3721015826278986,0.2596685082872928,0.8142766898294378,-11.936472772536913,-4.827822702640811,-0.4044597423912803,72.586349,563,15.31999969482422,21.3811149597168,"{""type"":""MultiPoint"",""coordinates"":[]}",-108.90451690142046
8454,0.3900847681785547,-0.1414768174012593,0.252013996256815,-18.92119108214993,-12.711254510100504,-0.6717999123264589,3.823107957839966,542,2.950000047683716,3.016201972961426,"{""type"":""MultiPoint"",""coordinates"":[]}",-18.31931318365866
8460,2.2574626865671643,0.1679149553032133,0.6825874388867995,-11.709036347984402,-5.872378216812592,-0.5015253213236003,62.466793060302734,182,13.960000038146973,26.700828552246094,"{""type"":""MultiPoint"",""coordinates"":[]}",-81.47974773380929
8492,0.1353846153846153,0.1573676680972818,0.0281329923273657,-21.823396667324417,-13.399559232127432,-0.6139997103287881,1.02217698097229,60,2.049999952316284,7.816555976867676,"{""type"":""MultiPoint"",""coordinates"":[]}",-17.26886634047395
8496,1.4050525120635822,0.1261390887290167,0.2492447129909365,-18.638266950167232,-11.760070342823436,-0.6309637250215433,1.4378809928894043,381,2.309999942779541,1.3318170309066772,"{""type"":""MultiPoint"",""coordinates"":[]}",-15.888633769390601
8501,1.8901148730350663,0.2711022840119166,0.7070964093864858,-14.294679303877162,-8.896329503361493,-0.6223525071281963,13.66290283203125,106,3.549999952316284,5.3801751136779785,"{""type"":""MultiPoint"",""coordinates"":[]}",-19.164141534417247
8542,1.9098737386489544,0.2071150971599401,0.6633190552062506,-15.24580609161762,-8.88730936198495,-0.5829346974884674,7.087972164154053,59,4.619999885559082,3.4369680881500244,"{""type"":""MultiPoint"",""coordinates"":[]}",-29.37625416323073
8571,0.6141177434552829,-0.0703096539162112,0.3345982142857143,-21.202124131031205,-14.421594411137,-0.6801957352013475,11.145734786987305,430,2.2799999713897705,3.06277847290039,"{""type"":""MultiPoint"",""coordinates"":[]}",-15.459607567366275
8572,0.567890314020345,-0.0637128072445019,0.3090996629754453,-18.21188100212833,-10.07287477896222,-0.5530935974040824,1.0619250535964966,536,2.009999990463257,2.939038753509521,"{""type"":""MultiPoint"",""coordinates"":[]}",-16.359402430944268
8599,1.8522132073533943,0.1330049261083744,0.6595355640884988,-13.683218356014368,-7.458657214420223,-0.5450952415110601,8.895219802856445,162,4.710000038146973,1.3329448699951172,"{""type"":""MultiPoint"",""coordinates"":[]}",-29.31768321435659
8643,1.1442006269592475,0.0236033282390898,0.4681988241582042,-14.788717324099771,-7.137002587800188,-0.4825978096267815,18.01499557495117,285,5.53000020980835,3.832350254058838,"{""type"":""MultiPoint"",""coordinates"":[]}",-42.31398409713034
8646,1.515102827763496,0.0509413067552602,0.5488940628637952,-22.22146401631715,-15.533547191023768,-0.6990334741049254,59.03892517089844,383,12.84000015258789,37.63866424560547,"{""type"":""MultiPoint"",""coordinates"":[]}",-85.87285305726213
8675,1.8449315874650585,0.220893875298878,0.6741935483870968,-15.637910499806964,-8.948706436808546,-0.5722443824524389,4.210343837738037,12,3.400000095367432,0.9274099469184875,"{""type"":""MultiPoint"",""coordinates"":[]}",-22.743294452126833
8686,0.9627776040037536,0.0968783638320775,0.4715073529411764,-15.019920537829789,-8.291733600167445,-0.5520490990137761,80.29838562011719,608,13.90999984741211,5.8296895027160645,"{""type"":""MultiPoint"",""coordinates"":[]}",-93.58907927624334
8721,1.4444905869324474,0.1104466454868249,0.5461920963098665,-16.90909848333636,-8.268046849826874,-0.4889702935951847,10.86717128753662,270,2.200000047683716,1.957085132598877,"{""type"":""MultiPoint"",""coordinates"":[]}",-19.010314005758325
8724,1.5681700362882325,0.1354302053548219,0.4657428791377983,-14.934848944413975,-9.00528888807156,-0.6029715413653228,58.093143463134766,184,11.15999984741211,2.085405111312866,"{""type"":""MultiPoint"",""coordinates"":[]}",-66.1738893240023
8747,0.750959488272921,-0.1166203446359088,0.3223503569467326,-14.7626665289445,-8.639708250454843,-0.585240358407836,8.221494674682617,263,2.3949999809265137,23.89238166809082,"{""type"":""MultiPoint"",""coordinates"":[]}",-14.664484960196567
8748,1.235613810741688,0.0495794599380256,0.5439831104855736,-14.291838891740143,-7.704137426732726,-0.5390585133999287,178.653519,140,21.270000457763672,18.0521297454834,"{""type"":""MultiPoint"",""coordinates"":[]}",-140.12041317631818
8751,0.2322476525821596,-0.1917322227363875,0.1897399017140117,-17.821495225296964,-11.537097324093692,-0.6473697733126906,1.214100956916809,564,2.0899999141693115,2.940058946609497,"{""type"":""MultiPoint"",""coordinates"":[]}",-13.134391074120641
8766,1.8040659516567952,0.1279317697228145,0.5947229551451187,-17.009351617517687,-9.746755379927666,-0.5730233344044474,23.96343231201172,76,7.340000152587891,0.9274099469184875,"{""type"":""MultiPoint"",""coordinates"":[]}",-53.30745749209499
8773,0.6909653813678582,-0.0662222866251267,0.3229554922166192,-18.371746107074365,-10.425070471138309,-0.5674512596885904,11.14103651046753,146,2.439999938011169,3.3888180255889893,"{""type"":""MultiPoint"",""coordinates"":[]}",-19.389888059078846
8844,0.8602211834454453,0.0583101943673145,0.4230445752733389,-18.40118731534029,-11.133554127285198,-0.6050454210638693,11.928766250610352,417,2.799999952316284,0.0,"{""type"":""MultiPoint"",""coordinates"":[]}",-20.349372580006506
8884,0.580682253737064,-0.0879434552127225,0.3156907689101896,-17.61994184335564,-12.086332390401417,-0.6859462135488881,1.7482229471206665,376,2.390000104904175,1.854334115982056,"{""type"":""MultiPoint"",""coordinates"":[]}",-13.225327173059329
8890,1.0172187909414183,-0.1067177728464797,0.3693510023785253,-16.65039502584576,-10.9031964817229,-0.65483109949033,10.501293182373049,9,2.0899999141693115,2.9118003845214844,"{""type"":""MultiPoint"",""coordinates"":[]}",-12.011644463930773
8892,2.3638313747435182,0.2718106995884773,0.7740112994350282,-14.77861149409381,-6.345225039979937,-0.429351907824072,63.947929,83,14.93000030517578,0.0,"{""type"":""MultiPoint"",""coordinates"":[]}",-125.9104623335854
8893,0.8791672527781685,-0.0724578851227927,0.4316298342541436,-15.842026743201007,-9.592680485774878,-0.6055210385181183,13.281859397888184,943,3.440000057220459,13.891278266906738,"{""type"":""MultiPoint"",""coordinates"":[]}",-21.497751483136348
8894,1.38581223628692,0.1360404191616766,0.6207914943886592,-16.932845302754103,-11.090424564854471,-0.6549652091282397,27.660371780395508,52,8.34000015258789,2.8747808933258057,"{""type"":""MultiPoint"",""coordinates"":[]}",-48.725789845565586
8915,0.4503894880220028,-0.1071865368621887,0.2746223896426873,-18.452435384407305,-11.682724063582429,-0.633126404195653,10.853593826293944,348,2.240000009536743,7.621947288513184,"{""type"":""MultiPoint"",""coordinates"":[]}",-15.164153423208722
8926,0.3395730198019802,-0.0794583129384891,0.195632798573975,-16.709312752030385,-11.202798874177072,-0.670452402227961,3.873677015304565,284,3.1700000762939453,3.704791784286499,"{""type"":""MultiPoint"",""coordinates"":[]}",-17.455649412908674
8927,1.0539244356065036,0.1430290872617853,0.5290663534938345,-14.72147104373411,-8.240289374980131,-0.5597463290523157,31.233217239379883,146,9.654999732971191,0.9274099469184875,"{""type"":""MultiPoint"",""coordinates"":[]}",-62.57580728115745
8955,0.7003119993254069,-0.0430634689280508,0.3240343347639485,-16.85010259034393,-10.679891684352416,-0.6338176059813786,10.471559524536133,45,2.1600000858306885,0.0,"{""type"":""MultiPoint"",""coordinates"":[]}",-13.32765608653512
8964,1.9624145785876992,0.1195939982347749,0.5943428768540876,-13.585470977803258,-7.485013971590824,-0.5509572677914722,25.49499893188477,369,10.600000143051147,5.8799567222595215,"{""type"":""MultiPoint"",""coordinates"":[]}",-64.66484513852917
8966,1.5302904564315354,0.1228106539537775,0.5996747967479675,-14.308969578342367,-7.791016833884897,-0.5444848275921385,34.018299,165,12.6899995803833,1.3495148420333862,"{""type"":""MultiPoint"",""coordinates"":[]}",-82.71281759212349
8993,0.8317353787152446,-0.0472063148119486,0.4253493503309635,-16.110204516768157,-9.91151801610874,-0.6152322899310452,2.5404789447784424,95,2.8399999141693115,0.9274099469184875,"{""type"":""MultiPoint"",""coordinates"":[]}",-17.604269129835213
8997,1.3925808371354889,-0.0461076560154407,0.5196150999259808,-14.118158086656614,-8.34125274147499,-0.5908173495633608,33.21101379394531,197,10.59000015258789,2.7802884578704834,"{""type"":""MultiPoint"",""coordinates"":[]}",-61.17742848695919
8999,0.6155022460097486,-0.0494736842105263,0.3454935622317596,-15.692970034181345,-10.271436625985082,-0.6545247077903386,4.289997100830078,422,3.509999990463257,1.854334115982056,"{""type"":""MultiPoint"",""coordinates"":[]}",-19.02958221106511
9007,0.5829100442405375,-0.0656050955414012,0.3410834132310642,-14.99576108805174,-8.985848294761604,-0.5992258907032942,13.139568328857422,373,3.2799999713897705,3.428781747817993,"{""type"":""MultiPoint"",""coordinates"":[]}",-19.71251379004666
9008,0.3652751423149905,-0.0325689597873047,0.2426834759117514,-16.644277888271947,-9.990731653989084,-0.6002502314040822,10.48524570465088,40,2.130000114440918,2.7802884578704834,"{""type"":""MultiPoint"",""coordinates"":[]}",-14.172054240460438
9013,0.9725808434771916,-0.060080971659919,0.4336622807017544,-15.66003797776697,-10.314722260496469,-0.6586652136566075,6.259794235229492,342,3.849999904632568,2.141975879669189,"{""type"":""MultiPoint"",""coordinates"":[]}",-20.579465001722397
9044,2.467883360522023,0.277730192719486,0.7862595419847328,-14.43095855195131,-6.44774214565779,-0.446799297665916,30.72381401062012,170,3.5350000858306885,1.341891169548035,"{""type"":""MultiPoint"",""coordinates"":[]}",-28.220670681452553
9049,0.4747086460430776,-0.177257525083612,0.2493589743589743,-18.12163889033964,-9.985979424610347,-0.55105277646459,3.013622999191284,331,2.799999952316284,3.4136404991149902,"{""type"":""MultiPoint"",""coordinates"":[]}",-22.779846116103542
9088,0.3729838709677419,-0.0939442372580358,0.2141958217971306,-19.1091388191185,-11.118001008195126,-0.5818159108809068,10.286048889160156,607,2.0199999809265137,2.7802884578704834,"{""type"":""MultiPoint"",""coordinates"":[]}",-16.142098225646357
9101,0.6454352441613588,-0.1316914308976185,0.3005932762030323,-19.028574896967577,-9.647544696397135,-0.5070030072475151,11.37502670288086,189,2.5,1.349790334701538,"{""type"":""MultiPoint"",""coordinates"":[]}",-23.452575501426104
9106,0.9528946422150306,0.0772566022861647,0.4419121734296831,-15.537895306049228,-9.398337865216378,-0.6048655677038453,10.959919929504396,122,2.3499999046325684,0.0,"{""type"":""MultiPoint"",""coordinates"":[]}",-14.42795940044337
9116,0.7480842911877394,-0.0153686755309963,0.3960446247464503,-17.07871093846097,-9.933489802144663,-0.5816299507578533,7.966506004333496,777,4.599999904632568,2.7802884578704834,"{""type"":""MultiPoint"",""coordinates"":[]}",-32.868016545633616
9129,1.5836111598526057,0.1493658994833255,0.6537486417964505,-14.002803963667937,-7.819569786242509,-0.5584288551443969,32.889503479003906,65,8.949999809265137,5.585238456726074,"{""type"":""MultiPoint"",""coordinates"":[]}",-55.339944708599255
9161,0.9272070211667528,0.0764269590454692,0.3917975567190226,-15.133192339310847,-7.835627234832167,-0.5177775487910699,13.84745979309082,280,3.470000028610229,3.827468156814575,"{""type"":""MultiPoint"",""coordinates"":[]}",-25.32255112132603
9232,0.5251203779413101,-0.1184538653366583,0.294147582697201,-16.784649167238808,-10.500930105363391,-0.625627023879634,2.0885369777679443,339,2.200000047683716,3.001579999923706,"{""type"":""MultiPoint"",""coordinates"":[]}",-13.82418223575699
9234,0.9622989717901398,-0.0220653133274492,0.4030922142462728,-17.31085775269103,-11.778373366028962,-0.6804037982576556,4.316711902618408,128,3.369999885559082,2.880352020263672,"{""type"":""MultiPoint"",""coordinates"":[]}",-18.644471749908583
9255,0.9551553672316384,-0.0027952480782669,0.4614728461757179,-17.523232228691352,-10.838111324812614,-0.6184995543839809,14.429801940917969,153,2.7149999141693115,5.006964683532715,"{""type"":""MultiPoint"",""coordinates"":[]}",-18.150102680242245
9280,0.3542087542087542,-0.0507917538093815,0.2132144304823672,-18.66934303782655,-11.843474703854472,-0.6343809034874999,11.358083724975586,163,2.3499999046325684,3.956906080245972,"{""type"":""MultiPoint"",""coordinates"":[]}",-16.04078993386885
9313,1.085916371957562,0.0418026745287985,0.5120994113799869,-16.346402490253563,-10.054719604724028,-0.6151029017374978,10.632144927978516,212,2.200000047683716,2.7802884578704834,"{""type"":""MultiPoint"",""coordinates"":[]}",-13.841702648175797
9314,0.9711016576206544,-0.046233559186927,0.4355263157894737,-17.236306164734444,-11.10146550708152,-0.6440745134705931,55.6791877746582,677,10.329999923706056,30.011898040771484,"{""type"":""MultiPoint"",""coordinates"":[]}",-63.372903525503524
9334,1.2480510276399717,0.1427973199329983,0.5091066782307025,-18.90738615260108,-11.061013540847547,-0.5850101886942151,10.431589126586914,199,2.0199999809265137,4.317649364471436,"{""type"":""MultiPoint"",""coordinates"":[]}",-15.849672526084458
9342,1.5841548010222708,0.3476404014520606,0.5869065332070877,-18.4128587411754,-10.591315943580422,-0.575213012409409,10.74009132385254,352,2.240000009536743,2.097735643386841,"{""type"":""MultiPoint"",""coordinates"":[]}",-17.52025594120479
9363,1.000063315182981,0.0006507390536394905,0.4601602330662782,-14.622661986869131,-9.315967918670877,-0.6370911074219204,1.2719420194625854,427,2.1700000762939453,3.704791784286499,"{""type"":""MultiPoint"",""coordinates"":[]}",-11.51552653285884
9368,1.2168907495370742,-0.045407344472765,0.4730089187920513,-16.199859247078354,-9.637567184962908,-0.5949167235327087,10.63244342803955,97,2.200000047683716,0.9774609804153442,"{""type"":""MultiPoint"",""coordinates"":[]}",-14.437042849568451
9377,0.5447444766793127,-0.1258139721842592,0.3275191198175231,-19.92028342897536,-13.933891266661938,-0.6994825809754383,14.429801940917969,98,5.090000152587891,2.667329788208008,"{""type"":""MultiPoint"",""coordinates"":[]}",-30.47073701962627
9390,0.5972189384087954,-0.0540588760035682,0.2975081894806581,-18.18666010424127,-9.657840517329015,-0.5310398095072296,20.29441261291504,395,6.46999979019165,2.152453184127808,"{""type"":""MultiPoint"",""coordinates"":[]}",-55.181460937904724
9391,1.8085106382978724,0.2206572769953051,0.6085500901364924,-17.38012711680056,-9.954730777455053,-0.5727651305744638,10.354853630065918,223,2.049999952316284,1.3363343477249146,"{""type"":""MultiPoint"",""coordinates"":[]}",-15.222062141587797
9392,1.5759999999999998,0.0546303608831507,0.5811209439528023,-15.526080006349192,-8.913856334829166,-0.5741214995146204,54.667389,383,11.829999923706056,3.922011375427246,"{""type"":""MultiPoint"",""coordinates"":[]}",-78.22260552960928
9426,0.7405687154874335,-8.942144326209425e-05,0.3876283090221502,-16.84069966383565,-10.471591502997676,-0.6218026395592556,24.822959899902344,334,8.720000267028809,0.9274099469184875,"{""type"":""MultiPoint"",""coordinates"":[]}",-55.538624863242504
9471,0.4640139703130846,-0.0908614363096278,0.2942262061692591,-15.819854223376971,-10.63165832305398,-0.672045277594505,3.459680914878845,612,3.1399999856948853,3.993309497833252,"{""type"":""MultiPoint"",""coordinates"":[]}",-16.290935052796456
9502,3.2857527605709667,0.2308308308308308,0.772640911969601,-17.74534220356346,-11.11306769272273,-0.6262526563444408,80.928459,406,15.239999771118164,16.078197479248047,"{""type"":""MultiPoint"",""coordinates"":[]}",-101.07586202720556
9514,0.6871307474955047,-0.0905609191733822,0.3436978029037646,-18.18319797717449,-11.608423591088194,-0.6384148490084272,13.412257194519045,352,3.390000104904175,3.060351610183716,"{""type"":""MultiPoint"",""coordinates"":[]}",-22.288485858553827
9536,0.7067571469823852,-0.0421210981572019,0.2578351329997366,-16.272640488834327,-5.743536648600886,-0.3529566484641435,13.055118560791016,284,3.25,1.854334115982056,"{""type"":""MultiPoint"",""coordinates"":[]}",-34.21958748075868
9545,2.496823379923761,0.2753567296567682,0.7880263534803781,-15.94213966797529,-10.265637389750236,-0.6439309655762168,17.955978393554688,172,5.010000228881836,10.538046836853027,"{""type"":""MultiPoint"",""coordinates"":[]}",-28.439277713155786
9553,0.3767763649962602,-0.1325378910029022,0.19000471475719,-20.351449827319627,-9.883733961432831,-0.4856525724356495,1.500722050666809,344,2.390000104904175,3.8275723457336426,"{""type"":""MultiPoint"",""coordinates"":[]}",-25.017842017576534
9560,0.6425330692057001,-0.0842785964168345,0.3417162276975361,-16.791573895085524,-10.063098198952094,-0.5992945188954153,13.07640552520752,1000,3.3299999237060547,6.109155178070068,"{""type"":""MultiPoint"",""coordinates"":[]}",-22.405823554782362
9566,1.466168500574807,0.1465223491681699,0.4931639276343046,-18.623135495695564,-9.675248564750078,-0.5195284417592491,1.331117033958435,320,2.0899999141693115,1.339410662651062,"{""type"":""MultiPoint"",""coordinates"":[]}",-18.70108291767277
9575,0.5484929259790855,-0.0878425860857343,0.3514342018830742,-19.885762850076787,-12.3146635965664,-0.6192703638985038,1.331117033958435,442,2.130000114440918,3.993066072463989,"{""type"":""MultiPoint"",""coordinates"":[]}",-16.126442276420676
9603,0.7920823336279834,0.0661611105417911,0.4334081879426498,-16.2499531418948,-9.261477846389145,-0.5699387417008406,12.12104320526123,666,2.8399999141693115,2.944634437561035,"{""type"":""MultiPoint"",""coordinates"":[]}",-19.847269239410412
9621,0.2282980516583213,-0.1391143055877579,0.1491015055852355,-25.55574221119736,-14.130391776933578,-0.5529243353668784,10.648683547973633,113,2.200000047683716,2.6964359283447266,"{""type"":""MultiPoint"",""coordinates"":[]}",-25.13577150018348
9638,0.3428825886893276,-0.1850756081525312,0.2506782419967444,-18.383694642070843,-11.528631465323816,-0.6271117797475103,0.8347309827804565,181,2.0899999141693115,4.699927806854248,"{""type"":""MultiPoint"",""coordinates"":[]}",-14.327081451026494
9645,1.2152173913043478,0.0276243093922651,0.5394017368928916,-15.209572933214773,-10.362500305665783,-0.6813143505848269,5.362435817718506,384,3.7799999713897705,3.3857452869415283,"{""type"":""MultiPoint"",""coordinates"":[]}",-18.32193439345932
9658,0.9332609875203473,0.0227228588075354,0.3822222222222222,-18.37660525564295,-11.3996502952917,-0.6203349387282061,0.9703500270843506,277,2.049999952316284,2.140852928161621,"{""type"":""MultiPoint"",""coordinates"":[]}",-14.302757336032926
9703,0.6791819291819291,-0.0121381886087768,0.3486094790442616,-17.89845287149824,-10.517852049739442,-0.5876402907699484,3.08122992515564,132,3.0199999809265137,3.0170438289642334,"{""type"":""MultiPoint"",""coordinates"":[]}",-22.28941434093778
9707,1.067085393558733,0.0021743069396629,0.4820404467250226,-15.799849137924284,-9.506959830360811,-0.601712063664033,20.66363525390625,413,5.090000152587891,8.778202056884766,"{""type"":""MultiPoint"",""coordinates"":[]}",-32.03080753571678
9710,0.777745899679625,0.0412860154602951,0.4072868411168148,-18.93679897754852,-11.852160516665084,-0.6258798295697713,11.478857040405272,125,2.009999990463257,3.019925832748413,"{""type"":""MultiPoint"",""coordinates"":[]}",-14.24012323881133
9720,1.4443802130646626,0.0351437699680511,0.5398148148148149,-17.101021704582706,-8.871324764908511,-0.5187599266382539,2.4385130405426025,169,2.650000095367432,2.6857473850250244,"{""type"":""MultiPoint"",""coordinates"":[]}",-21.80869767498168
9727,1.218037054049916,0.0221601117987622,0.5104266923323709,-10.195942956176754,-3.1056038740213348,-0.3045921193723376,18.534448623657227,376,6.510000228881836,33.41680908203125,"{""type"":""MultiPoint"",""coordinates"":[]}",-46.158109047681606
9772,0.47037808871688,-0.17026291931097,0.2800590841949778,-15.790562665065774,-9.68443898003002,-0.6133055031316504,1.85394948720932,581,2.470000028610229,1.9319870471954343,"{""type"":""MultiPoint"",""coordinates"":[]}",-15.082125676735911
9839,1.4147727272727273,0.0127084988085782,0.4828700711053652,-15.93387759008912,-8.841252418533177,-0.5548713656512863,24.17215347290039,19,8.75,0.9707241654396056,"{""type"":""MultiPoint"",""coordinates"":[]}",-62.0604702511145
9867,2.434040706306964,0.1168521462639109,0.637920196366031,-13.547553204784062,-7.797445033594041,-0.5755611301707618,17.177716732025146,235,5.325000047683716,5.018328666687012,"{""type"":""MultiPoint"",""coordinates"":[]}",-30.619326285773386
9885,1.6626326568609198,0.0470705064548162,0.5684277530235519,-15.632783352096665,-9.787332105255492,-0.6260773839703228,17.004114151000977,91,5.269999980926514,0.9274099469184875,"{""type"":""MultiPoint"",""coordinates"":[]}",-30.805527959359843
9900,1.2647506661591168,-0.006378132118451,0.5013202565069785,-20.668978013253536,-9.521321412625548,-0.4606575809660355,1.5648930072784424,420,2.5,1.3353887796401978,"{""type"":""MultiPoint"",""coordinates"":[]}",-27.86914150156997
9930,0.6100213308795851,-0.0488104374520337,0.3393833624200116,-17.1279588062551,-13.127827297121414,-0.766456029327158,1.923604965209961,539,2.569999933242798,2.126599073410034,"{""type"":""MultiPoint"",""coordinates"":[]}",-10.28033771143599
9942,0.8097208956807811,-0.0569371727748691,0.3875063484002031,-17.40836774770883,-11.083760129592791,-0.6366915204357146,10.48524570465088,105,2.130000114440918,4.718525409698486,"{""type"":""MultiPoint"",""coordinates"":[]}",-13.471414950381064
9957,0.5986095165199643,-0.1180983047637086,0.2871347713018204,-14.132561327782822,-8.009107688093977,-0.5667131033317426,2.358426094055176,264,2.650000095367432,6.243821144104004,"{""type"":""MultiPoint"",""coordinates"":[]}",-16.227152729153488
9976,2.424955378873925,0.1912466843501326,0.6404542532676237,-14.945905664447716,-6.918377421769707,-0.4628944927858512,66.558411,41,14.029999732971191,1.854334115982056,"{""type"":""MultiPoint"",""coordinates"":[]}",-112.62621910119117
10000,3.2925952552120776,0.1784730913642052,0.7357429718875502,-13.436934033434245,-6.806637246328018,-0.5065617818314436,61.29817199707031,224,16.479999542236328,6.874858856201172,"{""type"":""MultiPoint"",""coordinates"":[]}",-109.26728801640162
10003,1.1017551339444327,0.3012618296529968,0.5020236360692893,-20.2685201577614,-12.0282982865551,-0.5934472863796679,11.017038345336914,270,2.309999942779541,1.3439806699752808,"{""type"":""MultiPoint"",""coordinates"":[]}",-19.03491205097728
10005,0.721742913071848,0.0246344355157423,0.3772262220538082,-17.175603637612237,-10.732702127208263,-0.6248806361428314,11.062140464782717,23,2.1600000858306885,1.3316020965576172,"{""type"":""MultiPoint"",""coordinates"":[]}",-13.916667815471257
10010,0.8874752094328785,-0.0198535080956052,0.3838293883290368,-17.93927437654159,-10.450937960519386,-0.5825730595985322,10.810553550720217,362,2.240000009536743,4.7312750816345215,"{""type"":""MultiPoint"",""coordinates"":[]}",-16.77387364330408
10032,1.0926589922626913,-0.0458494208494208,0.4773289365210222,-16.269146569555407,-9.816502298702773,-0.6033815146193641,30.414644241333008,740,7.889999866485596,2.8922784328460693,"{""type"":""MultiPoint"",""coordinates"":[]}",-50.91136243550633
10101,1.9375661375661375,0.1469368954398894,0.6337833160263067,-13.368130804272347,-9.108295911091597,-0.6813440146905697,70.34695434570312,178,12.989999771118164,0.9274099469184875,"{""type"":""MultiPoint"",""coordinates"":[]}",-55.33525428741912
10110,1.2560175054704594,0.1158277744087325,0.4900398406374502,-18.68198062488463,-7.23076902517043,-0.3870450981808083,10.739827156066896,189,2.240000009536743,1.9213608503341677,"{""type"":""MultiPoint"",""coordinates"":[]}",-25.650714092567075
10140,1.9189785926850345,0.1445487042001787,0.7009116409537167,-15.138021825472489,-9.596510161604428,-0.6339342268258952,36.80439758300781,639,11.09000015258789,4.743373870849609,"{""type"":""MultiPoint"",""coordinates"":[]}",-61.45536519786437
10143,0.4421340054610376,-0.0832835820895522,0.1684,-16.47960037734835,-9.118107889776851,-0.5532966626005041,22.253321,283,7.289999961853027,1.3386112451553345,"{""type"":""MultiPoint"",""coordinates"":[]}",-53.66527995357758
10177,0.6935860815372631,0.0293897260844226,0.2921360603740566,-13.08040571114202,-7.093772059781613,-0.5423204919201449,42.776023864746094,560,13.25,1.854334115982056,"{""type"":""MultiPoint"",""coordinates"":[]}",-79.32289588052541
10198,1.8232787620542723,0.0793964877566163,0.6540627514078842,-14.220264541500248,-7.718516814571199,-0.5427829272827923,11.447758674621582,607,2.569999933242798,8.111586570739746,"{""type"":""MultiPoint"",""coordinates"":[]}",-16.709491224169167
10233,0.6403688524590163,-0.1070840197693575,0.3170394281761586,-18.208866106601256,-10.199677316623765,-0.5601489547405742,2.0144050121307373,612,2.5,1.854334115982056,"{""type"":""MultiPoint"",""coordinates"":[]}",-20.02297197494373
10234,0.7699520733486143,0.0147559591373439,0.4154019111860595,-17.794608872319934,-9.994405185179549,-0.5616535466944798,16.89770221710205,236,5.0299999713897705,3.463935375213623,"{""type"":""MultiPoint"",""coordinates"":[]}",-39.23502432315052
10278,1.2397170121750576,0.0213500107828337,0.5227193895248006,-19.08327965704074,-12.821215722161352,-0.6718559887283834,23.10989761352539,924,7.110000133514404,28.740068435668945,"{""type"":""MultiPoint"",""coordinates"":[]}",-44.52327541306819
10280,2.616701244813278,0.2123371835831899,0.7876658860265418,-12.436032821560469,-4.957889265592643,-0.3986712914585674,127.900047,598,11.574999809265137,26.047138214111328,"{""type"":""MultiPoint"",""coordinates"":[]}",-86.5595102339849
10298,1.1022657685241886,0.0855120896402594,0.2534616287256512,-15.021544377975395,-8.605896348656316,-0.572903566511729,10.68620491027832,268,2.240000009536743,2.162710666656494,"{""type"":""MultiPoint"",""coordinates"":[]}",-14.371051646859126
10331,0.8258376433550708,-0.0310988251554941,0.3979951232728257,-17.31363110796243,-11.259059029644815,-0.6503002726254717,50.8851203918457,505,11.029999732971191,2.0854387283325195,"{""type"":""MultiPoint"",""coordinates"":[]}",-66.7819284070981
10348,1.7857142857142858,0.1878574571051473,0.5587229190421893,-15.622632244163436,-6.67853329603826,-0.4274909113688788,10.246421813964844,12,2.0199999809265137,2.1478610038757324,"{""type"":""MultiPoint"",""coordinates"":[]}",-18.067079704617704
10350,1.8431742347308864,0.1877943115464306,0.7233134073441503,-11.790892864507288,-5.574176654187463,-0.4727527184108965,30.2310733795166,957,9.359999656677246,15.834827423095703,"{""type"":""MultiPoint"",""coordinates"":[]}",-58.18846159425344
10353,0.9686925660688256,0.0564069646152611,0.3267771245323356,-14.401399449244698,-5.751130527883177,-0.399345254476974,34.01666641235352,336,10.949999809265137,0.9274099469184875,"{""type"":""MultiPoint"",""coordinates"":[]}",-94.7204430390008
10355,1.739419244638451,0.1395961369622476,0.6275248202670318,-13.991249051817556,-7.944168633622473,-0.5677955273471794,65.615967,108,13.5600004196167,10.274225234985352,"{""type"":""MultiPoint"",""coordinates"":[]}",-81.99841300818126
10370,1.6703628411261011,0.2756252201479394,0.6322723563017372,-19.499449069513577,-11.28446832400338,-0.5787070334026045,1.214100956916809,313,2.309999942779541,0.9661518335342408,"{""type"":""MultiPoint"",""coordinates"":[]}",-18.97660505206359
10381,1.1537704272494584,-0.0038431975403535,0.5082393755420642,-15.848529431412778,-9.188699116680782,-0.5797824433141541,6.519321918487549,978,2.059999942779541,7.649834632873535,"{""type"":""MultiPoint"",""coordinates"":[]}",-13.719250067269366
10410,0.6234768480909829,-0.1453948638733346,0.2889865076874804,-20.305502944403656,-11.863995624744383,-0.5842748961809975,2.2992279529571533,341,2.7300000190734863,1.3377259969711304,"{""type"":""MultiPoint"",""coordinates"":[]}",-23.04531514367879
10421,0.2726564933042665,-0.1767220902612826,0.2241136567259695,-24.03785819950774,-14.699779756704906,-0.6115261865138192,3.058612108230591,489,2.940000057220459,3.018920421600342,"{""type"":""MultiPoint"",""coordinates"":[]}",-27.45395115616946
10431,1.866935483870968,0.1655290102389078,0.5963933018462859,-14.92921889897788,-7.62360724201196,-0.5106501079258678,45.473888,51,16.84000015258789,1.854334115982056,"{""type"":""MultiPoint"",""coordinates"":[]}",-123.02650141805397
10434,1.1625501885874194,0.0938347495932019,0.5149555375909458,-18.086985151062613,-11.661467965645546,-0.6447436025544828,10.285636901855469,210,2.0199999809265137,3.455166339874268,"{""type"":""MultiPoint"",""coordinates"":[]}",-12.979544591985462
10456,0.3842171437023889,-0.1325660121868652,0.2113077079520032,-20.567296853345727,-13.819206011353865,-0.6719019086412351,2.2992279529571533,233,2.619999885559082,1.3344883918762207,"{""type"":""MultiPoint"",""coordinates"":[]}",-17.679997233760968
10470,0.3691620879120879,-0.1218957345971564,0.1744657830673519,-15.508940576330865,-9.266036426998348,-0.5974641776073222,1.02217698097229,257,2.0199999809265137,2.088111162185669,"{""type"":""MultiPoint"",""coordinates"":[]}",-12.610666262577737
10490,0.4163992297817715,-0.1342585373460159,0.2521865889212828,-16.629295354696936,-9.595258199106976,-0.5770093076371273,13.165238380432127,312,3.5799999237060547,2.941962242126465,"{""type"":""MultiPoint"",""coordinates"":[]}",-25.181852480357612
10493,1.1821852132223063,0.1658828559213339,0.5834371108343711,-10.808566389386003,-4.409756115038897,-0.4079871424363244,36.11030197143555,233,8.050000190734863,35.36444091796875,"{""type"":""MultiPoint"",""coordinates"":[]}",-51.510423928970404
10539,2.1516488620529497,0.1532880340896003,0.6613133476088509,-14.10220565405849,-7.436979772551851,-0.5273628788991284,35.92350387573242,353,13.210000038146973,10.791651725769045,"{""type"":""MultiPoint"",""coordinates"":[]}",-88.0476341489609
10545,1.0410469958358122,-0.047185780787135,0.4980434009249377,-12.151681161737748,-4.970857735836983,-0.4090674919523749,14.994751930236816,1262,4.380000114440918,14.0867919921875,"{""type"":""MultiPoint"",""coordinates"":[]}",-31.45200742722538
10551,0.4136980416025205,-0.0703141397887077,0.2317721392036907,-17.67920449013085,-10.598832647011438,-0.5995084593839093,10.392067909240724,110,2.049999952316284,1.3335200548171997,"{""type"":""MultiPoint"",""coordinates"":[]}",-14.514761940776356
10586,0.8109880501311572,-0.0955866973436519,0.3779286926994906,-16.41108732628132,-10.174393013793887,-0.6199706827164487,13.293313026428224,499,2.555000066757202,21.30307388305664,"{""type"":""MultiPoint"",""coordinates"":[]}",-15.93475438474965
10608,1.1612845664579865,0.0126744745708326,0.4768558623027381,-17.132041647135118,-10.020466472213624,-0.5848962241980822,40.35002517700195,495,4.639999866485596,4.9867844581604,"{""type"":""MultiPoint"",""coordinates"":[]}",-32.99770786213801
10648,0.5408794962109084,-0.0854216206328882,0.2770261035943693,-17.67311753876132,-9.622862495305109,-0.5444915122756298,2.6866989135742188,449,2.7699999809265137,11.176539421081545,"{""type"":""MultiPoint"",""coordinates"":[]}",-22.29920631682728
10679,0.3979009999173622,0.2640949554896142,0.2590799031476997,-14.802539519792528,-10.258031985163177,-0.6929913594520132,26.51496124267578,21,9.649999618530272,3.4519827365875244,"{""type"":""MultiPoint"",""coordinates"":[]}",-43.85449597558119
10717,2.089146584526182,0.373591707976566,0.6596109839816934,-18.548519217325584,-11.640174945597686,-0.6275527878648646,10.392394065856934,9,2.130000114440918,2.091238260269165,"{""type"":""MultiPoint"",""coordinates"":[]}",-14.714774089377684
10723,1.9587375660076136,0.0817319387010459,0.6520850367947669,-13.111068677602775,-6.099619864774253,-0.4652267496084465,83.601997,343,18.729999542236328,8.22490119934082,"{""type"":""MultiPoint"",""coordinates"":[]}",-131.32443305469167
10734,0.3907461212490094,-0.1029985113773304,0.2202621783460106,-17.781683931768008,-10.556043805016683,-0.5936470272175799,190.089691,498,26.399999618530277,1.3459728956222534,"{""type"":""MultiPoint"",""coordinates"":[]}",-190.756896589872
10752,1.501970720720721,0.0500449505543901,0.4928406466512702,-14.242437512628651,-8.608908833609817,-0.6044547378899412,11.644733428955078,13,2.430000066757202,1.3430099487304688,"{""type"":""MultiPoint"",""coordinates"":[]}",-13.68947506609438
10756,0.7677821237143272,-0.0871406284822821,0.3857350800582241,-16.33857908175829,-9.72071061830972,-0.5949544675621583,18.546667098999023,608,6.03000020980835,2.916633129119873,"{""type"":""MultiPoint"",""coordinates"":[]}",-39.90574822307894
10759,1.5858837311465803,0.1919191919191919,0.6340749414519906,-15.971966489195903,-10.924957585141357,-0.6840082961939249,30.505956649780277,40,8.489999771118164,0.0,"{""type"":""MultiPoint"",""coordinates"":[]}",-42.849104440254436
10774,0.274610566886141,-0.1144534871742041,0.0912,-13.472167559441887,-1.337323867408383,-0.0992656795209711,24.42607307434082,509,7.300000190734863,1.3430471420288086,"{""type"":""MultiPoint"",""coordinates"":[]}",-88.58436126638233
10793,1.2291200841772985,0.0779792290089772,0.5033665499596014,-17.962902706787737,-10.576853139234805,-0.5888164798241696,12.621827125549316,199,2.880000114440918,2.7802884578704834,"{""type"":""MultiPoint"",""coordinates"":[]}",-21.271823599818738
10808,0.6958504560489125,-0.0632717363535723,0.3675711449371277,-18.11608287456536,-10.936510712223765,-0.6036906978151674,10.554780006408691,421,2.130000114440918,0.9274099469184875,"{""type"":""MultiPoint"",""coordinates"":[]}",-15.29248952742443
10816,0.6499690306596471,-0.096426001439194,0.3161363208435322,-14.923098503748644,-6.45318103374448,-0.4324290315528948,8.649443507194519,418,4.504999995231628,8.60395622253418,"{""type"":""MultiPoint"",""coordinates"":[]}",-38.156978161981044
10853,0.6457460065707489,-0.1167098925527973,0.3630573248407643,-17.303779484417785,-9.625364662800989,-0.5562579361040009,8.781129837036133,96,4.789999961853027,0.96734219789505,"{""type"":""MultiPoint"",""coordinates"":[]}",-36.77960670263617
10893,0.9935016962249976,-0.0349618873352446,0.4785783313647589,-14.474090771836323,-7.968610722343092,-0.5505430944131158,16.912201,547,5.159999847412109,2.147001266479492,"{""type"":""MultiPoint"",""coordinates"":[]}",-33.5682760627276
10895,1.2274076072295657,0.0642414860681114,0.5176336746302617,-15.48008172037041,-7.161299185772391,-0.4626137842895724,11.622564315795898,144,2.5799999237060547,1.9593071937561035,"{""type"":""MultiPoint"",""coordinates"":[]}",-21.46245830459015
10907,1.3813120716184082,0.0304216867469879,0.527369826435247,-15.146161938416084,-9.237748233122346,-0.6099068708417881,100.3842544555664,519,17.585000038146973,20.53084373474121,"{""type"":""MultiPoint"",""coordinates"":[]}",-103.89945523297847
10944,1.537887271369914,0.0736245954692556,0.5406824146981627,-21.443934089073025,-15.369986882678983,-0.716752197560191,147.837219,264,23.65999984741211,48.58185958862305,"{""type"":""MultiPoint"",""coordinates"":[]}",-143.70958997647224
10969,0.5626876488249302,-0.1044885945548197,0.3010246469122127,-17.377745392367466,-10.22453091424045,-0.588369243730041,1.3916250467300415,277,2.1700000762939453,2.665854454040528,"{""type"":""MultiPoint"",""coordinates"":[]}",-15.522475963282577
10973,0.7674976735073713,0.0034498009730207,0.4221443965517241,-17.20273568965404,-10.889602841332517,-0.6330157620152049,3.823107957839966,357,3.25,1.3398302793502808,"{""type"":""MultiPoint"",""coordinates"":[]}",-20.517681757044954
10979,1.8693596905887409,0.296112705452648,0.5866486850977748,-17.108332186906665,-10.792015022902222,-0.630804622274143,1.500722050666809,5,2.2799999713897705,1.3403444290161133,"{""type"":""MultiPoint"",""coordinates"":[]}",-14.401202953218847
10986,0.5825958702064897,-0.1534569983136593,0.2425172678434382,-25.423758257034056,-14.333873824553818,-0.5637983841585666,2.1830639839172363,471,2.630000114440918,0.9595040678977966,"{""type"":""MultiPoint"",""coordinates"":[]}",-29.16639732655958
11006,0.5369961347321921,-0.0362718089990817,0.2545811518324607,-16.086131243242395,-8.416766719048962,-0.5232312600075765,7.398453235626221,115,4.139999866485596,0.9274099469184875,"{""type"":""MultiPoint"",""coordinates"":[]}",-31.75116810619018
11025,1.26064975189589,0.0163693599160545,0.4699005409178154,-17.001379482133984,-11.337894895168608,-0.6668808791123751,63.403759,11,14.75,2.7802884578704834,"{""type"":""MultiPoint"",""coordinates"":[]}",-83.5363976577393
11032,0.6130132956818449,-0.0167522894795622,0.3573388203017832,-19.781750649176185,-13.19630983195912,-0.6670951457225393,134.208862,555,26.950001,34.73012924194336,"{""type"":""MultiPoint"",""coordinates"":[]}",-177.47763660944074
11035,1.5731958762886598,0.0674230853152956,0.5236787920384351,-15.850939048290265,-8.723866646140866,-0.5503690740064925,57.18768237420655,154,14.05999994277954,1.3517383337020874,"{""type"":""MultiPoint"",""coordinates"":[]}",-100.20663756640617
11052,0.7288893115252948,-0.0387166435292302,0.3609606781257358,-16.497060606363966,-9.281852557471789,-0.5626367495971486,15.254813194274902,73,4.0,4.863701343536377,"{""type"":""MultiPoint"",""coordinates"":[]}",-28.86083219556871
11062,0.6124168929675063,-0.1116125150421179,0.3076923076923077,-19.272826789712024,-11.444925354023654,-0.5938374001333857,1.6303950548171997,382,2.2799999713897705,2.893422365188598,"{""type"":""MultiPoint"",""coordinates"":[]}",-17.847615049411427
11065,0.963572880296003,0.088962255733024,0.4943850267379679,-17.039471754852602,-9.811166087200206,-0.5757905073792047,3.265131950378418,147,3.0999999046325684,1.9184012413024905,"{""type"":""MultiPoint"",""coordinates"":[]}",-22.40774688037748
11108,1.610814854599862,0.2541943230712785,0.5588460386650251,-18.78694361480913,-9.844539551177435,-0.52400963951461,12.480476379394531,214,2.799999952316284,1.854334115982056,"{""type"":""MultiPoint"",""coordinates"":[]}",-25.03873095176169
11118,0.390877662540426,-0.1025516403402187,0.176796973518285,-17.70280024260667,-10.661978714501998,-0.6022763951683195,15.961552619934082,651,4.639999866485596,3.8752708435058594,"{""type"":""MultiPoint"",""coordinates"":[]}",-32.66941095035459
11124,1.415466561451963,0.0575382374362709,0.5669695772421968,-15.457644387862675,-8.683770240211647,-0.5617783681859141,49.067879,185,14.43000030517578,0.977718472480774,"{""type"":""MultiPoint"",""coordinates"":[]}",-97.74700601782666
11129,0.9024390243902438,-0.0731419583169484,0.4065934065934066,-14.680205685980573,-8.658854393270568,-0.5898319532089169,4.210343837738037,657,3.25,2.7802884578704834,"{""type"":""MultiPoint"",""coordinates"":[]}",-19.569391701307516
11161,0.3441484226761798,-0.1473189607517965,0.2198320161604706,-20.672411070134007,-13.41682161003174,-0.6490206471085216,10.392394065856934,495,2.119999885559082,0.9274099469184875,"{""type"":""MultiPoint"",""coordinates"":[]}",-15.381848825080489
11162,0.5212929707542329,-0.071900089206066,0.2757871878393051,-17.621799634678027,-10.542470339631036,-0.5982629787076035,25.780312538146973,325,7.96999979019165,24.371273040771484,"{""type"":""MultiPoint"",""coordinates"":[]}",-56.42225299622212
11188,1.3568493150684933,0.0550277827567664,0.5613488240294701,-15.738839142037378,-8.847192257533257,-0.5621248287558263,3.823107957839966,124,3.3299999237060547,2.085524559020996,"{""type"":""MultiPoint"",""coordinates"":[]}",-22.949183599607792
11194,0.4005733853627458,-0.106089139987445,0.2270880361173815,-17.17123734448927,-9.510008941976931,-0.553833643504378,1.8878649473190308,230,2.3499999046325684,2.0851850509643555,"{""type"":""MultiPoint"",""coordinates"":[]}",-18.00388601527232
11197,1.3728845788172657,0.0973930152484013,0.5583913379737045,-15.986983378090526,-10.408029616981734,-0.6510314904840329,10.63244342803955,287,2.2699999809265137,0.0,"{""type"":""MultiPoint"",""coordinates"":[]}",-12.66422493130686
11203,0.6484223361369632,0.0014876524843796,0.3756712921247072,-17.477574140812376,-11.472876583272129,-0.6564341533234576,14.00147533416748,583,3.0999999046325684,3.4557924270629883,"{""type"":""MultiPoint"",""coordinates"":[]}",-18.614561855722183
11246,0.5534513777104442,-0.0650502126119605,0.3119829196690686,-18.235351919875207,-10.63816634349863,-0.5833814664088716,10.299939155578612,232,2.130000114440918,2.0892574787139893,"{""type"":""MultiPoint"",""coordinates"":[]}",-16.182006147111
11256,0.3524449528167,-0.1201616664075858,0.2252169940612151,-21.0352862194716,-12.79163981110514,-0.6081039106215907,67.891769,519,12.859999656677246,3.37570858001709,"{""type"":""MultiPoint"",""coordinates"":[]}",-106.0132899813613
11259,1.897031191281473,0.2626992955135335,0.6687864334923158,-17.602719877731836,-9.79840501081874,-0.5566415348808752,1.1160930395126345,24,2.200000047683716,0.9274099469184875,"{""type"":""MultiPoint"",""coordinates"":[]}",-17.169493079347543
11291,0.4275128865979382,-0.0953557312252964,0.2294656752550579,-19.401617830248867,-11.734807645030523,-0.6048365526886579,1.7482229471206665,493,2.5,4.724498748779297,"{""type"":""MultiPoint"",""coordinates"":[]}",-19.16702546304586
11317,0.3894711767508337,-0.1209439528023598,0.259455170589791,-19.989059271352,-11.743868878227037,-0.5875148359311817,1.6803940534591677,184,2.430000066757202,0.9274099469184875,"{""type"":""MultiPoint"",""coordinates"":[]}",-20.035813205719506
11322,1.0550165943323973,-0.0360601001669449,0.4430447601179308,-16.445419744376665,-9.967264803152544,-0.6060815082911304,12.462129592895508,240,3.1700000762939453,1.3443007469177246,"{""type"":""MultiPoint"",""coordinates"":[]}",-20.53575165792446
11368,0.7248349834983498,-0.1745293632340809,0.3403060236296726,-12.8344460940536,-7.29667369598011,-0.5685226804887804,15.318453788757324,503,4.150000095367432,8.196569442749023,"{""type"":""MultiPoint"",""coordinates"":[]}",-22.981755980128113
11394,1.6872586872586872,0.1190405392011101,0.5060799073537927,-17.198891362376173,-10.256817069768092,-0.5963650129336608,39.0964241027832,26,5.585000038146973,2.7802884578704834,"{""type"":""MultiPoint"",""coordinates"":[]}",-38.77148518903525
11433,1.4617968094038625,0.0537331455021131,0.5903696168192608,-15.023274523236196,-7.594017100977616,-0.505483480930346,72.997467,312,13.170000076293944,7.417196750640869,"{""type"":""MultiPoint"",""coordinates"":[]}",-97.84332081795286
11436,1.4835468706793251,0.1313291139240506,0.537844611528822,-21.28433244085862,-14.648361850160208,-0.6882227521517364,98.937752,328,14.420000076293944,25.85392951965332,"{""type"":""MultiPoint"",""coordinates"":[]}",-95.69069642415546
11437,0.3610376734963648,-0.1334683071172714,0.2039197386840877,-20.705138949968777,-11.4055923704681,-0.5508580453397681,1.116761028766632,199,2.0549999475479126,2.940176248550415,"{""type"":""MultiPoint"",""coordinates"":[]}",-19.110567733093262
11438,0.7089752591797117,-0.013857845328565,0.392746825306029,-17.054154456855276,-10.020766368847006,-0.5875850599452586,24.385528564453125,312,7.789999961853027,0.9566930532455444,"{""type"":""MultiPoint"",""coordinates"":[]}",-54.790092937281955
11468,0.4921843864854094,-0.0500445235975066,0.2825727723401551,-15.724881848090137,-8.92116536425304,-0.5673279742535274,7.019862174987793,150,4.300000190734863,0.9577222466468812,"{""type"":""MultiPoint"",""coordinates"":[]}",-29.255982178205446
11469,0.6410474771130509,-0.1366676649695517,0.333481005648466,-18.187168253151576,-11.582623122540983,-0.6368568741059445,10.780588150024414,518,2.309999942779541,0.9846975803375244,"{""type"":""MultiPoint"",""coordinates"":[]}",-15.256498873795366
11475,0.8569120814568241,-0.0101413399345204,0.4245180065478355,-17.569299167604097,-9.665913636198274,-0.5501593173403969,1.1715970039367676,315,2.0899999141693115,0.9274099469184875,"{""type"":""MultiPoint"",""coordinates"":[]}",-16.518075082285147
11510,0.3793103448275862,-0.1103769334734945,0.2651498085154314,-17.169003057106714,-9.91761682637673,-0.5776466340759115,1.6803940534591677,436,2.390000104904175,3.998182773590088,"{""type"":""MultiPoint"",""coordinates"":[]}",-17.33081385214535
11514,0.2383863080684596,0.1782682512733446,0.0193740685543964,-25.407051577979693,-18.89136639643648,-0.7435481578196834,3.3590550422668457,-1,3.25,4.7257080078125,"{""type"":""MultiPoint"",""coordinates"":[]}",-21.175976840015437
11520,0.5844124233278162,-0.0778994957398713,0.3267111171587971,-15.563808711356044,-10.107475961926353,-0.6494217546217649,2.8369579315185547,236,2.8399999141693115,0.9274099469184875,"{""type"":""MultiPoint"",""coordinates"":[]}",-15.495984540059528
11546,0.3738682017149367,-0.0903149915043785,0.2372978116079923,-17.045701521351273,-10.534362287100356,-0.6180069663841715,1.22843599319458,451,2.0899999141693115,2.7802884578704834,"{""type"":""MultiPoint"",""coordinates"":[]}",-13.608698440711686
11577,0.4404471898381764,-0.1032644903397734,0.2634317679198647,-21.638136786873943,-11.108734062598872,-0.5133868119984164,1.3916250467300415,398,2.1700000762939453,0.9274099469184875,"{""type"":""MultiPoint"",""coordinates"":[]}",-22.84880471500658
11581,1.3425,0.0874492195852041,0.5557088651259054,-16.016685242407284,-9.10054667085944,-0.5681916409747491,10.7426176071167,399,2.200000047683716,1.3482451438903809,"{""type"":""MultiPoint"",""coordinates"":[]}",-15.215505187192443
11585,1.093357451512411,0.1519599069267943,0.5605358062854199,-15.159535196174796,-8.414296796523193,-0.5550497879807272,23.70526885986328,5,7.559999942779541,1.854334115982056,"{""type"":""MultiPoint"",""coordinates"":[]}",-50.99400191540048
11593,0.7286344635392477,-0.140495867768595,0.3452544704264099,-18.459105137852397,-11.431916773903716,-0.6193104534878743,6.130643904209137,760,3.644999861717224,2.1192173957824707,"{""type"":""MultiPoint"",""coordinates"":[]}",-25.614100614853832
11656,0.483080779309559,-0.208340339667059,0.2409090909090909,-15.392916228560264,-10.22538063496626,-0.6642913196652057,162.186661,779,19.790001,35.64462661743164,"{""type"":""MultiPoint"",""coordinates"":[]}",-102.26553456476091
11658,0.8816120906801007,0.0978398983481575,0.4211229946524064,-18.36528413392995,-9.753310219495312,-0.5310732003038289,10.68592357635498,547,2.2799999713897705,1.854334115982056,"{""type"":""MultiPoint"",""coordinates"":[]}",-19.635300278520425
11670,1.0088183421516757,-0.0623608017817371,0.4176706827309236,-12.997592702430415,-8.399653872222125,-0.6462468908301362,22.73238182067871,339,7.150000095367432,8.763839721679688,"{""type"":""MultiPoint"",""coordinates"":[]}",-32.875263074482895
11718,0.8577958027552466,0.003099173553719,0.3951074870274277,-18.39284827432812,-11.960138323477311,-0.6502602612217879,11.283721446990969,500,2.534999966621399,0.9274099469184875,"{""type"":""MultiPoint"",""coordinates"":[]}",-16.30691951069194
11786,2.7730220492866406,0.3719970880854161,0.6451418225709112,-14.970337293689436,-8.114528863365258,-0.5420404834021902,1.0090949535369873,2,2.0199999809265137,0.9274099469184875,"{""type"":""MultiPoint"",""coordinates"":[]}",-13.84873289849067
11788,1.2491397109428768,0.004427129449265,0.5092592592592593,-14.233734565702324,-7.550294463074248,-0.5304506999355935,42.69002532958984,241,13.34000015258789,6.259034156799316,"{""type"":""MultiPoint"",""coordinates"":[]}",-89.15709198887056
11803,1.8016194331983808,0.1404886561954624,0.6182702327196944,-15.688085022921715,-9.346324764611914,-0.5957594410634622,18.51930046081543,162,2.694999933242798,16.769084930419922,"{""type"":""MultiPoint"",""coordinates"":[]}",-17.09104347278674
11804,0.4718875502008032,-0.077976289864752,0.2374308395477508,-19.686892692464617,-11.628372349544607,-0.5906657049030141,10.983942985534668,557,2.390000104904175,5.365391731262207,"{""type"":""MultiPoint"",""coordinates"":[]}",-19.259864464951253
11881,1.3340391741662256,0.0012806830309498,0.5548623853211009,-15.39659291084677,-9.082367250046776,-0.5898946151682899,4.505998134613037,141,3.440000057220459,0.9584714770317078,"{""type"":""MultiPoint"",""coordinates"":[]}",-21.720936634454873
11886,1.4392037302725968,0.0418192329928695,0.4868061874431301,-15.987430394273217,-9.024597918138458,-0.5644808262227755,10.89125156402588,49,2.2699999809265137,2.944927215576172,"{""type"":""MultiPoint"",""coordinates"":[]}",-15.805629588020413
11895,2.8239022881880027,0.1372962832688474,0.6585541734270777,-14.93931094688431,-8.10142056158909,-0.5422887702380071,27.334449768066406,118,10.029999732971191,6.042492866516113,"{""type"":""MultiPoint"",""coordinates"":[]}",-68.58403873859733
11907,0.5568632725805367,-0.1030745179781136,0.2787878787878788,-18.68185574185873,-10.046277827199075,-0.537755882821068,11.082300186157228,256,2.4200000762939453,2.7802884578704834,"{""type"":""MultiPoint"",""coordinates"":[]}",-20.898099212318673
11913,1.0546201776481507,0.0562316407889215,0.5030034777110338,-16.76734707161931,-10.086161391678557,-0.6015359107554087,16.373598098754883,370,4.550000190734863,7.6330413818359375,"{""type"":""MultiPoint"",""coordinates"":[]}",-30.399396118065457
11919,1.3817726737338043,0.0895689494308639,0.5206657420249653,-17.870871303618102,-10.861682140666598,-0.6077869375326743,25.631126403808597,142,8.930000305175781,3.3904216289520264,"{""type"":""MultiPoint"",""coordinates"":[]}",-62.59206136419171
11935,2.380293863439931,0.1777819761949745,0.809048178613396,-15.13409095063511,-7.141065634453055,-0.4718529614858285,39.340229,668,8.819999694824219,13.830622673034668,"{""type"":""MultiPoint"",""coordinates"":[]}",-70.49848084944799
11972,0.724257854100106,0.0713374876693213,0.2572323512898554,-18.42907544412148,-9.574553916206694,-0.5195352281907768,13.121976852416992,267,3.25,0.9274099469184875,"{""type"":""MultiPoint"",""coordinates"":[]}",-28.777194965723055
11978,1.4394473424503031,0.1717382242601083,0.5739179314221473,-18.17885858984432,-11.724282392853144,-0.6449405134491203,11.511029243469238,286,2.680000066757202,0.9274099469184875,"{""type"":""MultiPoint"",""coordinates"":[]}",-17.298264638825803
12001,0.556315744462499,-0.0703230148048452,0.3457347860749402,-16.754618567544398,-11.25733793307423,-0.6718946114882599,1.6303950548171997,531,2.3350000381469727,2.0872585773468018,"{""type"":""MultiPoint"",""coordinates"":[]}",-12.836150491192457
12022,1.1407543698252072,0.0709031467102574,0.4357247437774524,-15.572024328236832,-10.45508206481752,-0.6714016010018212,21.839731216430664,20,6.800000190734863,2.161681652069092,"{""type"":""MultiPoint"",""coordinates"":[]}",-34.79520836723061
12030,2.426746285238161,0.2477135128172098,0.6519306099608282,-14.865099713407194,-6.724282315703416,-0.4523536636379656,71.458237,16,12.649999618530272,6.070359230041504,"{""type"":""MultiPoint"",""coordinates"":[]}",-102.98133697547739
12106,2.466398780656782,0.3421139282186368,0.8165137614678899,-13.30583418461545,-8.248529909876403,-0.6199182851243981,19.58230972290039,230,5.389999866485596,1.854334115982056,"{""type"":""MultiPoint"",""coordinates"":[]}",-27.258869365620498
12108,1.3278201077866567,-0.0165303055601936,0.5318198734648306,-13.856984421159536,-7.326608701142264,-0.5287303845095311,20.10933303833008,503,7.300000190734863,6.465657711029053,"{""type"":""MultiPoint"",""coordinates"":[]}",-47.67174400169641
12117,0.3250863060989644,-0.1504189386886554,0.23424543946932,-21.34138782794605,-13.0601068830268,-0.6119614613781066,1.0619250535964966,433,2.0199999809265137,2.941774845123291,"{""type"":""MultiPoint"",""coordinates"":[]}",-16.728187350783987
12123,0.3174904942965779,-0.1326334466952536,0.1711416273826604,-22.674911661895926,-14.667497109362374,-0.6468601654581253,10.445266723632812,40,2.130000114440918,7.441399574279785,"{""type"":""MultiPoint"",""coordinates"":[]}",-17.05579391327234
12146,1.0897018087013195,0.0207597173144876,0.4697102721685689,-17.79073131164268,-10.840521250689257,-0.6093353365184578,9.358772277832031,499,5.090000152587891,6.73318338394165,"{""type"":""MultiPoint"",""coordinates"":[]}",-35.37657027077082
12152,-0.1320891904992729,0.0282647584973166,-0.0327229060342239,-22.558147516645043,-16.830131435039057,-0.7460777274650129,1.6303950548171997,572,2.3499999046325684,3.925689697265625,"{""type"":""MultiPoint"",""coordinates"":[]}",-13.460837245507886
12161,2.190173283614828,0.1758265820013137,0.6721642544597779,-15.348446975738751,-6.970607802561608,-0.4541572064965288,36.29577255249024,109,13.399999618530272,2.092592477798462,"{""type"":""MultiPoint"",""coordinates"":[]}",-112.26304172468168
12171,-1.8341708542713568,0.2029442691903259,0.2567409144196952,-23.55316179767486,-17.329585899178756,-0.7357647371525937,1.2719420194625854,869,2.1700000762939453,1.9065444469451904,"{""type"":""MultiPoint"",""coordinates"":[]}",-13.505160174557705
12172,0.6960075447972336,-0.1291912262054304,0.3583684040142441,-15.430098341354022,-9.423418004080991,-0.6107166523252417,19.21881484985352,545,5.650000095367432,7.441473960876465,"{""type"":""MultiPoint"",""coordinates"":[]}",-33.9377444784343
12197,1.302573968422449,0.1345119139123751,0.5670758122743682,-15.520085234325784,-9.080182235643788,-0.5850600752862583,11.9146146774292,533,3.0199999809265137,0.9274099469184875,"{""type"":""MultiPoint"",""coordinates"":[]}",-19.448506933188227
12198,0.7351496665460373,-0.0115221346270466,0.3678220382824625,-16.85971335714972,-9.21500555317022,-0.5465695268930774,10.834874153137209,305,2.4200000762939453,2.0894365310668945,"{""type"":""MultiPoint"",""coordinates"":[]}",-18.500193468875306
12208,0.907788624787776,0.0018672551349516,0.4635600108371715,-17.593208702934863,-10.149679941365305,-0.5769089716802004,10.959919929504396,175,2.319999933242798,1.3340736627578735,"{""type"":""MultiPoint"",""coordinates"":[]}",-17.26898622993222
12212,1.449607955632052,0.0864787386526517,0.5729402872260015,-13.72741938361574,-7.225173604436772,-0.5263315268899211,27.53246688842773,354,10.18000030517578,3.06333589553833,"{""type"":""MultiPoint"",""coordinates"":[]}",-66.19286401636981
12214,0.6064039408866996,-0.1031137537161633,0.3047784104976479,-18.37212763561977,-11.604952628148045,-0.6316607884678765,3.698121070861816,610,3.430000066757202,0.0,"{""type"":""MultiPoint"",""coordinates"":[]}",-23.211410727385687
12232,0.2773919651982494,-0.1505165424349418,0.2111720698254364,-22.509377008755948,-13.268292843521053,-0.5894562447623408,1.0619250535964966,165,2.0899999141693115,2.9408676624298096,"{""type"":""MultiPoint"",""coordinates"":[]}",-19.313865112172316
12237,1.3188874514877102,0.0641285956006768,0.5163332489237782,-15.238313019460875,-10.12866506103574,-0.664684145029729,10.338996887207031,186,2.059999942779541,2.0930655002593994,"{""type"":""MultiPoint"",""coordinates"":[]}",-10.525874501979377
12242,1.0624936352218337,0.064577495039581,0.4797670141017781,-14.952513956558938,-8.330288263296442,-0.5571162339321777,16.441530227661133,127,4.900000095367432,2.9476304054260254,"{""type"":""MultiPoint"",""coordinates"":[]}",-32.44890652853089
12279,2.285397138628515,0.1783208323251875,0.6963547538519353,-15.076838522526089,-8.468413691010038,-0.5616836499480645,33.363918,238,6.255000114440918,2.162918329238892,"{""type"":""MultiPoint"",""coordinates"":[]}",-41.335698077407095
12290,0.8825798487887672,-0.10627350089056,0.3785572468563865,-16.77373737151333,-10.247683846443003,-0.6109362284309126,11.890047073364258,306,2.759999990463257,2.1587576866149902,"{""type"":""MultiPoint"",""coordinates"":[]}",-18.01190766695681
12291,0.7603693704749049,-0.0286896551724137,0.3840551638645696,-17.69271331089857,-9.546967168068896,-0.539598816773233,9.904562950134276,675,2.059999942779541,3.388474225997925,"{""type"":""MultiPoint"",""coordinates"":[]}",-16.780236588125792
12322,0.806419720537833,-0.0496380558428128,0.4085824010686258,-14.293354306361485,-6.9148948678633015,-0.4837839124148569,16.814159,344,5.389999866485596,15.62333869934082,"{""type"":""MultiPoint"",""coordinates"":[]}",-39.76989538837459
12327,0.6844759146014376,-0.0359762486901851,0.3532668881506091,-19.54867624478983,-11.006073810665807,-0.5630086494270514,1.331117033958435,201,2.130000114440918,0.9610885381698608,"{""type"":""MultiPoint"",""coordinates"":[]}",-18.195744162307435
12348,0.4577372070569647,-0.1073199761951993,0.2251241096481761,-18.55286352077836,-11.651660008457764,-0.6280248865846739,22.379188537597656,507,7.96999979019165,1.344452142715454,"{""type"":""MultiPoint"",""coordinates"":[]}",-55.00259054526503
12359,2.4509356458238245,0.2416981925178646,0.5676532769556025,-16.762336083095768,-10.897463509430525,-0.6501160372521247,22.506223678588867,127,6.739999771118164,1.3480745553970337,"{""type"":""MultiPoint"",""coordinates"":[]}",-39.529239804140936
12360,1.265844467283316,-0.0232651423987164,0.4865042791310072,-15.847697741682357,-9.057767495942954,-0.571551000251561,25.823139,128,9.510000228881836,3.704791784286499,"{""type"":""MultiPoint"",""coordinates"":[]}",-64.57223819107341
12362,0.6019553072625698,-0.029243119266055,0.3071363127354168,-17.48314036754853,-9.19582795254821,-0.5259826186385325,10.338996887207031,249,2.049999952316284,0.96759295463562,"{""type"":""MultiPoint"",""coordinates"":[]}",-16.988990055580803
12365,0.9620558813383926,-0.0412435978075298,0.3829465879445283,-16.275528382731583,-7.642614416645669,-0.4695770384176603,24.30958747863769,88,8.40999984741211,1.3419454097747805,"{""type"":""MultiPoint"",""coordinates"":[]}",-72.6028051375044
12393,0.3408456989847149,-0.1080532370854951,0.2048273550117331,-22.180165398855586,-11.47327373119482,-0.5172762927992773,1.7999659776687622,243,2.569999933242798,3.376188278198242,"{""type"":""MultiPoint"",""coordinates"":[]}",-27.516710871126037
12398,1.9107177217625555,0.1844619858745326,0.5875739644970415,-18.222769465635857,-9.108335567855786,-0.4998326728015798,1.1160930395126345,3,2.1700000762939453,0.0,"{""type"":""MultiPoint"",""coordinates"":[]}",-19.778322253558876
12415,2.2418738049713194,0.2190572220821779,0.6958456973293768,-14.275204242417267,-6.952569564024568,-0.4870381849504989,79.1749038696289,21,14.550000190734863,4.1813063621521,"{""type"":""MultiPoint"",""coordinates"":[]}",-106.5443359672955
12420,2.4143583019177184,0.4142527101475031,0.7095375722543352,-20.237330612400477,-12.258573084323938,-0.6057406146644888,12.542203903198242,88,3.0199999809265137,0.9274099469184875,"{""type"":""MultiPoint"",""coordinates"":[]}",-24.095847582608425
12423,0.6359963508406099,-0.0291891891891891,0.223955943093162,-15.643930565113598,-7.43255374096603,-0.4751078196128556,15.525312423706056,57,4.480000019073486,2.682434558868408,"{""type"":""MultiPoint"",""coordinates"":[]}",-36.78696832880069
12436,1.1449047369341023,0.1782256471053151,0.5076207698269181,-16.807462626140875,-9.456336263584166,-0.562627237312823,10.648301124572754,29,2.200000047683716,2.091954231262207,"{""type"":""MultiPoint"",""coordinates"":[]}",-16.17247834815378
12437,0.9682046378197466,-0.0423242467718794,0.4639175257731959,-14.92610669285099,-8.378449710436701,-0.5613285421877391,19.344379,333,5.869999885559082,12.803521156311035,"{""type"":""MultiPoint"",""coordinates"":[]}",-38.434745737452
12440,0.5559111336247171,-0.0288108061896212,0.3375732634991894,-17.195624956542254,-11.116106884789549,-0.6464497168833814,11.167852401733398,189,2.319999933242798,2.7802884578704834,"{""type"":""MultiPoint"",""coordinates"":[]}",-14.104481520614659
12464,0.5684982364952664,-0.0770804911323328,0.3373726246213164,-16.947702452498213,-10.031884274486371,-0.5919318151002587,10.7426176071167,181,2.240000009536743,0.9702339768409728,"{""type"":""MultiPoint"",""coordinates"":[]}",-15.491432784700907
12491,1.3896200168272808,-0.0233559938076327,0.5371788933623116,-15.795596243382365,-8.774887684194095,-0.5555274741762517,50.116455078125,654,12.229999542236328,6.665432929992676,"{""type"":""MultiPoint"",""coordinates"":[]}",-85.86326246504721
12492,2.090973201692525,0.198223209328151,0.668169014084507,-15.260296130215476,-9.815484152589947,-0.6432040419684406,48.089851,44,10.899999618530272,1.854334115982056,"{""type"":""MultiPoint"",""coordinates"":[]}",-59.34844847908732
12507,0.8328365327292238,-0.0482389656709763,0.3822161422708618,-20.46323010431015,-10.160487164625644,-0.4965241124120257,10.76187801361084,305,2.2950000762939453,0.9640780687332152,"{""type"":""MultiPoint"",""coordinates"":[]}",-23.644795832612846
12543,0.4124765282703943,-0.080248833592535,0.2233141308031176,-17.026133337296397,-11.837668602905897,-0.6952646480792577,13.85377311706543,191,3.700000047683716,2.913779258728028,"{""type"":""MultiPoint"",""coordinates"":[]}",-19.19731976465013
12544,0.8303725510100497,0.0038111019055509,0.4098196392785571,-18.45449678463498,-11.8907818183662,-0.6443297781094925,1.157595992088318,299,2.0899999141693115,0.9591791033744812,"{""type"":""MultiPoint"",""coordinates"":[]}",-13.718163716133574
12557,1.2492081591283417,0.0882610984383225,0.4994934143870314,-19.30852884288391,-11.065071050198569,-0.5730665003137493,1.6303950548171997,383,2.319999933242798,5.546134471893311,"{""type"":""MultiPoint"",""coordinates"":[]}",-19.124821528719814
12600,0.5205407303370786,-0.0993868989996773,0.2987405541561713,-17.82447720637342,-10.199009226806584,-0.5721912126073335,1.1160930395126345,172,2.0899999141693115,0.9650862216949464,"{""type"":""MultiPoint"",""coordinates"":[]}",-15.93722742279552
12641,0.3106920934218984,-0.1427776231561369,0.2150423728813559,-16.532131122783838,-10.529018256056093,-0.6368820920822165,1.0595220029354095,508,2.0550000071525574,3.949719905853272,"{""type"":""MultiPoint"",""coordinates"":[]}",-12.336396984063127
12643,0.3985069885641678,-0.1178799489144316,0.2391117888115886,-18.75294508425253,-11.04460508892675,-0.5889530971965182,11.230584144592283,428,2.5299999713897705,1.339819312095642,"{""type"":""MultiPoint"",""coordinates"":[]}",-19.502099967636852
12667,0.7012652155663489,-0.1309709775548795,0.3152715999460844,-17.71631128075807,-13.131819741538544,-0.7412276479811684,11.261307716369627,55,2.430000066757202,0.9690859913825988,"{""type"":""MultiPoint"",""coordinates"":[]}",-11.140314746351276
12674,0.2946850262755272,-0.2136434108527131,0.227880658436214,-20.848022099612145,-12.004842013073889,-0.5758264239991008,1.214100956916809,507,2.0899999141693115,0.9274099469184875,"{""type"":""MultiPoint"",""coordinates"":[]}",-18.48224562184872
12683,1.4483948394839483,0.1831641285956007,0.571809298193663,-17.106300871870484,-10.708497958933243,-0.6259972883174435,36.30968475341797,48,10.220000267028809,19.95543098449707,"{""type"":""MultiPoint"",""coordinates"":[]}",-65.38554747861629
12690,0.3564654326640068,-0.1609915942441943,0.2446140035906642,-21.452343146876157,-14.61412269696288,-0.6812366647738879,10.407994270324709,384,2.049999952316284,0.972280204296112,"{""type"":""MultiPoint"",""coordinates"":[]}",-14.018351596250456
12692,0.3960188336208102,-0.1725502130249543,0.2041821896406682,-20.59042100459776,-11.51460345476158,-0.5592213705679168,1.22843599319458,313,2.0899999141693115,2.9420583248138428,"{""type"":""MultiPoint"",""coordinates"":[]}",-18.96845790017395
12699,1.814489928525016,0.2012504884720594,0.6307171089779785,-15.43723527164136,-8.90190652467635,-0.5766516068475944,17.518817901611328,211,5.300000190734863,2.6916210651397705,"{""type"":""MultiPoint"",""coordinates"":[]}",-34.63724360542958
12720,2.4283804430863256,0.3409330800084442,0.7929529154973496,-14.476602311028897,-6.898702371227671,-0.4765415408263266,108.2628402709961,57,16.670000076293945,2.092337131500244,"{""type"":""MultiPoint"",""coordinates"":[]}",-126.32359257463432
12776,0.5390168080510037,-0.1969500324464633,0.2902127659574468,-16.271177376353958,-10.345582953072878,-0.6358226398605652,13.884557723999023,540,3.690000057220459,1.3398823738098145,"{""type"":""MultiPoint"",""coordinates"":[]}",-21.86544376097242
12778,1.2297149870448656,-0.0206690462355773,0.4815111467093846,-15.426728418764592,-10.763224531598448,-0.6976997480882853,45.20219802856445,613,10.380000114440918,2.123599052429199,"{""type"":""MultiPoint"",""coordinates"":[]}",-48.40717088248024
12786,0.5575605462745774,-0.1535223126578725,0.2556774293217982,-24.80482249921356,-14.09708713402546,-0.568320419727753,1.0619250535964966,459,2.049999952316284,1.335850715637207,"{""type"":""MultiPoint"",""coordinates"":[]}",-21.950856988050997
12787,1.023819473464271,0.0203748981255093,0.46875,-15.891596893607874,-9.31461147800244,-0.5861343916764642,5.482157230377197,227,3.849999904632568,1.3364609479904177,"{""type"":""MultiPoint"",""coordinates"":[]}",-25.32139322285071
12788,0.534970238095238,-0.0932244113407015,0.2755845151399003,-21.711446826634365,-12.890855748786077,-0.5937354544687602,1.1160930395126345,479,2.240000009536743,0.9602067470550536,"{""type"":""MultiPoint"",""coordinates"":[]}",-19.758124098499877
12815,0.3968244069149599,-0.05422314911366,0.2269986800328207,-19.615841294296715,-10.373882870460182,-0.5288523043605771,1.6303950548171997,184,2.2799999713897705,4.248904705047607,"{""type"":""MultiPoint"",""coordinates"":[]}",-21.07166494193274
12824,0.7287538529282255,-0.0169735788630904,0.3969776924922044,-17.612168931115836,-10.162724918564702,-0.577028585083009,2.1231455206871037,703,2.430000066757202,2.085787057876587,"{""type"":""MultiPoint"",""coordinates"":[]}",-18.102149447803292
12871,0.7007228395727695,-0.1041218341334216,0.3390759592795614,-17.097816447706403,-9.909347090981347,-0.5795679887714927,5.126894950866699,379,3.660000085830689,2.0841281414031982,"{""type"":""MultiPoint"",""coordinates"":[]}",-26.309798462604984
12914,0.7675511332227749,-0.0291901255954958,0.3531730891517232,-16.604425013566974,-9.662912280119253,-0.58194802121868,32.670589,36,11.15999984741211,4.627367496490479,"{""type"":""MultiPoint"",""coordinates"":[]}",-77.46728104608579
12915,2.451576148879605,0.2525064983290011,0.7523310023310024,-20.4224336379939,-13.374958255466773,-0.6549150063381279,70.80525970458984,653,14.760000228881836,30.469711303710938,"{""type"":""MultiPoint"",""coordinates"":[]}",-104.02073825913952
12932,1.995511013675749,0.1758093057145831,0.5931730023273856,-13.989064260929798,-7.928166915720734,-0.5667403314361342,12.030211448669434,40,2.650000095367432,6.700987815856934,"{""type"":""MultiPoint"",""coordinates"":[]}",-16.061378542816236
12960,0.6339793655385209,-0.0730807911498491,0.3374390556838594,-13.791208284653608,-7.945539830705542,-0.5761307977305419,1.214100956916809,370,2.1600000858306885,0.0,"{""type"":""MultiPoint"",""coordinates"":[]}",-12.626644362265571
13004,0.8768316840956667,-0.0597302504816956,0.4203764095713331,-16.511127165901243,-9.190897613696878,-0.5566487085556404,11.041231155395508,194,2.3499999046325684,1.854334115982056,"{""type"":""MultiPoint"",""coordinates"":[]}",-17.202538749568767
13016,0.4561797752808988,-0.1433326806344233,0.2491561828781835,-17.96863816652222,-8.450951606981523,-0.4703167557086593,14.935392379760742,288,3.839999914169312,0.9274099469184875,"{""type"":""MultiPoint"",""coordinates"":[]}",-36.54791557172668
13045,2.116788321167883,0.2199950507300173,0.7879245283018868,-13.083202096313968,-5.893044570550052,-0.4504283070128791,48.35087585449219,943,12.5,7.769633293151855,"{""type"":""MultiPoint"",""coordinates"":[]}",-89.87696907204895
13046,1.158648243715665,0.0119181470654373,0.5007194244604316,-13.665979063189106,-8.441693120978124,-0.6177159413127451,27.55049514770508,263,8.529999732971191,14.430776596069336,"{""type"":""MultiPoint"",""coordinates"":[]}",-44.56315769202482
13064,0.254431430944131,-0.1763880771478667,0.152127386353908,-23.856235240948926,-16.543135957494414,-0.6934512420089792,1.22843599319458,374,2.130000114440918,2.090249538421631,"{""type"":""MultiPoint"",""coordinates"":[]}",-15.576902310675907
13065,2.1266082416557897,0.1927763272410792,0.7939436129481379,-12.297081583211792,-6.082490033429621,-0.4946287452246841,17.186777114868164,783,6.019999980926514,19.210702896118164,"{""type"":""MultiPoint"",""coordinates"":[]}",-37.41184101115474
13075,0.5070580799213428,-0.1569480707861908,0.2263322884012539,-17.957636265735466,-11.80498869016115,-0.6573798753617682,1.9870405197143557,839,2.430000066757202,22.221609115600582,"{""type"":""MultiPoint"",""coordinates"":[]}",-14.950934019379128
13080,0.5095844743421836,-0.1383903792784458,0.2550655542312277,-19.266028859950936,-11.174367378908851,-0.5800036665644914,10.445575714111328,456,2.1700000762939453,0.9274099469184875,"{""type"":""MultiPoint"",""coordinates"":[]}",-17.558906031206103
13104,1.6348001432820518,0.0218697428502763,0.5586826183371205,-14.92283324528696,-8.757738293023337,-0.5868683345228207,30.34058952331543,185,7.710000038146973,3.704791784286499,"{""type"":""MultiPoint"",""coordinates"":[]}",-47.53288231713224
13119,0.9551389353866756,0.0116971501488728,0.4614264919941775,-16.299848572861087,-9.473857546490756,-0.5812236539586345,26.275413513183597,65,8.15999984741211,14.075860023498535,"{""type"":""MultiPoint"",""coordinates"":[]}",-55.70008573361834
13131,1.7061340941512126,0.0826606026151222,0.6253049843150924,-14.521848999339754,-7.907091074256983,-0.5444961639951279,27.99210548400879,374,7.96999979019165,6.235119819641113,"{""type"":""MultiPoint"",""coordinates"":[]}",-52.719619275078244
13135,0.6296549367953536,-0.0595473980602774,0.2887357042143192,-19.455731121847897,-11.152562068504375,-0.5732276005798908,1.2719420194625854,444,2.240000009536743,3.3769097328186035,"{""type"":""MultiPoint"",""coordinates"":[]}",-18.599098758674682
13157,1.8220338983050848,0.2038369304556355,0.3742229589722337,-15.34358177666765,-10.321532513973672,-0.6726938119278772,1.5648930072784424,309,2.319999933242798,2.1299643516540527,"{""type"":""MultiPoint"",""coordinates"":[]}",-11.65115395419207
13161,2.4394917305365067,0.2763819095477386,0.8247528128196386,-10.79825533638532,-4.052701664514479,-0.3753107829242263,114.883202,835,21.82999992370605,15.452508926391602,"{""type"":""MultiPoint"",""coordinates"":[]}",-147.25543614229554
13165,0.9331726330905732,0.0225401121206263,0.4031239614489864,-18.110533484012528,-11.464655782583586,-0.6330379937567417,13.422504425048828,101,3.2100000381469727,2.0953290462493896,"{""type"":""MultiPoint"",""coordinates"":[]}",-21.33326767510702
13178,2.906155398587286,0.273286467486819,0.7690253671562083,-14.352926753149616,-7.854894717881194,-0.5472678048856837,127.1651840209961,252,19.389999,13.322735786437988,"{""type"":""MultiPoint"",""coordinates"":[]}",-125.99683466582265
13180,1.7144120247568524,0.1294505042189751,0.6138018360240582,-16.13784660359869,-10.085583168152317,-0.6249646198708608,3.172523021697998,564,2.690000057220459,2.859624147415161,"{""type"":""MultiPoint"",""coordinates"":[]}",-16.280588987664032
13181,1.566895059502344,0.0726030322442878,0.5937820293816194,-14.21706811480306,-8.103477596954983,-0.5699823290934015,34.470794677734375,309,12.5,2.6713521480560303,"{""type"":""MultiPoint"",""coordinates"":[]}",-76.41988147310097
13199,0.5321016552415984,-0.0830313014827018,0.310109622411693,-17.502789361186064,-8.804115795384114,-0.5030121550173022,10.848238945007324,240,2.319999933242798,0.9274099469184875,"{""type"":""MultiPoint"",""coordinates"":[]}",-20.180922091961417
13210,1.5826296743063932,-0.0007168458781362007,0.5368248772504092,-12.165269596772507,-6.059888720554767,-0.4981302446566806,7.822563171386719,462,4.380000114440918,13.377315521240234,"{""type"":""MultiPoint"",""coordinates"":[]}",-26.741568936539096
13236,0.6748760330578513,-0.0318430363460919,0.3292476413192484,-18.252423802161044,-11.100633745619083,-0.6081731317407169,99.25238037109376,633,19.770000457763672,3.3895082473754883,"{""type"":""MultiPoint"",""coordinates"":[]}",-141.39089269166425
13249,1.7262021589793917,0.056670341786108,0.6195843606903839,-15.170208124820716,-9.023979460008078,-0.5948487578916934,7.259655952453613,727,4.289999961853027,0.9274099469184875,"{""type"":""MultiPoint"",""coordinates"":[]}",-26.367320737586198
13268,1.0992439697587904,0.1033981464655642,0.4663951120162933,-17.39963575409333,-11.144494589098798,-0.6405016028267725,11.055465698242188,192,2.3499999046325684,3.4013671875,"{""type"":""MultiPoint"",""coordinates"":[]}",-14.699581141200406
13271,0.5114326742516293,-0.1309963099630996,0.2733175914994097,-18.777318313997263,-9.163797449296702,-0.4880248231434458,1.3916250467300415,297,2.200000047683716,3.035047769546509,"{""type"":""MultiPoint"",""coordinates"":[]}",-21.14974636074963
13275,1.1417351465347974,-0.0064790639203171,0.4826314171533968,-16.205693715542285,-9.37956536276548,-0.5787820951947206,10.501293182373049,173,2.0899999141693115,5.998280048370361,"{""type"":""MultiPoint"",""coordinates"":[]}",-14.266607671412228
13293,2.2531280076997118,0.2405326674989596,0.7032141784319615,-13.427211186256535,-8.01145247434852,-0.596657962939368,28.70517349243164,30,7.25,2.0925817489624023,"{""type"":""MultiPoint"",""coordinates"":[]}",-39.264250661333115
13350,0.5059203444564048,-0.1101710502115137,0.273733255678509,-15.449743162403152,-9.700505740628408,-0.6278748868935585,18.099653244018555,256,5.449999809265137,2.089235305786133,"{""type"":""MultiPoint"",""coordinates"":[]}",-31.33334285209234
13356,2.618692980822938,0.2363945578231292,0.7507339204697091,-16.773122814241184,-10.739821019806453,-0.6402994325354746,17.84232521057129,361,5.349999904632568,18.461923599243164,"{""type"":""MultiPoint"",""coordinates"":[]}",-32.27816402484532
13371,1.5780632411067197,0.0957202024850437,0.5547064953108718,-15.376025484010778,-10.708588166253854,-0.6964470875382914,60.98076629638672,106,21.25,2.945033550262451,"{""type"":""MultiPoint"",""coordinates"":[]}",-99.18304300233464
13373,1.3778656126482214,0.0129677658391997,0.5235806548513067,-14.2672852227844,-9.75677728783572,-0.6838566087018755,74.635918,150,12.43000030517578,0.9720180034637452,"{""type"":""MultiPoint"",""coordinates"":[]}",-56.06561500790988
13376,2.0419530694477364,0.133112269066793,0.6487198795180723,-13.426156074424163,-7.447053699297907,-0.554667594955491,102.36771769848632,355,17.90999984741211,4.728078842163086,"{""type"":""MultiPoint"",""coordinates"":[]}",-107.08572262617264
13384,1.0632264388741073,0.0209271523178808,0.4533512464546947,-17.257949205280056,-10.691117580173906,-0.6194894568876681,11.096529960632324,609,2.4600000381469727,3.0580008029937744,"{""type"":""MultiPoint"",""coordinates"":[]}",-16.154406048265876
13403,2.257244534824606,0.4205607476635514,0.8131868131868132,-19.17704414986152,-12.14160007663323,-0.6331319874820702,10.979175567626951,7,2.319999933242798,2.0924084186553955,"{""type"":""MultiPoint"",""coordinates"":[]}",-16.32222978022307
13445,0.7153725452902858,-0.0783736004714201,0.3498430415068015,-19.613164205900016,-13.329996159147138,-0.6796453656945991,2.4587409496307373,314,2.430000066757202,2.123698234558105,"{""type"":""MultiPoint"",""coordinates"":[]}",-15.268098773056215
13467,-12.823529411764708,0.0155073105892778,0.1610044313146233,-17.83943846763189,-12.444897158805505,-0.697605879321016,5.9113969802856445,3,3.619999885559082,1.330619215965271,"{""type"":""MultiPoint"",""coordinates"":[]}",-19.528238920595253
13496,1.124905944319037,0.0405693950177935,0.517599538372764,-14.821775425039297,-10.139864792751002,-0.6841194460159701,3.4542899131774902,33,3.0299999713897705,0.0,"{""type"":""MultiPoint"",""coordinates"":[]}",-14.186189081882995
13498,0.914318573893042,0.2524310643399493,0.2974742750233863,-18.32988136244828,-10.906347244696558,-0.5950037007353454,10.299939155578612,400,2.130000114440918,0.9823692440986632,"{""type"":""MultiPoint"",""coordinates"":[]}",-15.812128520367226
13506,1.627867168777816,0.1914799201242511,0.5781155015197569,-15.574403761288924,-10.278743624886484,-0.6599767016721945,32.485569,68,12.43000030517578,2.0939202308654785,"{""type"":""MultiPoint"",""coordinates"":[]}",-65.82505711158953
13524,0.4231906750173974,-0.1163786008230452,0.2404250061774153,-17.558686997812224,-11.38862804688396,-0.6486036255616926,2.2992279529571533,387,2.690000057220459,5.993251800537109,"{""type"":""MultiPoint"",""coordinates"":[]}",-16.59745893105063
13550,0.4385641241895525,-0.1383051510116313,0.2557639102367046,-20.393052152322056,-12.822289193912034,-0.6287577307280129,1.5487250089645386,329,2.2699999809265137,0.0,"{""type"":""MultiPoint"",""coordinates"":[]}",-17.185631771189907
13585,2.636839600190385,0.3580502981591911,0.7830388692579505,-15.69601383139184,-9.629301918414352,-0.6134870943574134,179.703735,549,12.8450005,11.921539306640623,"{""type"":""MultiPoint"",""coordinates"":[]}",-77.92691755555178
13587,1.3928184770840852,0.2568747744496572,0.5334116508879828,-17.620721397233602,-11.41214173465184,-0.6476546264696921,11.110000610351562,336,2.390000104904175,2.0976479053497314,"{""type"":""MultiPoint"",""coordinates"":[]}",-14.838506044876338
13590,1.407861874253448,0.0503401360544217,0.5764784348599378,-14.925578449602863,-7.976145332354448,-0.5343943860726332,19.65214157104492,436,5.650000095367432,0.9274099469184875,"{""type"":""MultiPoint"",""coordinates"":[]}",-39.26429777520313
13618,0.5259067357512953,0.0588476522452327,0.2506791800444554,-19.149995705264075,-11.07643602889154,-0.5784040998947471,1.2719420194625854,224,2.3499999046325684,0.9590001702308656,"{""type"":""MultiPoint"",""coordinates"":[]}",-18.972864469520804
13625,0.4086920676049702,-0.0707211605523783,0.2797259169689641,-15.681735822610168,-10.296231884344348,-0.6565747568262872,7.97118878364563,354,4.415000081062317,2.0877697467803955,"{""type"":""MultiPoint"",""coordinates"":[]}",-23.777000324005023
13633,0.5540871267743515,-0.0562727573651108,0.2699093943729136,-21.20374806653595,-11.889783188035029,-0.5607396933186377,21.426816940307617,465,6.920000076293945,3.377228260040283,"{""type"":""MultiPoint"",""coordinates"":[]}",-64.4526376698255
13647,2.0797603058167167,0.2270464281579252,0.7539325842696629,-14.111279834307949,-6.909426280812683,-0.4896385276135046,80.684258,916,15.989999771118164,11.971734046936035,"{""type"":""MultiPoint"",""coordinates"":[]}",-115.15763667201583
13685,0.9936317105106536,0.0171543895055499,0.4664059226148903,-15.991395499880486,-8.949834956888886,-0.5596656625093022,14.32875633239746,85,4.079999923706055,1.3414669036865234,"{""type"":""MultiPoint"",""coordinates"":[]}",-28.729566478177297
13705,1.896515087122822,0.1303225806451612,0.5839057899901865,-14.849530331105592,-7.270133345328693,-0.4895867534678728,47.34739685058594,77,16.219999,2.7802884578704834,"{""type"":""MultiPoint"",""coordinates"":[]}",-122.93781152990434
13717,0.7680209698558322,-0.0316368638239339,0.3590686274509804,-15.276126611586138,-10.337370343079632,-0.676701012365221,6.068545818328857,41,4.119999885559082,1.3336752653121948,"{""type"":""MultiPoint"",""coordinates"":[]}",-20.347675261051002
13739,0.4489914662529092,-0.1771938120651219,0.2543117653520817,-21.053843084662965,-13.200051029139257,-0.6269663441519169,11.528068542480469,528,2.539999961853028,4.726859092712402,"{""type"":""MultiPoint"",""coordinates"":[]}",-19.94863152143183
13745,0.3914048949701291,-0.1631257810777034,0.2271049983227105,-19.849805952684235,-14.673682065817628,-0.7392355421909476,1.8878649473190308,344,2.4600000381469727,4.012977600097656,"{""type"":""MultiPoint"",""coordinates"":[]}",-12.73326495914531
13760,0.8182032539495403,-0.0191282533709626,0.3301617507136061,-19.65454609475449,-11.149254668067467,-0.5672608573261857,30.56192398071289,614,11.979999542236328,1.3428093194961548,"{""type"":""MultiPoint"",""coordinates"":[]}",-101.89338739829711
13768,0.78795220527504,-0.1021909744931327,0.3982744224881714,-17.654106370769806,-11.073577311801357,-0.6272522142574182,1.1160930395126345,138,2.059999942779541,0.9274099469184875,"{""type"":""MultiPoint"",""coordinates"":[]}",-13.555889484934115
13785,0.4713304267406527,-0.0782513361655474,0.2958739373833713,-18.350730501645867,-11.163768205999617,-0.6083555205063005,1.1715970039367676,463,2.0899999141693115,2.940469026565552,"{""type"":""MultiPoint"",""coordinates"":[]}",-15.02075058103874
13805,1.3505994827991534,0.0404061772794584,0.5802053526342367,-14.469565622882644,-7.95536890427649,-0.5498001192029988,13.070989608764648,252,3.819999933242798,3.8300528526306152,"{""type"":""MultiPoint"",""coordinates"":[]}",-24.884231030205964
13808,1.3135698337881418,0.1384674476666026,0.5899721448467966,-15.74191863609758,-9.763888050789747,-0.6202476506517007,19.31536293029785,178,7.369999885559082,3.416827440261841,"{""type"":""MultiPoint"",""coordinates"":[]}",-44.05808472958742
13829,0.9463827603899436,0.02187708750835,0.464434092911998,-16.295042098121506,-7.792752063418407,-0.4782284093832906,8.630131721496582,452,4.340000152587891,1.9131044149398804,"{""type"":""MultiPoint"",""coordinates"":[]}",-36.899940047957955
13846,0.6995446177695961,0.0057765307806568,0.3348794063079777,-16.504905627136726,-9.61764795076267,-0.5827145073128868,10.905495643615724,171,2.319999933242798,2.94265365600586,"{""type"":""MultiPoint"",""coordinates"":[]}",-15.978437349413756
13877,1.3274951348345845,0.158007882479398,0.4390804597701149,-18.62249437962264,-11.892598382499251,-0.6386146850183794,10.66328477859497,179,2.0899999141693115,2.1497716903686523,"{""type"":""MultiPoint"",""coordinates"":[]}",-14.065482056356277
13890,0.3968253968253968,-0.1144750715469197,0.2229642395519172,-20.164251256569383,-11.629814161619825,-0.576754078970867,1.6303950548171997,341,2.3499999046325684,0.9650000929832458,"{""type"":""MultiPoint"",""coordinates"":[]}",-20.055926359224117
13894,0.8690491065850305,-0.0138693467336683,0.4397723680050585,-15.90459620686713,-9.94921856113226,-0.6255561871376831,10.899327278137209,431,2.759999990463257,9.245441436767578,"{""type"":""MultiPoint"",""coordinates"":[]}",-16.43684224543333
13904,0.4594759063733147,-0.0751870952731784,0.2823438704703161,-17.069019007420295,-10.769150777530117,-0.6309179673915952,13.40346908569336,468,3.509999990463257,1.854334115982056,"{""type"":""MultiPoint"",""coordinates"":[]}",-22.1125374268343
13925,1.208690077346238,0.0483980913428766,0.5117551770938225,-15.90616108569834,-10.672419137003915,-0.6709613387858733,31.27338981628418,535,7.760000228881836,1.344909906387329,"{""type"":""MultiPoint"",""coordinates"":[]}",-40.6138387197772
13954,1.1221664647862952,0.0779690949227373,0.5209532735305931,-17.061974755659012,-9.622829466647143,-0.5639927150551844,12.571176528930664,42,3.069999933242798,0.969703733921051,"{""type"":""MultiPoint"",""coordinates"":[]}",-22.83817554064991
13997,0.4302135572209387,-0.1100334699396539,0.218329997140406,-16.460945787191804,-9.461533674534849,-0.5747867587229909,5.303062915802002,287,3.7300000190734863,13.537925720214844,"{""type"":""MultiPoint"",""coordinates"":[]}",-26.107807313713636
14016,0.3202662270257068,-0.1506659267480577,0.2359955005624296,-17.084505014246957,-11.831467199682352,-0.6925261919977173,2.9246320724487305,177,3.0999999046325684,4.891058921813965,"{""type"":""MultiPoint"",""coordinates"":[]}",-16.28441672418155
14019,2.6930099113197703,0.1731448763250883,0.7589121646453509,-13.493379621519434,-5.273943248127885,-0.3908541370700729,122.109573,373,21.75,19.48542022705078,"{""type"":""MultiPoint"",""coordinates"":[]}",-178.7727411212662
14028,0.5430466763457852,-0.0320581688266878,0.286112754627673,-18.702483332999403,-11.134740082272746,-0.5953615829522579,10.378406524658203,640,2.0899999141693115,0.9274099469184875,"{""type"":""MultiPoint"",""coordinates"":[]}",-15.8165827444741
14031,0.463787932251235,-0.1370530877573131,0.3084029916410031,-17.37566600478954,-11.779984464442045,-0.6779587303988769,1.3916250467300415,454,2.200000047683716,2.090749502182007,"{""type"":""MultiPoint"",""coordinates"":[]}",-12.310499655587378
14101,1.616565920601209,0.1241731241731241,0.6002426448286321,-16.169893766607238,-9.472490183007542,-0.5858102916278501,30.35023498535156,350,7.820000171661377,19.200098037719727,"{""type"":""MultiPoint"",""coordinates"":[]}",-52.37369717343515
14112,0.8183508311461065,-0.0200991629791544,0.4185357122881592,-16.720707893517698,-9.484534531488094,-0.5672328343924403,11.0960054397583,454,2.390000104904175,4.049957275390625,"{""type"":""MultiPoint"",""coordinates"":[]}",-17.29445509435555
14114,0.3963347663727367,-0.1231490556541548,0.2481092230625675,-18.43681347831952,-11.579050050230316,-0.6280396590140978,10.756470680236816,556,2.1700000762939453,3.442652463912964,"{""type"":""MultiPoint"",""coordinates"":[]}",-14.881347162159404
14118,0.5622284122562674,0.0919699367088607,0.3190036667088127,-18.3640737786047,-9.80150140062031,-0.5337324124693769,12.97702407836914,486,3.0999999046325684,3.462945938110352,"{""type"":""MultiPoint"",""coordinates"":[]}",-26.543973555161067
14134,0.7925433336967186,-0.0143858354850608,0.418056354226567,-16.76626673281189,-9.53117946166462,-0.5684735674049566,23.954912185668945,164,7.03000020980835,2.147961139678955,"{""type"":""MultiPoint"",""coordinates"":[]}",-50.86266503414703
14183,0.3724635707476508,-0.1131192279192496,0.1986923356338539,-21.42961149664876,-12.827395916072437,-0.598582756298612,10.648683547973633,652,2.1600000858306885,2.152280807495117,"{""type"":""MultiPoint"",""coordinates"":[]}",-18.580786392378947
14186,0.4614839737913936,-0.0698151950718685,0.2772930410725686,-17.633386243481397,-10.862029819614438,-0.6159922813254232,10.431589126586914,299,2.049999952316284,2.678790330886841,"{""type"":""MultiPoint"",""coordinates"":[]}",-13.881280346043829
14213,0.8089866427526313,-0.0918986811806573,0.4062574069684759,-14.31643624766486,-8.450032386051825,-0.5902329490294836,10.144094467163086,609,3.25,2.917669773101806,"{""type"":""MultiPoint"",""coordinates"":[]}",-19.065812550242363
14221,0.4774265969761813,-0.0107289365730514,0.3009730207872623,-18.503224084586236,-9.912547278745128,-0.5357200038993524,10.285636901855469,299,2.009999990463257,5.329207897186279,"{""type"":""MultiPoint"",""coordinates"":[]}",-17.26726029781355
14225,2.0848134991119007,0.3841865179929042,0.5969485060394152,-18.7095499874011,-11.907839851193929,-0.6364578442139227,10.702149391174316,188,2.2100000381469727,0.970368504524231,"{""type"":""MultiPoint"",""coordinates"":[]}",-15.0317796604825
14284,1.7229103315285914,0.13392309713585,0.6327976028330156,-13.9667188175505,-9.051970827038154,-0.6481100497035496,10.834693908691406,66,2.309999942779541,1.3409721851348877,"{""type"":""MultiPoint"",""coordinates"":[]}",-11.353067576859385
14326,0.6983575110897975,-0.073700247571891,0.3522830359842758,-18.489381242353197,-12.062091305509968,-0.6523793926580743,2.858752965927124,634,2.880000114440918,3.3698012828826904,"{""type"":""MultiPoint"",""coordinates"":[]}",-18.510595753653458
14329,2.078359840978563,0.1836124664820431,0.6755340060280435,-16.57703607526209,-10.215795710623455,-0.6162618977386729,52.37532424926758,252,5.289999961853027,19.51628303527832,"{""type"":""MultiPoint"",""coordinates"":[]}",-33.65096128627631
14361,0.6863003677185241,-0.0108443580625924,0.3744279377596282,-17.132921148880897,-9.840408466973624,-0.5743567241956512,1.3916250467300415,155,2.240000009536743,0.0,"{""type"":""MultiPoint"",""coordinates"":[]}",-16.33522847701911
14371,1.1007110724132927,0.0024908986395861,0.4700960644561512,-13.870920068682072,-7.494924883760914,-0.5403336510231246,4.505998134613037,525,3.400000095367432,3.4079694747924805,"{""type"":""MultiPoint"",""coordinates"":[]}",-21.678384236794223
14380,1.4671610169491525,-0.0337126905733304,0.5412270418132082,-14.015187761505736,-8.290933142852214,-0.5915677537780963,13.054699897766112,197,3.289999961853028,4.773404598236084,"{""type"":""MultiPoint"",""coordinates"":[]}",-18.832797477007105
14397,1.237049827331031,0.1292468092755707,0.5669869983041266,-13.653572636003206,-8.976951391832733,-0.6574800333329127,16.910740852355957,11,6.25,2.6692302227020264,"{""type"":""MultiPoint"",""coordinates"":[]}",-29.228882776065458
14424,1.4088628762541804,0.1202110925052011,0.5143467643467643,-17.54885550585667,-9.651168797618206,-0.5499600127425558,108.457191,258,16.379999,4.627367496490479,"{""type"":""MultiPoint"",""coordinates"":[]}",-129.36410038325937
14448,1.44102601051949,0.1111734980348119,0.5256241787122208,-15.467663473643023,-8.548487762747182,-0.5526683314072516,30.29826164245605,65,8.5,5.779106140136719,"{""type"":""MultiPoint"",""coordinates"":[]}",-58.81299354261465
14544,1.1775312066574202,0.0114355920990454,0.4859759587864911,-16.84612076958418,-8.614451481328206,-0.5113611376265137,11.327181816101074,123,2.609999895095825,5.215077877044678,"{""type"":""MultiPoint"",""coordinates"":[]}",-21.484655978811613
14563,0.4836400460942137,-0.0940490430622009,0.320824646745425,-20.63749354664009,-10.37296223615708,-0.5026270371794185,3.698121070861816,407,3.2799999713897705,3.378081798553467,"{""type"":""MultiPoint"",""coordinates"":[]}",-33.667662404713674
14564,1.1240428790199082,0.0678564017431002,0.4429692214846107,-16.83082402129715,-8.68827359218226,-0.516212015596409,10.299939155578612,139,2.1700000762939453,2.944208860397339,"{""type"":""MultiPoint"",""coordinates"":[]}",-17.669335052406613
14566,0.8480246389124895,-0.0135088326983027,0.4046110970357233,-17.7391795810978,-8.355290575589812,-0.4710077226171662,1.214100956916809,766,2.240000009536743,1.9058732986450195,"{""type"":""MultiPoint"",""coordinates"":[]}",-21.019911461829633
14592,1.8291399598201477,0.1952126423425517,0.6225985021165744,-16.624543616578535,-10.833720055459672,-0.6516702235756977,11.7555513381958,252,2.609999895095825,1.3448660373687744,"{""type"":""MultiPoint"",""coordinates"":[]}",-15.114048887038665
14608,2.76905574516496,0.1815049864007253,0.6829405162738497,-15.432357572804204,-9.050270320749627,-0.5864476816360541,143.64093017578125,139,21.18000030517578,16.005218505859375,"{""type"":""MultiPoint"",""coordinates"":[]}",-135.1726099461744
14611,1.385946327683616,-0.0064025610244097,0.48818407960199,-17.096890317717346,-8.504888567286315,-0.4974523676082065,15.372936248779297,144,4.360000133514404,0.9705671668052672,"{""type"":""MultiPoint"",""coordinates"":[]}",-37.46112877903529
14653,0.4729653459758438,-0.1031223145230593,0.274334351811436,-17.739923935200405,-11.441605741099462,-0.6449636302214623,1.0619250535964966,325,2.0199999809265137,2.089924097061157,"{""type"":""MultiPoint"",""coordinates"":[]}",-12.72260263195302
14659,0.3839390386869871,-0.167102906736465,0.2269380684278908,-19.91116260185882,-12.95157392335517,-0.6504679903596421,1.2719420194625854,307,2.130000114440918,2.0872950553894043,"{""type"":""MultiPoint"",""coordinates"":[]}",-14.823924681674491
14732,0.2735175320494059,-0.173368809336639,0.1697393515575333,-21.005773154388542,-11.945606783768,-0.5686820806818204,10.888708114624023,471,2.390000104904175,1.854334115982056,"{""type"":""MultiPoint"",""coordinates"":[]}",-21.653798576232376
14757,0.2145910351201478,-0.1947926711668273,0.1525667351129363,-18.303324809583813,-12.16449213904705,-0.6646055984690603,1.2719420194625854,406,2.0899999141693115,1.854334115982056,"{""type"":""MultiPoint"",""coordinates"":[]}",-12.830159754521599
14760,0.526116387148919,-0.1670059297282945,0.310385933541946,-16.321780709096576,-9.701061177240437,-0.5943629160410033,12.78715991973877,446,2.470000028610229,5.560816287994385,"{""type"":""MultiPoint"",""coordinates"":[]}",-16.353177433104964
14762,0.5961737646987144,-0.1165456629728697,0.3044966547378248,-16.16258088499115,-10.4545833940903,-0.6468387362440737,11.195760726928713,395,2.880000114440918,2.089022159576416,"{""type"":""MultiPoint"",""coordinates"":[]}",-16.439033427022924
14769,0.6050579059324037,-0.0739873987398739,0.2673629242819843,-14.226891244703577,-8.243417096858861,-0.5794250448022327,20.326080322265625,131,5.159999847412109,3.986502170562744,"{""type"":""MultiPoint"",""coordinates"":[]}",-30.87472568987303
14775,1.5511756569847857,0.14464141821112,0.6031191180424845,-15.127965718857803,-7.745211502154879,-0.5119797100346457,11.872322082519531,125,2.5799999237060547,2.9472556114196777,"{""type"":""MultiPoint"",""coordinates"":[]}",-19.047505315834098
14786,1.855901317633866,0.2153739612188365,0.6643251379829402,-15.690014481431431,-9.377037402219822,-0.597643642287087,1.4378809928894043,52,2.200000047683716,0.9274099469184875,"{""type"":""MultiPoint"",""coordinates"":[]}",-13.888549875291746
14806,1.4433266264252178,0.3679166666666666,0.5321463897131553,-18.27008657838484,-11.710002847048246,-0.6409385525792876,10.086397171020508,8,2.049999952316284,1.3405166864395142,"{""type"":""MultiPoint"",""coordinates"":[]}",-13.448171336430851
14818,2.577464788732394,0.1751263458580531,0.6967808930425753,-17.857778354842786,-10.868177727572686,-0.6085962940975457,174.985687,185,26.40999984741211,12.381218910217283,"{""type"":""MultiPoint"",""coordinates"":[]}",-184.59535149967493
14821,0.3759571209800919,-0.1282754418037781,0.2255397335783187,-23.15103658973299,-13.134856596307378,-0.5673550100185327,1.3916250467300415,38,2.240000009536743,0.9582620859146118,"{""type"":""MultiPoint"",""coordinates"":[]}",-22.436243280795104
14843,1.6672476904305389,0.0220544406914365,0.6408710217755443,-13.630392228470644,-7.693483167991509,-0.5644359339800695,13.869202613830566,274,4.110000133514404,12.90656280517578,"{""type"":""MultiPoint"",""coordinates"":[]}",-24.40069703123212
14855,0.6359767266458356,-0.0856394587516368,0.3156839149618933,-15.81121048722034,-10.433840461166916,-0.6599014332014764,49.451851,898,10.770000457763672,6.748510837554932,"{""type"":""MultiPoint"",""coordinates"":[]}",-57.914277642160016
14877,1.459027831614854,0.2947794779477948,0.5415827338129496,-18.670549596673467,-11.794284144223813,-0.6317052469802603,104.966202,184,18.82999992370605,0.9707226753234864,"{""type"":""MultiPoint"",""coordinates"":[]}",-129.48007794500955
14878,1.826790633608816,0.2291928063571727,0.6453771289537713,-16.255633938578264,-10.107460129070862,-0.6217819721618849,1.22843599319458,326,2.0899999141693115,2.130194187164306,"{""type"":""MultiPoint"",""coordinates"":[]}",-12.849682734168479
14892,1.521899153478101,0.1201764057331863,0.6301752603505207,-16.410117678178466,-9.227978013786585,-0.5623346641844981,11.875903129577637,561,2.7699999809265137,1.9473801851272583,"{""type"":""MultiPoint"",""coordinates"":[]}",-19.89452673337707
14902,1.358811040339703,0.1173072092439085,0.5094768764215315,-19.81830928904591,-12.847447175153848,-0.6482615135214871,32.073506355285645,482,8.400000095367432,13.456114768981934,"{""type"":""MultiPoint"",""coordinates"":[]}",-58.55524242148654
14903,0.2126805778491172,-0.1990493166963755,0.1419642857142857,-15.81243778437115,-9.136610037617238,-0.5778116038911957,1.6972270011901855,379,2.2799999713897705,0.961163341999054,"{""type"":""MultiPoint"",""coordinates"":[]}",-15.220887071601956
14932,0.8883091067213318,-0.0463733650416171,0.4044117647058823,-17.24376898977649,-10.295227412557509,-0.5970404392833931,11.110234260559082,189,2.430000066757202,1.965375065803528,"{""type"":""MultiPoint"",""coordinates"":[]}",-16.88495649650732
14976,0.8271596058404661,0.0037210418917296,0.4150126308191988,-17.341168127932214,-9.935086221709472,-0.5729190875963295,12.203042984008787,394,3.2100000381469727,4.729326725006104,"{""type"":""MultiPoint"",""coordinates"":[]}",-23.773523201494605
14980,1.5784511357492337,0.0161490683229813,0.5606702744995762,-13.31796026539362,-6.812618037159558,-0.5115361437788617,98.2749252319336,286,17.559999,3.3941025733947754,"{""type"":""MultiPoint"",""coordinates"":[]}",-114.2338030224479
15010,2.1156447249774573,0.1405698139863433,0.6857873584216295,-14.332153002110132,-8.662375735729066,-0.6044015671932681,35.622559,217,13.479999542236328,1.9446364641189573,"{""type"":""MultiPoint"",""coordinates"":[]}",-76.42859495539871
15065,0.4427955959789373,-0.1643315820198482,0.27099609375,-15.826882473332848,-10.716785356120813,-0.6771254777545622,1.7482229471206665,78,2.390000104904175,1.854334115982056,"{""type"":""MultiPoint"",""coordinates"":[]}",-12.213132646207285
15128,1.2417707150964814,0.2310367311454031,0.4424373146400647,-18.555538042558076,-12.264648947303716,-0.660969728777151,10.392067909240724,404,2.0899999141693115,2.144627809524536,"{""type"":""MultiPoint"",""coordinates"":[]}",-13.147957669130271
15136,2.347174623415956,0.2847961806830701,0.806407447973713,-13.295239493802557,-7.142104752071813,-0.5371926361613143,16.615386962890625,319,4.590000152587891,16.707447052001953,"{""type"":""MultiPoint"",""coordinates"":[]}",-28.242889403437967
15140,0.8663669799754802,-0.1048147414305528,0.4294395678595543,-16.783508596672128,-9.670516522212916,-0.5761915910794962,35.321259,634,9.43000030517578,7.736194610595703,"{""type"":""MultiPoint"",""coordinates"":[]}",-67.07551743286328
15141,0.5329381500950676,-0.1243842364532019,0.2752744078567302,-21.91015568221502,-11.380501861760436,-0.519416750242366,1.3916250467300415,328,2.2100000381469727,2.0895490646362305,"{""type"":""MultiPoint"",""coordinates"":[]}",-23.270535344879047
15171,0.3006134969325153,-0.0776587605202754,0.1847065158858373,-17.629956235911305,-10.46260923488912,-0.5934563361863219,3.4303579330444336,236,3.0999999046325684,1.854334115982056,"{""type"":""MultiPoint"",""coordinates"":[]}",-22.218775019637295
15190,1.0259357500736812,0.1075119236883942,0.4846164555199777,-17.103011973816066,-9.875746952018291,-0.5774273541489423,10.501293182373049,246,2.059999942779541,1.854334115982056,"{""type"":""MultiPoint"",""coordinates"":[]}",-14.888165531355995
15207,1.6960231720682637,0.2273664479850047,0.5712590639419908,-16.34154283336087,-10.106009511324208,-0.6184244421948356,28.833534240722656,145,4.789999961853027,2.7802884578704834,"{""type"":""MultiPoint"",""coordinates"":[]}",-29.868204374688887
15214,0.5198029111972016,-0.1371502838771461,0.3086888541433996,-19.112116786717216,-12.15236706738382,-0.6358462122745937,1.3916250467300415,678,2.240000009536743,3.3719778060913086,"{""type"":""MultiPoint"",""coordinates"":[]}",-15.589839437680155
15216,0.7703669154228855,-0.0353528085575862,0.2764295676429568,-15.707645298143598,-6.618939796806668,-0.4213833245641805,31.343521118164062,92,3.9700000286102295,0.9274099469184875,"{""type"":""MultiPoint"",""coordinates"":[]}",-36.082161100337565
15228,2.361299888792784,0.1247280638143582,0.7333077513430545,-14.544043290896626,-6.226387042995542,-0.4281056456214447,46.586421966552734,105,10.109999656677246,0.9274099469184875,"{""type"":""MultiPoint"",""coordinates"":[]}",-84.09150181063931
15242,0.3722090620432438,-0.1712062256809338,0.1859967258531671,-19.147046898136928,-14.221828292395251,-0.7427687605329406,11.759538650512695,469,2.799999952316284,0.0,"{""type"":""MultiPoint"",""coordinates"":[]}",-13.79061186122397
15243,2.3850855745721278,0.2878445549028468,0.7205465960851902,-16.25045431811879,-9.645313640269103,-0.5935411682315156,1.376373052597046,24,2.200000047683716,2.6781370639801025,"{""type"":""MultiPoint"",""coordinates"":[]}",-14.531309806226965
15304,1.3276638319159582,0.0173547483022528,0.4507472826086957,-16.58364426671192,-8.665001195195007,-0.5225028380877732,23.480073928833008,41,7.0,2.9438490867614746,"{""type"":""MultiPoint"",""coordinates"":[]}",-55.430501500618405
15312,1.9950356810425072,0.3326280152348709,0.7323462414578588,-18.31820870229178,-11.4054109886568,-0.6226269813832767,10.246796607971191,121,2.049999952316284,2.149405002593994,"{""type"":""MultiPoint"",""coordinates"":[]}",-14.171234983323828
15317,0.9251774447949526,-0.0267158671586715,0.4415431663138085,-15.67766052104167,-9.704814359079885,-0.6190218461520218,1.7482229471206665,530,2.3499999046325684,3.0116961002349854,"{""type"":""MultiPoint"",""coordinates"":[]}",-14.036187910995197
15330,0.2884359533819381,-0.1379129522810697,0.2075833014170816,-19.1845963274016,-11.519636481798331,-0.600462802823987,1.613895058631897,417,2.3499999046325684,2.131319522857666,"{""type"":""MultiPoint"",""coordinates"":[]}",-18.01265490618015
15380,1.1459472596913354,0.1040139616055846,0.4696215139442231,-17.83781419185453,-10.703669345721387,-0.6000549860312548,1.6972270011901855,292,2.319999933242798,0.0,"{""type"":""MultiPoint"",""coordinates"":[]}",-16.551215566773344
15390,1.9604056011588609,0.1193556260678545,0.6470119521912351,-16.09103514268808,-9.781875872294934,-0.6079084276153552,33.68818283081055,94,9.8100004196167,8.31787395477295,"{""type"":""MultiPoint"",""coordinates"":[]}",-61.89285508998536
15393,2.1834444054717643,0.1083676268861454,0.7299198749267148,-14.0215665924063,-7.680303504238224,-0.5477493155720323,21.50146484375,219,3.444999933242798,2.919258117675781,"{""type"":""MultiPoint"",""coordinates"":[]}",-21.84565091541404
15434,0.7169689119170984,-0.1153313550939663,0.3805431419731866,-16.429560664230806,-10.431458613510724,-0.6349201190888387,3.1039299964904785,136,3.0299999713897705,2.088225841522217,"{""type"":""MultiPoint"",""coordinates"":[]}",-18.17424904207477
15479,2.54625,0.1671134941912422,0.7303693079956974,-13.47339082376472,-6.592505681036042,-0.4892981853838907,110.468758,203,18.34000015258789,13.19455337524414,"{""type"":""MultiPoint"",""coordinates"":[]}",-126.19543456758372
15481,1.4255051827033818,-0.0157586672669968,0.5205505639457083,-14.563764352006697,-8.579884253919973,-0.5891254518092898,50.9620246887207,139,11.119999885559082,0.9765990376472472,"{""type"":""MultiPoint"",""coordinates"":[]}",-66.54074600592364
15485,0.4142391455125537,-0.0840386043058648,0.2535824222481689,-19.940680052903332,-11.625916667916382,-0.5830250842535164,0.7424659729003906,27,2.049999952316284,1.333029866218567,"{""type"":""MultiPoint"",""coordinates"":[]}",-17.045264542744434
15517,0.423371989295272,-0.1795265515035188,0.2499736648056462,-19.458707423670965,-14.302726749722034,-0.7350296419135822,10.578492164611816,421,2.130000114440918,1.3395339250564575,"{""type"":""MultiPoint"",""coordinates"":[]}",-10.982239425566386
15541,1.6234664698828525,0.3015249537892791,0.5074971164936563,-18.076588954482716,-10.833517760053484,-0.5993120597770156,11.014471054077148,178,2.2799999713897705,2.0932106971740723,"{""type"":""MultiPoint"",""coordinates"":[]}",-16.51420211607272
15580,1.503093128239425,0.0663683818046234,0.5119589977220956,-19.17779818364181,-9.886144135722756,-0.5154994353916704,10.378406524658203,205,2.049999952316284,1.3360350131988523,"{""type"":""MultiPoint"",""coordinates"":[]}",-19.047890355173468
15610,0.3914499098635076,-0.1688654353562005,0.2162162162162162,-18.31815651330769,-10.368585545876249,-0.5660277844194487,5.126894950866699,456,3.630000114440918,14.137160301208496,"{""type"":""MultiPoint"",""coordinates"":[]}",-28.856943521532337
15618,0.5357142857142857,-0.1612903225806451,0.2716468590831918,-19.321921191492343,-11.534775712842432,-0.5969787164809119,1.2719420194625854,321,2.240000009536743,2.942220449447632,"{""type"":""MultiPoint"",""coordinates"":[]}",-17.443205946439807
15648,0.8316929133858268,-0.0352549889135255,0.3097817030494917,-22.27597584632833,-10.829524355393046,-0.486152635022633,1.866563022136688,12,2.2799999713897705,2.138006687164306,"{""type"":""MultiPoint"",""coordinates"":[]}",-26.097909071846843
15652,1.753536504319757,0.2892500923531584,0.619590741361959,-15.946207280329698,-7.885631774679624,-0.4945145661317769,41.731719970703125,85,13.81999969482422,0.9808688759803772,"{""type"":""MultiPoint"",""coordinates"":[]}",-111.39715102819162
15662,0.5683167072811858,-0.0664034221783482,0.2669441510840529,-16.61309085295992,-9.98511182716028,-0.6010387781260615,13.105591773986816,533,3.200000047683716,3.4459078311920166,"{""type"":""MultiPoint"",""coordinates"":[]}",-21.20953319860552
15663,0.8160822731504056,-0.0045988758303525,0.4146396396396396,-18.901375782180715,-11.390902133239855,-0.6026493660836391,10.756470680236816,21,2.240000009536743,0.9274099469184875,"{""type"":""MultiPoint"",""coordinates"":[]}",-16.823461045252984
15747,1.2144173663731312,-0.0912584053794428,0.5116479723899914,-16.331685677953054,-10.304551912520154,-0.6309545821366606,13.328812599182127,1199,3.619999885559082,13.312928199768066,"{""type"":""MultiPoint"",""coordinates"":[]}",-21.818223541116378
15762,0.5695542580752572,-0.0766397388137792,0.2839295854628052,-18.91501301517887,-12.736940705477084,-0.6733773164869608,11.893535614013672,82,2.8399999141693115,1.9401025772094729,"{""type"":""MultiPoint"",""coordinates"":[]}",-17.54572482928488
15786,1.4149248856956236,0.1330951317552478,0.5363664500154751,-15.429656967924451,-8.81570084795806,-0.5713478184436864,10.48524570465088,212,2.130000114440918,2.6909637451171875,"{""type"":""MultiPoint"",""coordinates"":[]}",-14.087727292435622
15810,0.5643783294803497,-0.1391917896087235,0.299386830178619,-17.84387121314721,-9.537832257784643,-0.5345158650751329,1.331117033958435,343,2.130000114440918,2.6994457244873047,"{""type"":""MultiPoint"",""coordinates"":[]}",-17.69186392547299
15819,0.9177175677362968,-0.0711404788466489,0.4110738255033557,-16.761686599028756,-9.982520185437078,-0.5955558306415005,10.89125156402588,45,2.200000047683716,3.8676095008850098,"{""type"":""MultiPoint"",""coordinates"":[]}",-14.914166433157536
15820,0.5830721003134797,-0.133914280633114,0.340867440439829,-17.207017443545155,-10.55909363293521,-0.6136504288194483,14.62362003326416,59,5.760000228881836,1.935824513435364,"{""type"":""MultiPoint"",""coordinates"":[]}",-38.29204267070229
15857,0.1782242384964355,0.2085704720455306,0.0303364589078874,-25.897217974190827,-17.02047326605686,-0.65723172593363,22.19213485717773,8,6.960000038146973,1.3394771814346311,"{""type"":""MultiPoint"",""coordinates"":[]}",-61.78214350723334
15892,0.2036999933213117,-0.2287562039404421,0.1406177962194559,-16.01747408825112,-9.186765628057092,-0.5735464641578925,2.0885369777679443,511,2.539999961853028,7.068134307861328,"{""type"":""MultiPoint"",""coordinates"":[]}",-17.349999228321987
15926,1.3932887921327228,0.1618858560794044,0.5158421345191774,-15.71250660580659,-8.6694354969465,-0.5517538171626093,10.154990196228027,33,2.049999952316284,2.924837350845337,"{""type"":""MultiPoint"",""coordinates"":[]}",-14.438295437323383
15929,0.3495569455303622,-0.1047345767575322,0.2540847738574473,-18.84334781727809,-10.208643026479914,-0.5417637632904738,11.000554084777832,170,2.2799999713897705,0.0,"{""type"":""MultiPoint"",""coordinates"":[]}",-19.687126675978956
16004,1.1746562138542604,0.0744580584354382,0.5117581187010078,-18.79437408338672,-11.637955297094717,-0.6192254791492142,1.8173799514770508,430,2.319999933242798,1.9241838455200195,"{""type"":""MultiPoint"",""coordinates"":[]}",-16.602891106454955
16006,0.7658227848101267,-0.0575620767494356,0.3533878504672897,-15.846742726267388,-9.76791242939156,-0.6163987513472011,13.869202613830566,288,3.5199999809265137,5.4776530265808105,"{""type"":""MultiPoint"",""coordinates"":[]}",-21.39748252905843
16008,1.732640606960251,0.1842961757526444,0.6032156187194947,-14.914841971129231,-7.842342423143207,-0.5258079460931391,49.20108795166016,77,14.869999885559082,5.878566741943359,"{""type"":""MultiPoint"",""coordinates"":[]}",-105.16806746916883
16011,1.021541568495456,0.094920021093338,0.4653718374648607,-16.408376310215864,-10.626328725567962,-0.6476161031821293,29.720489501953125,95,11.59000015258789,2.0922186374664307,"{""type"":""MultiPoint"",""coordinates"":[]}",-67.01393238833963
16030,0.5693891102257636,-0.1458257382427998,0.3228741763413869,-15.955326620612048,-10.335299837828124,-0.6477648551848737,12.878829002380373,663,5.539999961853027,13.065139770507812,"{""type"":""MultiPoint"",""coordinates"":[]}",-31.134948162235933
16072,0.6357209086694483,-0.0616602245536536,0.2930804167779856,-18.986369396467765,-11.2515502366787,-0.5926119945170742,10.429373741149902,545,2.240000009536743,2.093547105789185,"{""type"":""MultiPoint"",""coordinates"":[]}",-17.32599499169249
16122,0.4949510403916768,-0.0505763349800047,0.2030122372136805,-20.53432513726646,-12.355202705666052,-0.6016853547937335,10.260313987731934,348,2.130000114440918,2.13718843460083,"{""type"":""MultiPoint"",""coordinates"":[]}",-17.42153171533515
16161,1.5051763183435782,0.2162225890120254,0.5630862329803328,-18.139678959116917,-11.519783656656106,-0.635059952418084,12.878203392028809,260,3.1700000762939453,2.097130298614502,"{""type"":""MultiPoint"",""coordinates"":[]}",-20.985068613858704
16194,2.080279456517081,0.1741467683460432,0.7190903029854063,-13.699128823198702,-8.86679269009221,-0.6472523037433443,1.4534660577774048,54,2.130000114440918,2.6756575107574463,"{""type"":""MultiPoint"",""coordinates"":[]}",-10.292876516533813
16200,0.3161357793367902,-0.1423620611035111,0.1925680159256801,-17.819850539589275,-10.429245659254397,-0.5852599962095292,8.331978797912598,358,4.599999904632568,5.008421421051025,"{""type"":""MultiPoint"",""coordinates"":[]}",-33.99678174471744
16238,1.151114206128134,0.0558930741190765,0.5403726708074534,-10.702721429203995,-3.8135372327007615,-0.3563147240565328,68.68368530273438,1117,12.979999542236328,13.144725799560549,"{""type"":""MultiPoint"",""coordinates"":[]}",-89.42160771699372
16267,0.583744569572736,-0.1244053437601824,0.291062039957939,-17.910092016692918,-12.183977241899647,-0.6802855747778234,3.265131950378418,552,2.799999952316284,2.661163330078125,"{""type"":""MultiPoint"",""coordinates"":[]}",-16.03312109637873
16319,0.6127058823529412,-0.0957018132975151,0.3622704507512521,-15.671522073446706,-9.922345722977454,-0.633144992329082,15.71205997467041,121,2.914999961853028,3.0242955684661865,"{""type"":""MultiPoint"",""coordinates"":[]}",-16.7588488423042
16353,2.210991005858569,0.329928715820832,0.8101284958427816,-14.603927024326088,-8.532052636390278,-0.5842300240324569,41.46593475341797,898,8.720000267028809,10.096575736999512,"{""type"":""MultiPoint"",""coordinates"":[]}",-52.946746284165656
16364,1.4249779346866729,0.0473206568712186,0.55168289765932,-15.440217282143546,-9.75942356558225,-0.6320781234645527,37.3349838256836,620,11.520000457763672,10.804743766784668,"{""type"":""MultiPoint"",""coordinates"":[]}",-65.44274621524713
16369,1.2100785340314135,-0.0250625109030644,0.4641646793021212,-13.083975921732112,-6.226906591354268,-0.4759185303155101,12.782336235046388,267,3.069999933242798,2.941636800765991,"{""type"":""MultiPoint"",""coordinates"":[]}",-21.051202386501217
16374,0.8865926776374538,-0.0229249011857707,0.4533594259621656,-14.936128218911607,-8.66342578515071,-0.5800315622747119,14.785592079162598,73,3.930000066757202,4.024575233459473,"{""type"":""MultiPoint"",""coordinates"":[]}",-24.651720983428387
16407,2.088266016713092,0.2988031366075113,0.6951608229498696,-17.654697458799873,-9.951020380720443,-0.5636471768458666,10.739827156066896,84,2.200000047683716,1.3429440259933472,"{""type"":""MultiPoint"",""coordinates"":[]}",-16.948089939114695
16483,0.2771025765678172,-0.0201751046821469,0.0621592148309705,-19.63199208178841,-12.505129480706298,-0.636977104952414,10.606074333190918,306,2.390000104904175,0.973155915737152,"{""type"":""MultiPoint"",""coordinates"":[]}",-17.03320236422389
16531,2.796869377473912,0.3014667817083692,0.7864912724513028,-15.652553845636987,-8.72964781388922,-0.5577139615668874,114.198578,359,20.899999618530277,23.854496002197266,"{""type"":""MultiPoint"",""coordinates"":[]}",-144.68873342264928
16541,2.0308456681502958,0.1653366303248286,0.6987179487179487,-14.409620583417462,-8.60700227858157,-0.5973094314840237,5.482157230377197,125,3.700000047683716,0.9274099469184875,"{""type"":""MultiPoint"",""coordinates"":[]}",-21.469688004583205
16571,0.308141726347531,-0.0463240377967273,0.0909090909090909,-19.75305603249455,-9.633466453343749,-0.4876949894485349,10.32534885406494,105,2.0899999141693115,11.573346138000488,"{""type"":""MultiPoint"",""coordinates"":[]}",-21.14994135185383
16587,0.5343056762935059,-0.0427931184039323,0.3559249329758713,-17.88040443405906,-11.343921558590464,-0.6344331639938896,1.7482229471206665,425,2.470000028610229,3.030526638031006,"{""type"":""MultiPoint"",""coordinates"":[]}",-16.145112889417703
16602,0.7292033677969602,-0.0426915838478555,0.3769626931290039,-16.618587685023464,-9.891902473590823,-0.5952312351130372,10.95370101928711,467,2.7300000190734863,0.9274099469184875,"{""type"":""MultiPoint"",""coordinates"":[]}",-18.363850755512445
16624,0.6895795781166268,-0.0302528597230583,0.3097713097713098,-17.869355537677553,-11.245056474000013,-0.6292927828476971,1.7482229471206665,5,2.3499999046325684,1.336123824119568,"{""type"":""MultiPoint"",""coordinates"":[]}",-15.567102167899831
16665,0.4751507589935538,-0.1171204092819294,0.2533259423503325,-14.354133930816998,-8.355179893218375,-0.5820748178530352,58.105572,314,11.899999618530272,24.745512008666992,"{""type"":""MultiPoint"",""coordinates"":[]}",-71.38755075900424
16674,0.6079621438123649,-0.0462369220384745,0.2917077986179664,-15.603728378228489,-2.699288813023635,-0.1729899898020455,11.000554084777832,9,2.359999895095825,0.9274099469184875,"{""type"":""MultiPoint"",""coordinates"":[]}",-30.45447602015387
16690,0.7451955084106342,-0.0439017504234895,0.3647621116663045,-17.76620476288476,-10.110454161313594,-0.5690835097451575,10.645873069763184,48,2.2799999713897705,0.9274099469184875,"{""type"":""MultiPoint"",""coordinates"":[]}",-17.45511115254948
16694,1.647327373026441,0.1217988757026858,0.5641693811074918,-15.736060295525714,-9.506220411263964,-0.6041042187647755,22.499698638916016,237,6.46999979019165,6.057895660400391,"{""type"":""MultiPoint"",""coordinates"":[]}",-40.3070627441011
16699,1.380724063650893,0.0882783567306864,0.5032928064842959,-17.004446579242703,-11.252042611094662,-0.6617117798370463,10.648683547973633,167,2.130000114440918,0.9718790650367736,"{""type"":""MultiPoint"",""coordinates"":[]}",-12.252621110465718
16797,1.5997598215817466,0.1172443303380402,0.6256289835625629,-15.610381362147042,-8.434498602369297,-0.5403134239129966,11.500146865844728,119,5.309999942779541,2.0864391326904297,"{""type"":""MultiPoint"",""coordinates"":[]}",-38.103937043812515
16821,0.9866782868525896,0.0869810965270363,0.4097371822490306,-17.207433593186384,-10.639299086187233,-0.6182966814063469,11.206377983093262,469,2.430000066757202,5.600063800811768,"{""type"":""MultiPoint"",""coordinates"":[]}",-15.96056729047822
16877,0.9474910394265234,0.0508704499208681,0.3611585490812213,-18.681637130911408,-10.451020615306316,-0.5594274496432449,10.578492164611816,358,2.1700000762939453,4.185876846313477,"{""type"":""MultiPoint"",""coordinates"":[]}",-17.860438466809256
16903,1.182607244199633,-0.0353896731773351,0.4377510040160642,-16.56173184199583,-10.089083720063986,-0.6091804780029675,20.522891998291016,296,6.050000190734863,2.1588351726531982,"{""type"":""MultiPoint"",""coordinates"":[]}",-39.15952237224731
16917,0.6410961919436496,-0.0736074270557029,0.3020482240082966,-17.803087163425868,-10.157140456596904,-0.5705269183573639,1.331117033958435,316,2.1700000762939453,1.9198170900344849,"{""type"":""MultiPoint"",""coordinates"":[]}",-16.59170493715829
16940,1.0944516876720267,-0.0448289421942587,0.5048446374874708,-14.937413038053457,-9.70897548008104,-0.6499770378811357,11.41368579864502,212,2.569999933242798,2.088840961456299,"{""type"":""MultiPoint"",""coordinates"":[]}",-13.437084174953247
16988,0.6851297886712342,-0.0290081639742921,0.3819257665411512,-16.921226817084783,-9.180413411991488,-0.5425382870420683,1.0619250535964966,346,2.009999990463257,1.854334115982056,"{""type"":""MultiPoint"",""coordinates"":[]}",-15.559034870415374
16994,1.7852503968826672,0.2162014230979748,0.6730141458106638,-13.505621079714134,-7.580923155460988,-0.5613161446420093,12.480476379394531,92,2.990000009536743,1.854334115982056,"{""type"":""MultiPoint"",""coordinates"":[]}",-17.714846850019228
17007,0.7740282882280878,-0.0585077831454643,0.3760822510822511,-17.756665978563806,-10.868804421424985,-0.6120971377479318,18.88457679748535,188,5.610000133514404,6.749190330505371,"{""type"":""MultiPoint"",""coordinates"":[]}",-38.64090425517752
17014,0.3490903227540243,-0.1194723026182944,0.2588680749302511,-18.95603123191381,-12.58764689633729,-0.6640444269338986,1.1715970039367676,332,2.049999952316284,2.1282958984375,"{""type"":""MultiPoint"",""coordinates"":[]}",-13.055187584263633
17099,0.5632636156554152,-0.1196441539578794,0.309706803302021,-18.511783000802644,-10.09402002466345,-0.5452754077889628,1.331117033958435,724,2.130000114440918,0.0,"{""type"":""MultiPoint"",""coordinates"":[]}",-17.929836102513004
17106,0.8232596915381408,0.0586721564590838,0.3664192949907235,-18.69409444729573,-10.87381123399489,-0.5816709263265698,20.36746406555176,265,6.079999923706055,1.3408770561218262,"{""type"":""MultiPoint"",""coordinates"":[]}",-47.54732134022885
17116,1.0164814394798518,0.0374284456186701,0.4535334795075055,-12.733595068779952,-7.023741085463508,-0.5515913650092594,35.416500091552734,160,10.399999618530272,10.992984771728516,"{""type"":""MultiPoint"",""coordinates"":[]}",-59.38247924835457
17120,0.3268945022288261,-0.1555268261150614,0.1962761830876648,-18.93619107330884,-11.450117090483603,-0.604668438660978,1.39229154586792,62,2.245000004768372,3.0459401607513428,"{""type"":""MultiPoint"",""coordinates"":[]}",-16.806236127139044
17122,0.98335012460894,0.013570673246387,0.4942038640906062,-18.315487415295813,-11.75875837691507,-0.6420117636124157,11.247275352478027,266,2.4600000381469727,0.9748132824897766,"{""type"":""MultiPoint"",""coordinates"":[]}",-16.129553684535992
17126,1.4331577214356273,0.1766454352441613,0.5119082622758012,-15.794848032192329,-10.633377928793514,-0.67321812195477,58.122509,62,20.020000457763672,2.9451112747192383,"{""type"":""MultiPoint"",""coordinates"":[]}",-103.33263383277777
17142,0.9034047644947242,0.0032017075773745,0.4571979080649601,-16.294544543599187,-9.894927822157571,-0.6072540288365711,11.209145545959473,209,2.390000104904175,2.0928220748901367,"{""type"":""MultiPoint"",""coordinates"":[]}",-15.295084635591973
17166,1.431547877419915,0.0270791172785968,0.4974358974358974,-16.691204753130894,-11.10397739039147,-0.6652591921687747,10.796299934387209,108,2.200000047683716,6.04313850402832,"{""type"":""MultiPoint"",""coordinates"":[]}",-12.291900464446492
17202,0.4818365287588295,-0.0725523140369634,0.2636300897170462,-20.05049526301471,-12.328059534340357,-0.6148506245170305,46.444766998291016,664,11.390000343322754,2.092611312866211,"{""type"":""MultiPoint"",""coordinates"":[]}",-87.95854560088878
17203,0.5390642658027575,-0.1262462462462462,0.2696438665912945,-18.813427137952168,-10.087885246166197,-0.5362066768694147,10.7025146484375,99,2.1700000762939453,0.977506697177887,"{""type"":""MultiPoint"",""coordinates"":[]}",-18.934426570881573
17242,1.2433802390679376,0.0764598343907947,0.5400032856908165,-9.62681457011576,-3.751466295808733,-0.3896892651754506,63.33097457885742,522,13.949999809265137,18.69021987915039,"{""type"":""MultiPoint"",""coordinates"":[]}",-81.96110730594928
17243,1.907314923619272,0.2418435075254744,0.7177998894416805,-14.184964098601476,-7.410790464137253,-0.5224398463488461,20.788031,287,3.609999895095825,2.9384870529174805,"{""type"":""MultiPoint"",""coordinates"":[]}",-24.454766109776752
17252,0.4157918416316736,-0.1867379093026442,0.2533698880511766,-18.83293347510972,-10.192730689580149,-0.5412184301001873,1.0090949535369873,67,2.119999885559082,0.0,"{""type"":""MultiPoint"",""coordinates"":[]}",-18.317228916529952
17274,0.9841342837433892,0.034023402340234,0.5023474178403756,-16.608345916412148,-10.73587256086465,-0.646414315723976,2.8369579315185547,94,2.8399999141693115,1.9198919534683228,"{""type"":""MultiPoint"",""coordinates"":[]}",-16.677823825716466
17317,0.7323260796031119,-0.0203389830508474,0.3597341456660204,-15.641032840144888,-8.448767842981436,-0.540166875763888,30.022401809692383,474,8.3100004196167,3.704791784286499,"{""type"":""MultiPoint"",""coordinates"":[]}",-59.76772514442278
17329,1.5605557859809207,-0.0335685268334402,0.5605214152700186,-17.518398489632396,-10.7975714259819,-0.6163560802873639,11.18479347229004,421,2.3499999046325684,1.3430641889572144,"{""type"":""MultiPoint"",""coordinates"":[]}",-15.79394295863065
17341,1.1126503581565077,0.0854166666666666,0.4488210440234428,-19.217376961168608,-9.80087720627437,-0.5100007782580531,2.40243399143219,14,2.745000004768372,2.090083599090576,"{""type"":""MultiPoint"",""coordinates"":[]}",-25.848291872086058
17344,0.3066804611291753,-0.0574607529340039,0.1551401869158878,-17.394869907193602,-10.414923002624093,-0.5987353201369462,18.236026763916016,410,5.909999847412109,3.826975107192993,"{""type"":""MultiPoint"",""coordinates"":[]}",-41.25148514095042
17362,1.9000351370344344,0.1490066225165563,0.6855784469096672,-12.00224427987076,-5.237058815805367,-0.4363399622342764,70.760147,487,13.4399995803833,14.710143089294434,"{""type"":""MultiPoint"",""coordinates"":[]}",-90.9240897982541
17370,1.4207334680912505,0.0627902976088078,0.5403624382207578,-14.695218385322296,-9.568584947542352,-0.6511359475337591,21.74321174621582,161,7.639999866485596,2.944589138031006,"{""type"":""MultiPoint"",""coordinates"":[]}",-39.167478780159364
17399,0.5661722760981175,-0.110519023766386,0.2557165861513688,-19.233181886083045,-10.16357471793954,-0.5284395883186552,10.341105461120604,113,2.0199999809265137,2.910112142562866,"{""type"":""MultiPoint"",""coordinates"":[]}",-18.320606306660853
17441,1.3127099988413855,0.2409215150331901,0.5748351090816844,-18.154322511689458,-10.603530224818169,-0.5840774403996966,10.286048889160156,147,2.049999952316284,3.9819493293762207,"{""type"":""MultiPoint"",""coordinates"":[]}",-15.47912382803631
17450,0.3687932118164676,-0.1763841254287114,0.232768025389269,-18.76482659705156,-12.516832233803395,-0.6670369251251229,10.352882385253906,564,2.200000047683716,2.091961622238159,"{""type"":""MultiPoint"",""coordinates"":[]}",-13.745587897073548
17491,-0.5005912495072921,0.1192546583850931,0.1371490280777537,-24.75219887824633,-17.691178230920414,-0.7147315807351746,1.075342059135437,4,2.0199999809265137,2.144115447998047,"{""type"":""MultiPoint"",""coordinates"":[]}",-14.263261572920067
17500,1.3365809103364288,0.1642429426860564,0.5232419547079857,-15.110392609655396,-9.145560036714436,-0.6052496631272513,3.502401113510132,5,3.200000047683716,0.0,"{""type"":""MultiPoint"",""coordinates"":[]}",-19.08746451783645
17504,1.2400164676821737,0.0195838433292533,0.490713587487781,-16.9351109984448,-9.926847721137776,-0.5861696284157445,49.30355453491211,469,10.970000267028809,11.173310279846191,"{""type"":""MultiPoint"",""coordinates"":[]}",-76.88065002346623
17512,1.1585170981144135,0.0803864734299516,0.5110672494008177,-15.952196193366287,-8.878540059199596,-0.5565716439026578,20.40807342529297,82,6.699999809265137,2.1468000411987305,"{""type"":""MultiPoint"",""coordinates"":[]}",-47.393494749724
17529,0.3753343577485629,-0.0934081346423562,0.2808175431126251,-20.422320661861075,-11.440397954091504,-0.5601908883673824,1.5648930072784424,395,2.319999933242798,1.9162300825119016,"{""type"":""MultiPoint"",""coordinates"":[]}",-20.83806008241738
17627,1.3882733935571845,-0.0070896845090393,0.4543933054393305,-18.08594702124959,-9.556678939049032,-0.5284035681305863,10.285636901855469,171,2.0199999809265137,4.047300338745117,"{""type"":""MultiPoint"",""coordinates"":[]}",-17.229121363362253
17636,0.6970196401593187,-0.0848167539267015,0.3353154938883383,-15.230517861353931,-9.333435068405322,-0.6128114062416796,1.6303950548171997,201,2.3499999046325684,3.375762462615967,"{""type"":""MultiPoint"",""coordinates"":[]}",-13.85814400103959
17646,0.397758844230413,-0.1231951996999812,0.2438262844166903,-14.56917599118134,-6.154216743319655,-0.4224135082893347,3.7979469299316406,235,3.319999933242798,10.42739486694336,"{""type"":""MultiPoint"",""coordinates"":[]}",-27.937664141141656
17679,-94.16666666666666,0.370485036119711,0.2836820083682008,-19.224749396209443,-12.802099223545952,-0.6659176127450666,10.392394065856934,427,2.130000114440918,0.9274099469184875,"{""type"":""MultiPoint"",""coordinates"":[]}",-13.680245602787219
17713,2.135931838213691,0.2909112176862791,0.6746056294463346,-19.25117306145949,-10.31917623302197,-0.5360284383750505,17.443815231323242,215,5.639999866485596,2.0933971405029297,"{""type"":""MultiPoint"",""coordinates"":[]}",-50.37646091983737
17745,1.2321724709784412,-0.0012170385395537,0.4511232544019429,-17.92379866243163,-9.24059044560078,-0.5155486635190287,13.717599868774414,100,3.7300000190734863,3.4710962772369385,"{""type"":""MultiPoint"",""coordinates"":[]}",-32.38836681439812
17762,0.589129818147436,-0.0761730652041438,0.3239180349174717,-17.157229228650117,-9.91235933793987,-0.5777366033781054,10.407994270324709,512,2.0899999141693115,8.230527877807617,"{""type"":""MultiPoint"",""coordinates"":[]}",-15.141777449752244
17778,1.493425172197871,0.1009867730422003,0.6406984553391538,-15.672994939842232,-9.058593031942442,-0.5779746032402935,15.952544212341309,825,4.630000114440918,13.343355178833008,"{""type"":""MultiPoint"",""coordinates"":[]}",-30.624681590534255
17798,0.829695665539502,0.0446486586837464,0.3660653736606537,-18.239621100500216,-10.187776234917507,-0.5585519665558245,23.884767532348636,11,6.289999961853027,2.7802884578704834,"{""type"":""MultiPoint"",""coordinates"":[]}",-50.64610389736173
17803,0.5838872904057942,-0.1392274678111588,0.3371526783156688,-13.14816752673314,-5.991891416063949,-0.4557206472978919,8.258243560791016,359,4.539999961853027,6.928471565246582,"{""type"":""MultiPoint"",""coordinates"":[]}",-32.489493269447856
17804,0.8204666821453448,-0.0653536257833482,0.426588199788743,-15.47141655728198,-9.534257408378627,-0.6162498031824443,1.2719420194625854,134,2.130000114440918,3.824989080429077,"{""type"":""MultiPoint"",""coordinates"":[]}",-12.646149666618085
17817,1.3860977804439112,0.2021339656194428,0.5858025669466012,-18.2304192401065,-11.173598576704606,-0.6129095787398541,10.15463638305664,204,2.0199999809265137,3.997217178344727,"{""type"":""MultiPoint"",""coordinates"":[]}",-14.254777605473652
17818,0.3516624040920716,-0.1784285485677708,0.2194513715710723,-17.5546745807418,-10.912334055768282,-0.6216198429414102,1.331117033958435,440,2.240000009536743,2.133387327194214,"{""type"":""MultiPoint"",""coordinates"":[]}",-14.878842839286976
17829,1.7954198473282443,0.108445071747824,0.6596858638743456,-14.730547956606427,-8.157999272044702,-0.5538150580736518,21.411516189575195,256,6.050000190734863,1.3367246389389038,"{""type"":""MultiPoint"",""coordinates"":[]}",-39.76392079521261
17844,2.454020530367836,0.2236394557823129,0.7507360157016683,-14.640398148321538,-7.907061828445476,-0.5400851635549262,30.62856674194336,468,7.070000171661377,7.821102619171143,"{""type"":""MultiPoint"",""coordinates"":[]}",-47.60468893737754
17850,2.1104276508494437,0.1693077564637197,0.6766317107528564,-13.793013008465852,-7.803067716194456,-0.5657261188258941,7.538536071777344,584,4.449999809265137,0.9548755288124084,"{""type"":""MultiPoint"",""coordinates"":[]}",-26.655255408116314
17857,0.9749639533251168,0.0137998374226194,0.416083790850342,-16.88705114137559,-9.635043878745677,-0.5705581038443414,10.726340293884276,377,2.240000009536743,4.038802146911621,"{""type"":""MultiPoint"",""coordinates"":[]}",-16.244496337451537
17867,1.00383223334043,0.0828088771116263,0.4329660238751148,-17.73027874019734,-11.996891470513848,-0.6766329873492064,10.756470680236816,260,2.240000009536743,3.399117946624756,"{""type"":""MultiPoint"",""coordinates"":[]}",-12.84278753876886
17885,0.9302452912833992,0.0500829187396351,0.4148962148962149,-16.6455242111939,-10.584715162516575,-0.6358895657607763,1.5648930072784424,123,2.200000047683716,5.010215759277344,"{""type"":""MultiPoint"",""coordinates"":[]}",-13.333780196092013
17925,1.1594262632923915,-0.0013568521031207,0.4679753784727998,-13.815429965095,-9.581056588741014,-0.6935040467757987,10.354853630065918,60,2.0199999809265137,0.9274099469184875,"{""type"":""MultiPoint"",""coordinates"":[]}",-8.553434139470788
17930,0.9922535211267604,0.3238967527060782,0.4576161091263397,-19.68800728492756,-12.765590885513742,-0.6483942585335503,10.378406524658203,195,2.0199999809265137,2.0927443504333496,"{""type"":""MultiPoint"",""coordinates"":[]}",-13.983280994781301
17945,0.5104263927793339,-0.123368266225409,0.2889019377568996,-18.849193643150592,-12.789849439783175,-0.6785356276728974,2.9246320724487305,368,2.799999952316284,7.590480327606201,"{""type"":""MultiPoint"",""coordinates"":[]}",-16.966163480496718
17947,1.0529647604979957,0.0282450995524,0.4482371434987648,-17.606940814452138,-10.929359229284472,-0.6207415214523485,21.447914600372314,393,5.120000004768372,2.151419162750244,"{""type"":""MultiPoint"",""coordinates"":[]}",-34.18921774789964
17954,1.1125728246570192,-0.0734684979289295,0.4770346494762288,-15.032806912281975,-8.058159420837946,-0.5360382440789775,74.96673583984375,781,19.940001,4.712620735168457,"{""type"":""MultiPoint"",""coordinates"":[]}",-139.07447795404144
17967,0.4728474086310138,-0.0734388742304309,-0.0835156819839533,-27.501024679563145,-20.591784028199,-0.7487642467191918,0.9703500270843506,272,2.0199999809265137,7.5119829177856445,"{""type"":""MultiPoint"",""coordinates"":[]}",-13.956665983972263
18005,1.127147766323024,0.1758683729433272,0.4783665532328633,-18.327624495851182,-10.372017660408035,-0.565922641134204,10.484898567199709,7,2.130000114440918,1.931241512298584,"{""type"":""MultiPoint"",""coordinates"":[]}",-16.94544346994085
18018,1.6429064152678776,-0.0285714285714285,0.4994757077944775,-15.901957164380292,-9.34830303628191,-0.5878712248842999,17.841529846191406,104,6.659999847412109,2.9450511932373047,"{""type"":""MultiPoint"",""coordinates"":[]}",-43.64733549312696
18035,1.204965183166818,0.0786951404069278,0.4976244061015253,-15.962857185893766,-9.30489343975644,-0.5829090200706106,4.397345066070557,3,3.359999895095825,2.7802884578704834,"{""type"":""MultiPoint"",""coordinates"":[]}",-22.370757488573226
18058,3.0145746579417017,0.2787028921998247,0.5935578330893119,-18.37148224609624,-12.172840324518685,-0.6625943492994579,11.358231544494627,13,2.430000066757202,0.9684549570083618,"{""type"":""MultiPoint"",""coordinates"":[]}",-15.062700283237449
18069,2.1006749156355458,0.0747279322853688,0.5923869944488501,-16.61087508708216,-12.257591293023538,-0.7379256799393996,21.6026554107666,6,7.699999809265137,3.3727264404296875,"{""type"":""MultiPoint"",""coordinates"":[]}",-33.520284383928406
18104,1.4627299128751208,0.003394145099703,0.532229658330398,-14.087479067332175,-7.520300136628273,-0.5338286644959277,12.78758716583252,456,5.409999847412109,9.94833755493164,"{""type"":""MultiPoint"",""coordinates"":[]}",-35.52843701303613
18173,1.4203501305735564,-0.0076353020435661,0.5741935483870968,-14.274114337895467,-8.134310884419282,-0.5698644897935279,21.08574676513672,851,5.579999923706055,18.775115966796875,"{""type"":""MultiPoint"",""coordinates"":[]}",-34.260102801967285
18179,2.136225523295071,0.2852676826885502,0.7208772429507263,-15.993718621246304,-10.1522513214333,-0.6347649075148097,10.8511962890625,51,2.240000009536743,6.88381290435791,"{""type"":""MultiPoint"",""coordinates"":[]}",-13.084886807289703
18208,2.1757114493712773,0.2865146058423369,0.7458876914350538,-15.575770722982336,-8.542412255847902,-0.5484423472697512,2.0885369777679443,341,2.430000066757202,3.003275156021118,"{""type"":""MultiPoint"",""coordinates"":[]}",-17.091061544664008
18286,2.1023730143165325,0.2334254143646408,0.7108753315649867,-14.2595131339679,-7.5131287952422845,-0.526885365906715,53.2581672668457,148,11.90999984741211,1.348536252975464,"{""type"":""MultiPoint"",""coordinates"":[]}",-80.34943644480552
18309,0.7074641869816536,-0.0062816616008105,0.3403869407496977,-18.02229162362333,-9.640060724118683,-0.5348965007026434,1.6303950548171997,105,2.390000104904175,0.0,"{""type"":""MultiPoint"",""coordinates"":[]}",-20.033532729147126
18310,1.082310622090563,-0.0654827968923418,0.4832309872461029,-14.546741267609136,-8.599644326465844,-0.5911732509888284,54.04928588867188,596,13.0600004196167,4.181697845458984,"{""type"":""MultiPoint"",""coordinates"":[]}",-77.66908854683257
18320,2.444887875332573,0.2268618166164442,0.8078492935635793,-12.057175967740267,-6.483500064929833,-0.5377295713587366,54.29386520385742,397,15.1899995803833,14.567870140075684,"{""type"":""MultiPoint"",""coordinates"":[]}",-84.664134624883
18449,1.0048858404585173,0.0791984732824427,0.5200583515681984,-18.403798813377957,-10.90120309581365,-0.5923343982596369,1.2719420194625854,385,2.130000114440918,4.171002388000488,"{""type"":""MultiPoint"",""coordinates"":[]}",-15.980529737015917
18462,1.5265654648956355,0.1406101460547921,0.6340470248259557,-16.72041491661946,-9.417202050578425,-0.563215811182896,10.431589126586914,294,2.0199999809265137,3.064159631729126,"{""type"":""MultiPoint"",""coordinates"":[]}",-14.752489850105164
18470,1.2990249187432288,0.0814446859153472,0.5505893157814175,-16.147031488079502,-7.828079685054972,-0.4847999268988871,28.011205673217773,186,9.31999969482422,7.828383445739746,"{""type"":""MultiPoint"",""coordinates"":[]}",-77.53262826544602
18487,1.0191543187567762,-0.0368316831683168,0.3949579831932773,-16.258691101948667,-8.882268151893854,-0.5463089307865182,1.1160930395126345,581,2.130000114440918,2.085737466812134,"{""type"":""MultiPoint"",""coordinates"":[]}",-15.711781727781366
18525,1.0455974842767295,0.0551284148535907,0.520039100684262,-14.861175893037007,-9.539217616279114,-0.6418884807593576,7.679905891418457,28,4.150000095367432,3.826589584350586,"{""type"":""MultiPoint"",""coordinates"":[]}",-22.08612735608675
18537,0.5899513776337115,-0.1090030427778772,0.3246135552913198,-16.38963439271057,-9.866167169575313,-0.601976037608464,6.750648021697998,561,4.150000095367432,6.625786304473877,"{""type"":""MultiPoint"",""coordinates"":[]}",-27.072389598137626
18539,2.1183253948357987,0.2515818017475143,0.7059314954051796,-17.875399794142744,-10.75643863685288,-0.6017453461587727,10.7426176071167,180,2.1700000762939453,1.9417016506195068,"{""type"":""MultiPoint"",""coordinates"":[]}",-15.448146254452636
18555,2.22302679217958,0.1421401684889765,0.7106481481481481,-13.983088882550623,-8.274041998066838,-0.5917177576116207,66.981651,57,13.029999732971191,2.9397952556610107,"{""type"":""MultiPoint"",""coordinates"":[]}",-74.38887938034372
18562,3.006396588486141,0.2388663967611336,0.8449438202247191,-14.521638196418884,-8.740593484218683,-0.601901339641843,92.574799,1030,17.010000228881836,24.371074676513672,"{""type"":""MultiPoint"",""coordinates"":[]}",-98.33557187770154
18579,1.2434383202099737,0.112293368801064,0.5309610535163911,-18.58750616387844,-11.750869712993312,-0.6321918394748978,11.000554084777832,135,2.3499999046325684,2.7802884578704834,"{""type"":""MultiPoint"",""coordinates"":[]}",-16.06609500758759
18610,1.876469331053644,0.1871968962172648,0.6441672780630961,-13.59641028744134,-7.465297114070322,-0.5490638305439949,14.53143310546875,236,4.710000038146973,3.0583479404449463,"{""type"":""MultiPoint"",""coordinates"":[]}",-28.877543280460905
18611,1.103522118355693,0.050234122834932,0.5273967801481412,-15.24076897894657,-8.897565658545656,-0.5838003102623401,27.562562942504883,525,9.81999969482422,1.9390274286270144,"{""type"":""MultiPoint"",""coordinates"":[]}",-62.290254670544954
18644,0.4093080486392588,-0.1422651933701657,0.2454959843716084,-17.57379404940974,-10.53045084399572,-0.5992132839606943,5.818078994750977,423,3.359999895095825,3.02970027923584,"{""type"":""MultiPoint"",""coordinates"":[]}",-23.665632431315007
18667,1.4567332309267793,0.0757575757575757,0.5688103965344885,-12.407515337194678,-7.7952285942713395,-0.6282666901811649,11.203736305236816,533,3.069999933242798,15.132458686828612,"{""type"":""MultiPoint"",""coordinates"":[]}",-14.15971999287129
18677,1.1641313050440352,0.0387799564270152,0.461001902346227,-17.710101122727618,-10.097980010605738,-0.5701819510023498,10.578492164611816,153,2.200000047683716,0.9274099469184875,"{""type"":""MultiPoint"",""coordinates"":[]}",-16.746666809642356
18684,1.1506276150627617,0.0385053542948279,0.5186866922808243,-15.833884388063908,-7.786276553937272,-0.4917477204650312,593.647461,867,56.009998,10.33725357055664,"{""type"":""MultiPoint"",""coordinates"":[]}",-450.7464986942172
18687,0.8623052959501558,0.0519480519480519,0.4360428481411468,-17.539898478546064,-9.596017406064837,-0.547096519275879,37.43349456787109,6,9.510000228881836,2.0922367572784424,"{""type"":""MultiPoint"",""coordinates"":[]}",-75.54631081750655
18732,0.7645256129160853,0.0438791732909379,0.3218312444281294,-20.7207535862344,-12.975118526054375,-0.626189509568525,10.766826629638672,418,2.2699999809265137,1.3404730558395386,"{""type"":""MultiPoint"",""coordinates"":[]}",-17.582591438872395
18753,1.47587803936704,0.105578435043055,0.5472238122495707,-16.071148223455516,-10.07247598866199,-0.6267427721163952,1.7482229471206665,6,2.390000104904175,2.7802884578704834,"{""type"":""MultiPoint"",""coordinates"":[]}",-14.336827270442289
18766,0.6395031395031394,-0.0853846153846153,0.2766459994095069,-17.01364813048518,-10.14108475426132,-0.5960558650610889,1.0619250535964966,446,2.0199999809265137,1.919071078300476,"{""type"":""MultiPoint"",""coordinates"":[]}",-13.882577888888454
18793,1.6892712550607287,0.0321923390383048,0.5621421353991243,-13.52656868060601,-9.302808415858212,-0.6877434059974353,22.792613983154297,61,7.710000038146973,3.989635467529297,"{""type"":""MultiPoint"",""coordinates"":[]}",-32.56519180232919
18796,0.8576620940321257,-0.0677290836653386,0.4190776281867659,-18.25292845765352,-11.902766120208664,-0.6521017242697729,1.1715970039367676,321,2.0899999141693115,1.3380635976791382,"{""type"":""MultiPoint"",""coordinates"":[]}",-13.271838740220947
18816,0.9167196439923712,-0.0054095826893353,0.4404398289554062,-16.07636853980256,-9.615893585961286,-0.5981384142913773,9.437149047851562,96,4.849999904632568,2.0874428749084477,"{""type"":""MultiPoint"",""coordinates"":[]}",-31.333302910011266
18823,0.4179978700745473,-0.043908472479901,0.2712508638562543,-17.946477125037838,-10.77304323112332,-0.6002873520003222,15.638503074645996,596,4.559999942779541,5.188460350036621,"{""type"":""MultiPoint"",""coordinates"":[]}",-32.710858145783014
18852,1.496980155306299,0.0426798506709716,0.552723797387703,-14.315644392970947,-8.934255843432592,-0.6240903726149662,19.467817306518555,216,6.289999961853027,6.464860916137695,"{""type"":""MultiPoint"",""coordinates"":[]}",-33.84893377131257
18865,1.99825805648874,0.2559766763848397,0.7106194690265487,-15.544612069831867,-8.382981270501777,-0.5392853313316842,4.811522006988525,425,2.909999966621399,1.3325142860412598,"{""type"":""MultiPoint"",""coordinates"":[]}",-20.840345387005346
18872,0.6947117235008853,-0.0347169811320754,0.3379516944392436,-13.84133997058496,-5.561550327367694,-0.4018072194734663,22.638093948364254,409,3.5350000858306885,17.39105224609375,"{""type"":""MultiPoint"",""coordinates"":[]}",-29.269057099433077
18874,1.4679652663693967,0.1090839254849241,0.5356072498929642,-17.53362838918395,-9.63112982690974,-0.5492947388374524,220.667099,9,45.72999954223633,1.3392916917800903,"{""type"":""MultiPoint"",""coordinates"":[]}",-361.3812556353228
18892,2.007922945471493,0.367032967032967,0.7190542420027817,-17.760829856215068,-11.543948431230096,-0.6499667259179621,10.74009132385254,116,2.309999942779541,2.904468774795532,"{""type"":""MultiPoint"",""coordinates"":[]}",-14.360995735982478
18899,2.1848601206801974,0.3033832501386578,0.8031861262351281,-14.940504970133654,-7.795671109010246,-0.5217809655425929,85.47698974609375,301,9.119999885559082,29.80812644958496,"{""type"":""MultiPoint"",""coordinates"":[]}",-65.16088399578413
18947,1.19244028564393,0.0408304498269896,0.5358229598893499,-14.146568682118344,-9.623909835446968,-0.6802999406924634,48.60824966430664,47,10.399999618530272,1.3333507776260376,"{""type"":""MultiPoint"",""coordinates"":[]}",-47.03565028012488
18995,0.4686972504595071,-0.13965744400527,0.296969696969697,-15.880163163614432,-8.898556691609643,-0.5603567545199122,2.4385130405426025,750,2.720000028610229,4.712645053863525,"{""type"":""MultiPoint"",""coordinates"":[]}",-18.989969803598385
19011,0.3499352556611818,-0.1676503653738055,0.2506220312146573,-20.90472524531724,-12.780288489769116,-0.6113588358513329,1.0619250535964966,329,2.009999990463257,0.9274099469184875,"{""type"":""MultiPoint"",""coordinates"":[]}",-16.330117801171063
19026,0.8775998802932815,-0.109783728115345,0.4245385450597177,-15.468716848390107,-8.645358851838315,-0.5588930831543453,6.421392917633057,246,4.0,9.27703857421875,"{""type"":""MultiPoint"",""coordinates"":[]}",-27.293431986207167
19027,0.4938132733408324,-0.0859495625321667,0.212385099177552,-16.716646216550117,-10.332029010410055,-0.6180682941163733,1.3161979913711548,301,2.200000047683716,1.337401270866394,"{""type"":""MultiPoint"",""coordinates"":[]}",-14.046158157950408
19058,0.2836471711211384,-0.1004937942079274,0.0929381241781284,-19.732049787918346,-12.086691363190376,-0.6125410939613017,1.3916250467300415,30,2.3499999046325684,7.3788604736328125,"{""type"":""MultiPoint"",""coordinates"":[]}",-17.966591568992534
19107,0.333832655681575,-0.1321650835244022,0.1390684198796523,-19.42053820612397,-11.077397746270616,-0.5703960224324539,2.8369579315185547,608,2.690000057220459,11.33781623840332,"{""type"":""MultiPoint"",""coordinates"":[]}",-22.443048314403853
19126,0.2630870676894092,-0.170059093893631,0.1979746835443038,-22.18036292958473,-13.737546419501578,-0.6193562505317751,1.02217698097229,81,2.0199999809265137,0.0,"{""type"":""MultiPoint"",""coordinates"":[]}",-17.054489189334024
19138,0.92723065060553,-0.0822323683699242,0.4044063335738846,-17.99559002524022,-12.706186007194106,-0.7060722093231002,11.70099925994873,93,2.470000028610229,4.184056758880615,"{""type"":""MultiPoint"",""coordinates"":[]}",-13.06482807590496
19154,1.183130547972448,-0.0564489049733238,0.4962182245559494,-16.82625097779031,-10.183083907479675,-0.6051903018040541,34.78307342529297,251,9.949999809265137,15.33461093902588,"{""type"":""MultiPoint"",""coordinates"":[]}",-66.09951108250725
19162,2.080127354736004,0.165367640154005,0.708007224563516,-15.308858345588025,-8.354128602288831,-0.5457055264148074,101.484779,117,18.09000015258789,1.3417102098464966,"{""type"":""MultiPoint"",""coordinates"":[]}",-125.81106211748995
19198,0.946397811328402,-0.0123973114264376,0.4308118081180812,-18.0797600548248,-11.13451932340434,-0.6158554809156862,12.18173599243164,60,2.799999952316284,3.0478172302246094,"{""type"":""MultiPoint"",""coordinates"":[]}",-19.446673716802398
19235,0.7101100412654746,-0.140267175572519,0.3276910870140174,-19.519038899791493,-12.416692160657227,-0.6361323538727035,1.2719420194625854,190,2.130000114440918,3.806853294372559,"{""type"":""MultiPoint"",""coordinates"":[]}",-15.127999367155066
19247,0.9747187753682012,0.0174408565014677,0.432912696368787,-17.787912118619552,-11.179114525373333,-0.6284669302852897,1.1160930395126345,109,2.049999952316284,1.3304016590118408,"{""type"":""MultiPoint"",""coordinates"":[]}",-13.548034751022723
19248,1.2158317872603588,0.1201015965166908,0.5127803860198227,-14.603206002552982,-9.2361355258421,-0.6324731380374562,9.914118766784668,130,5.269999980926514,1.3386210203170776,"{""type"":""MultiPoint"",""coordinates"":[]}",-28.284461309897605
19280,0.3502323119449508,-0.1303421648249234,0.2404603270745003,-17.655987396847113,-12.027320081540353,-0.681203481357724,1.0619250535964966,449,2.009999990463257,2.8777942657470703,"{""type"":""MultiPoint"",""coordinates"":[]}",-11.313621250087433
19320,0.9339637265540226,-0.1077220077220077,0.3980839114634952,-17.332595338989215,-11.213599719157418,-0.6469659909461293,10.554780006408691,199,2.0899999141693115,4.036492824554443,"{""type"":""MultiPoint"",""coordinates"":[]}",-12.788700320250848
19338,1.2351236675980544,0.0857877512856475,0.3980323495080873,-16.034887463889728,-10.178011690378543,-0.6347416976451653,1.331117033958435,516,2.390000104904175,4.165100574493408,"{""type"":""MultiPoint"",""coordinates"":[]}",-13.997933713102451
19350,1.3976689055709208,0.1819291819291819,0.4557165861513688,-19.9996223401432,-13.36308498440404,-0.6681668662103526,10.810553550720217,192,2.240000009536743,2.092778205871582,"{""type"":""MultiPoint"",""coordinates"":[]}",-14.865843740146675
19362,1.322358128289006,0.2057142857142857,0.5445892517206034,-16.982557061696625,-11.246486150206245,-0.6622375010634985,10.672468185424805,477,2.200000047683716,1.934550642967224,"{""type"":""MultiPoint"",""coordinates"":[]}",-12.61935627879601
19372,0.8327744243237201,0.0169352355537308,0.3308660251665433,-18.931812877570756,-10.7704268301448,-0.5689062584653443,1.376373052597046,35,2.309999942779541,2.091012954711914,"{""type"":""MultiPoint"",""coordinates"":[]}",-18.852801302555704
19374,1.419551282051282,0.0554879109410332,0.5604200936353284,-15.6794067746474,-8.87914262393,-0.5662932757307507,10.68643569946289,243,2.309999942779541,4.627367496490479,"{""type"":""MultiPoint"",""coordinates"":[]}",-15.708609799042957
19376,1.732071406586642,0.2677103718199609,0.5857403070517825,-18.43818967973293,-12.537610389107623,-0.6799805516096213,10.780339241027832,13,2.319999933242798,2.1485302448272705,"{""type"":""MultiPoint"",""coordinates"":[]}",-13.689343560344545
19385,2.008347893612891,0.2103471749489448,0.7141870900931999,-14.415307576874552,-8.218649678086809,-0.5701334941525217,14.607317924499512,183,4.489999771118164,2.086448431015014,"{""type"":""MultiPoint"",""coordinates"":[]}",-27.82299254725453
19390,0.9761285748050108,-0.0344514959202175,0.3788990825688073,-15.454020349092252,-9.935864785829676,-0.6429307430291624,6.388912200927734,3,4.329999923706055,3.371164560317993,"{""type"":""MultiPoint"",""coordinates"":[]}",-23.893613167925096
19455,0.7484076433121019,0.0594015185350602,0.1755915317559153,-18.11435299594876,-12.06863587583481,-0.6662471399632071,10.643173217773438,417,2.539999961853028,4.701189994812012,"{""type"":""MultiPoint"",""coordinates"":[]}",-15.356121254463632
19482,0.7688130020955399,-0.0962063092528675,0.4267418179359063,-14.247031224015846,-8.651148282411091,-0.6072246313202485,14.61883544921875,504,4.03000020980835,2.94376802444458,"{""type"":""MultiPoint"",""coordinates"":[]}",-22.551409428730125
19545,0.98760092272203,0.0750023645133831,0.4457894051802681,-14.68380503455418,-7.650389591226009,-0.521008660440736,26.20258140563965,92,8.920000076293945,3.89992880821228,"{""type"":""MultiPoint"",""coordinates"":[]}",-62.73806629109429
19557,2.0812232177639265,0.2073146491751143,0.5934462649264093,-15.473687726389857,-10.141657524334777,-0.6554130924484484,2.0144050121307373,271,2.4600000381469727,3.0394232273101807,"{""type"":""MultiPoint"",""coordinates"":[]}",-13.116794500456306
19566,1.055044551654022,-0.0058525165821303,0.3876720294630743,-16.866148706541445,-10.740702704635734,-0.6368201117822476,11.134368896484377,41,2.5,3.704791784286499,"{""type"":""MultiPoint"",""coordinates"":[]}",-15.313615004764278
19570,1.7566835260115607,0.168610618643277,0.5369961347321922,-17.3709138565945,-9.4932540019567,-0.5465028541577154,10.905197143554688,9,2.240000009536743,1.3398443460464478,"{""type"":""MultiPoint"",""coordinates"":[]}",-17.645958149515888
19576,1.227364185110664,0.0461847389558232,0.5150395778364116,-16.633456352998508,-10.614990928986856,-0.6381710874585182,2.4587409496307373,50,2.690000057220459,3.3750813007354736,"{""type"":""MultiPoint"",""coordinates"":[]}",-16.189672334970698
19587,0.7452476484904296,-0.0588370489542633,0.4233931240657698,-15.955767002660382,-8.94548748875966,-0.5606429002922978,10.96560001373291,517,2.059999942779541,1.3428305387496948,"{""type"":""MultiPoint"",""coordinates"":[]}",-14.441175397504075
19596,0.2700781805259417,-0.1395275590551181,0.151060070671378,-19.60091503719808,-12.075004292635716,-0.6160428872692986,1.1181389689445496,288,2.075000047683716,3.996854066848755,"{""type"":""MultiPoint"",""coordinates"":[]}",-15.616265153830296
19660,1.306216808407918,0.0950436235381474,0.5420257098460235,-15.160065722912876,-8.35946759898181,-0.5514136779992541,16.321733474731445,176,4.940000057220459,0.9274099469184875,"{""type"":""MultiPoint"",""coordinates"":[]}",-33.59495512135281
19704,1.628046616992822,0.2851197840512878,0.5939460320621329,-17.397856268387606,-10.335491441434115,-0.594066951812563,12.015482902526855,225,2.569999933242798,0.9274099469184875,"{""type"":""MultiPoint"",""coordinates"":[]}",-18.150277133806757
19760,1.7088948787061995,0.2828627944614278,0.6255550074000986,-16.882347452082747,-10.213105672418084,-0.6049576755487347,1.2719420194625854,5,2.119999885559082,0.9649220705032348,"{""type"":""MultiPoint"",""coordinates"":[]}",-14.138791809654935
19761,1.4905293527345709,0.1542946653903054,0.6152750809061489,-15.886760541665176,-10.01559124952868,-0.6304363449843308,11.110234260559082,40,2.430000066757202,1.34128737449646,"{""type"":""MultiPoint"",""coordinates"":[]}",-14.26694177183452
19762,0.8908898305084746,-0.0094562647754137,0.4516648764769065,-14.566177798181297,-8.88551807680405,-0.6100102717346673,2.145004987716675,27,2.539999961853028,2.664323568344116,"{""type"":""MultiPoint"",""coordinates"":[]}",-14.428875475598238
19808,1.0558814448903984,-0.0852493809692253,0.3956043956043956,-17.488185056982786,-10.25664016544796,-0.5864896861525735,10.194086074829102,312,2.0199999809265137,2.7802884578704834,"{""type"":""MultiPoint"",""coordinates"":[]}",-14.607720542969576
19809,2.011807854011987,0.1222071460877431,0.6153214774281806,-14.66769205288475,-9.051771840820551,-0.6171231171328215,2.665563106536865,70,2.869999885559082,4.702094554901123,"{""type"":""MultiPoint"",""coordinates"":[]}",-16.117690365933186
19835,0.7846084779887903,0.0379547178852373,0.4248149375759584,-18.392127352353413,-8.142235629773982,-0.4427022211072348,11.148219108581545,325,2.609999895095825,0.9274099469184875,"{""type"":""MultiPoint"",""coordinates"":[]}",-26.75221632067588
19837,0.7193680656054027,-0.0338919925512104,0.3202684563758389,-17.64274710387825,-10.20246276941345,-0.5782808487443961,10.08862018585205,51,2.0199999809265137,2.1498446464538574,"{""type"":""MultiPoint"",""coordinates"":[]}",-15.029374213706733
19839,0.9591217680196448,-0.0494677520350657,0.4474393530997305,-15.516993922120117,-8.809378808319746,-0.5677245768435607,14.422414779663086,158,3.9700000286102295,2.096471071243286,"{""type"":""MultiPoint"",""coordinates"":[]}",-26.62923219369388
19856,0.3720799126175963,-0.0967338429464906,0.2087781731909845,-19.64635636961492,-14.744507421346194,-0.7504957735649175,13.247772216796877,589,3.5,0.9697942733764648,"{""type"":""MultiPoint"",""coordinates"":[]}",-17.156471318940543
19883,2.3670044331855604,0.3851132686084142,0.782312925170068,-19.111086368669696,-11.69355996681235,-0.6118731160140912,52.42620468139648,8,11.5600004196167,1.939767360687256,"{""type"":""MultiPoint"",""coordinates"":[]}",-85.74660831798887
19889,0.2285798866615918,-0.230264237649762,0.1412887204287021,-15.209362082723851,-9.354225837924504,-0.615030780847138,3.698121070861816,461,3.2100000381469727,6.243162631988525,"{""type"":""MultiPoint"",""coordinates"":[]}",-18.794987569161627
19890,0.3762818392325504,-0.1281713344316309,0.2203389830508474,-18.901276181884526,-11.901059488909556,-0.6296431719417888,13.339760780334473,496,5.71999979019165,3.825866937637329,"{""type"":""MultiPoint"",""coordinates"":[]}",-40.04123801511292
19898,0.845086839958037,-0.024747298710352,0.3933803581117743,-17.009572807997642,-8.536565199007665,-0.5018682888375599,9.641568183898926,187,2.1600000858306885,0.9607360363006592,"{""type"":""MultiPoint"",""coordinates"":[]}",-18.30169716266243
19909,0.4634484885872918,-0.1211795423130087,0.2980411604264815,-17.70049809616218,-10.73815991722997,-0.6066586295420815,10.632144927978516,327,2.1700000762939453,1.344114899635315,"{""type"":""MultiPoint"",""coordinates"":[]}",-15.10827437946714
19912,1.157069970845481,-0.0089928057553956,0.4760119940029985,-17.024821399533096,-10.551345043113876,-0.6197624512761847,11.029232025146484,233,5.309999942779541,0.9557799696922302,"{""type"":""MultiPoint"",""coordinates"":[]}",-34.37415908217076
19920,1.5081421169504072,0.0377976840725365,0.5570745044429255,-16.022986219598785,-10.996877960498324,-0.6863188802501314,7.679905891418457,658,4.150000095367432,6.919471740722656,"{""type"":""MultiPoint"",""coordinates"":[]}",-20.85834975459395
19921,2.148487626031164,0.263752989780387,0.7650130548302873,-14.067017881690465,-8.133519440064433,-0.5781978460872625,99.929001,489,19.540001,17.19426918029785,"{""type"":""MultiPoint"",""coordinates"":[]}",-115.94056548287111
19962,1.834574107020058,0.3616025189543025,0.6304260825484913,-16.28633927756683,-9.597149045073486,-0.5892760111102938,11.247512817382812,177,2.3499999046325684,0.9274099469184875,"{""type"":""MultiPoint"",""coordinates"":[]}",-15.719596408428469
19968,1.8680656054027975,0.2151780137414116,0.5753780843725125,-18.508611265557008,-11.07238357170192,-0.598228760269373,11.52496337890625,494,2.650000095367432,2.687628030776977,"{""type"":""MultiPoint"",""coordinates"":[]}",-19.706004097889924
19970,0.4496548924076329,-0.1662305948020233,0.2502824858757062,-16.84285162651637,-11.016885361631124,-0.6540985817560018,1.3916250467300415,554,2.2799999713897705,3.026338577270508,"{""type"":""MultiPoint"",""coordinates"":[]}",-13.283202917256132
19972,1.184677828513445,0.0777644847034694,0.4668832791802049,-16.11996246396304,-9.920573921748122,-0.6154216515035966,11.162016868591309,13,2.7300000190734863,2.6774144172668457,"{""type"":""MultiPoint"",""coordinates"":[]}",-16.924330838490683
19996,1.4752448064427566,0.3463039710647276,0.6524554776038856,-20.1522236547329,-11.227465311457696,-0.5571328258269326,11.699475288391112,374,2.650000095367432,0.9789194464683532,"{""type"":""MultiPoint"",""coordinates"":[]}",-23.650610460810576
22,2.0186858630724456,0.1539875890599862,0.6275443399595286,-14.755125777433884,-7.753365687696409,-0.525469305016309,46.70836841210938,123,11.279999732971191,0.9274099469184875,"{""type"":""MultiPoint"",""coordinates"":[]}",-78.97985194256707
33,1.8328220858895703,0.371316758747698,0.7521947987410966,-15.747307717231909,-8.427827817122902,-0.5351916637725018,119.4345245361328,15,17.120001,0.9274099469184875,"{""type"":""MultiPoint"",""coordinates"":[]}",-125.30950320934609
37,2.95534768796329,0.3057259713701431,0.8484925259690904,-14.803972866702772,-7.869725858127046,-0.5315955337791589,52.30001449584961,104,17.190001,6.708709239959717,"{""type"":""MultiPoint"",""coordinates"":[]}",-119.19971301166373
38,0.7252817013172512,-0.014967637540453,0.2686654908877131,-15.410442840937266,-8.521695108210784,-0.5529818445952259,66.177528,45,12.770000457763672,1.854334115982056,"{""type"":""MultiPoint"",""coordinates"":[]}",-87.96931170033564
43,1.6816220880069024,0.1931097008159565,0.6865093342726312,-9.960311300630584,-3.384776921414206,-0.3398264189995665,98.346947,391,17.899999618530273,29.744535446166992,"{""type"":""MultiPoint"",""coordinates"":[]}",-117.70206287960588
142,0.6466972338388675,0.0141995030173943,0.3193183231745242,-15.929380470947544,-8.828952206026456,-0.5542558432908894,90.289436,286,15.029999732971191,0.0,"{""type"":""MultiPoint"",""coordinates"":[]}",-106.71943492574506
144,1.1592256909477454,0.0931302554339203,0.4841121495327102,-14.217662065515388,-9.4818976469223,-0.6669097635904868,11.917519569396973,9,2.130000114440918,0.0,"{""type"":""MultiPoint"",""coordinates"":[]}",-10.087178753568503
153,0.4749510359756726,-0.0935536621051725,0.2186498991576699,-15.815899139998235,-8.598096072460384,-0.5436362483316484,4.811522006988525,848,3.7799999713897705,3.403638362884521,"{""type"":""MultiPoint"",""coordinates"":[]}",-27.283295388790073
167,0.5767379877100762,-0.0014785608674223,0.3477678571428571,-16.98212781945556,-10.49327399481234,-0.6179010137228345,19.04630470275879,684,5.300000190734863,5.490823268890381,"{""type"":""MultiPoint"",""coordinates"":[]}",-34.39092650825972
203,2.6156280428432326,0.1199826426556736,0.7352035579883681,-10.541664563324058,-4.015289082351874,-0.3808970640482749,82.719467,88,15.470000267028809,16.46048927307129,"{""type"":""MultiPoint"",""coordinates"":[]}",-100.96303043336997
218,2.130717582878724,0.2311926605504587,0.7366702937976061,-11.47126270702692,-4.314598557373881,-0.3761223735841129,143.927216,993,19.600000381469727,18.5227108001709,"{""type"":""MultiPoint"",""coordinates"":[]}",-140.27062006325028
266,0.4083129584352079,-0.1168378221274946,0.2515818017475143,-13.643517144342052,-7.772989633640308,-0.5697203698581312,4.925063133239746,421,3.180000066757202,4.699005126953125,"{""type"":""MultiPoint"",""coordinates"":[]}",-18.668277875931537
329,1.224524958156936,-0.063681742550295,0.4810016436237068,-15.09604280890188,-8.462800200325782,-0.5605972576691033,65.13602447509766,259,18.540001,2.098230600357056,"{""type"":""MultiPoint"",""coordinates"":[]}",-122.98032459624345
334,1.274430949891418,-0.0572157434402332,0.4946152645543936,-15.614256445944124,-10.157307619358283,-0.6505149735770283,7.538536071777344,840,4.300000190734863,1.854334115982056,"{""type"":""MultiPoint"",""coordinates"":[]}",-23.464880995149503
350,2.117793446702613,0.3060245987075255,0.7193575655114116,-17.19190287972932,-9.460672230324514,-0.5502981430566032,11.673766136169434,566,4.599999904632568,1.9339637756347656,"{""type"":""MultiPoint"",""coordinates"":[]}",-35.563660249954495
373,0.5242593888500117,-0.0840246756009359,0.2927385216541843,-17.220525073247615,-10.717856777691953,-0.6223885004727486,18.09028625488281,34,5.590000152587891,2.944763422012329,"{""type"":""MultiPoint"",""coordinates"":[]}",-36.34991676438459
383,1.5975499092558985,0.0212237291645097,0.6099081933137017,-14.119358028952735,-8.706196719495198,-0.6166142045298751,2.0144050121307373,209,2.5,0.9528799057006836,"{""type"":""MultiPoint"",""coordinates"":[]}",-13.532903273643843
390,0.9644646063699084,0.018282166264229,0.3318159648837587,-18.695059420347228,-11.564171713424631,-0.6185683315260545,10.246421813964844,77,2.0199999809265137,0.0,"{""type"":""MultiPoint"",""coordinates"":[]}",-14.404393031972756
393,0.707040296433534,-0.0592777976403289,0.3417664838240233,-17.705245344582668,-9.927986919064184,-0.5607370429408867,12.999863624572754,63,3.180000066757202,4.228510856628418,"{""type"":""MultiPoint"",""coordinates"":[]}",-24.731682312336794
419,2.226958993097848,0.2793611455321492,0.6979851537645811,-15.747766236271737,-8.172119771906742,-0.5189383465118974,194.920273,30,24.219999,12.738966774280248,"{""type"":""MultiPoint"",""coordinates"":[]}",-183.48214979127374
420,1.3748642779587406,0.0991658943466172,0.5742630385487528,-14.61084540139958,-9.250081245819963,-0.6330969216150829,59.393959,916,13.09000015258789,4.16220235824585,"{""type"":""MultiPoint"",""coordinates"":[]}",-70.17240361452487
427,0.33600186992345,-0.1364387182028411,0.2324171382376718,-18.018086027146477,-10.0897572682852,-0.5599794147438154,11.385610580444336,416,2.5299999713897705,3.974623441696167,"{""type"":""MultiPoint"",""coordinates"":[]}",-20.058671533087725
442,0.9173318129988596,0.1328515842134519,0.4169473956983675,-18.070759826551637,-9.599016893780655,-0.5311905523572219,1.075342059135437,63,2.059999942779541,2.831467390060425,"{""type"":""MultiPoint"",""coordinates"":[]}",-17.451789956751202
445,0.908466819221968,-0.0021269053527118,0.4443200895355344,-13.313570786615966,-7.962580324548981,-0.59807999312654,3.823107957839966,591,3.400000095367432,5.792102336883545,"{""type"":""MultiPoint"",""coordinates"":[]}",-18.19336808133797
446,1.2170553830601487,-0.0080673447913012,0.4889050036258158,-15.322070189201686,-9.684902987686826,-0.6320884102536167,10.487022399902344,215,2.049999952316284,2.0929934978485107,"{""type"":""MultiPoint"",""coordinates"":[]}",-11.556192494304383
447,3.4912081678956324,0.1605670952851961,0.596703829374697,-16.07305782277472,-8.56954291137333,-0.5331619537404212,96.671913,16,18.559999,1.854334115982056,"{""type"":""MultiPoint"",""coordinates"":[]}",-139.2652292520949
455,1.027285447761194,0.1666666666666666,0.3223563849249908,-15.696654516613926,-10.921525700271474,-0.6957868435411968,5.603175163269043,54,3.700000047683716,2.0870046615600586,"{""type"":""MultiPoint"",""coordinates"":[]}",-17.667976848162958
476,1.4167681998172403,0.0788197251414713,0.5347032619629257,-15.500973154039055,-7.393990637292113,-0.4770017058809934,39.309559,636,14.880000114440918,0.9274099469184875,"{""type"":""MultiPoint"",""coordinates"":[]}",-120.63190077696503
491,0.6354476757499428,-0.071528878822197,0.3086763070077864,-18.24074155739792,-12.039009665338124,-0.6600065916977726,10.697818756103516,94,2.149999976158142,4.032904624938965,"{""type"":""MultiPoint"",""coordinates"":[]}",-13.333723420067754
492,0.4300466355762825,-0.097500771366862,0.2954909590295262,-17.49283242216724,-10.170048635867552,-0.5813837570969855,41.79265785217285,675,9.420000076293944,3.9900286197662354,"{""type"":""MultiPoint"",""coordinates"":[]}",-68.9806238256271
526,0.8271703265445443,0.0311586165170918,0.4345487148834429,-17.75558940684581,-10.687008873988828,-0.6018954724121051,10.32534885406494,310,2.049999952316284,1.3374507427215576,"{""type"":""MultiPoint"",""coordinates"":[]}",-14.490589755300629
532,1.279897376479351,0.023862941056496,0.5335518371571503,-14.570612168626994,-8.812228273366713,-0.6047946490773353,4.263364791870117,102,3.240000009536743,4.796939849853516,"{""type"":""MultiPoint"",""coordinates"":[]}",-18.657163875559537
535,0.7508116883116883,-0.0384915982805783,0.2256647962917785,-15.353893337317254,-8.709109061198228,-0.5672247989394948,11.734950065612791,661,2.990000009536743,1.854334115982056,"{""type"":""MultiPoint"",""coordinates"":[]}",-19.86790504896549
557,1.2946797215996226,0.0699208443271767,0.5406403940886699,-15.862328933701123,-10.78028134918126,-0.6796152944652067,4.001527786254883,340,3.140000104904175,2.0872089862823486,"{""type"":""MultiPoint"",""coordinates"":[]}",-15.957629948520378
632,0.3812060809259174,-0.0424216584949904,0.2444051825677267,-19.500558934431997,-11.041088703269205,-0.5661934481156863,1.0619250535964966,555,2.049999952316284,0.0,"{""type"":""MultiPoint"",""coordinates"":[]}",-17.341913570504747
633,0.9151909791153816,-0.0131838471919443,0.3677995851284506,-15.77425303713789,-9.993884153492822,-0.6335567288012853,15.163097381591797,348,6.210000038146973,1.9121230840682983,"{""type"":""MultiPoint"",""coordinates"":[]}",-35.89609098793945
636,1.2687713906544666,0.069927536231884,0.4916768168899715,-17.455056058529756,-9.700203751303023,-0.5557245831108535,10.43195343017578,130,2.119999885559082,6.09124231338501,"{""type"":""MultiPoint"",""coordinates"":[]}",-16.440286003848257
637,0.6228004022121669,-0.1359574063510173,0.3061476675934507,-16.03372945424356,-6.827238453029834,-0.4258047681615898,2.0885369777679443,639,2.5,11.33749294281006,"{""type"":""MultiPoint"",""coordinates"":[]}",-23.016227503034315
642,0.522183999294346,-0.0900714853057982,0.3043701799485861,-17.373534324029773,-11.42468432311048,-0.6575912597880968,1.5648930072784424,439,2.240000009536743,4.735260963439941,"{""type"":""MultiPoint"",""coordinates"":[]}",-13.32542405879187
645,1.1168499726560126,0.0842114136390457,0.4524864598719842,-20.89119198551585,-14.101448710396005,-0.6749949318436561,76.70933532714844,445,17.729999542236328,50.97476577758789,"{""type"":""MultiPoint"",""coordinates"":[]}",-120.38214515977704
691,0.5422939068100359,-0.1002955935931807,0.3268524519334629,-18.360480024856237,-10.741612257482169,-0.5850398378985888,18.979251861572266,476,6.050000190734863,5.163137435913086,"{""type"":""MultiPoint"",""coordinates"":[]}",-46.09415144579681
704,0.3687210545065906,-0.2005850674822152,0.236355332267641,-20.06715932327812,-12.39419388887255,-0.617635694679274,10.540980339050291,70,2.0899999141693115,5.095926761627197,"{""type"":""MultiPoint"",""coordinates"":[]}",-16.036497099331733
707,0.4062186559679037,-0.1540920240838474,0.2523969319271332,-18.3882093313579,-11.618530972916677,-0.6318467863590875,10.812909126281738,559,2.200000047683716,3.987276315689087,"{""type"":""MultiPoint"",""coordinates"":[]}",-14.893292711374109
735,1.226037868987416,0.3224471021159154,0.5707637558171366,-17.25815824334114,-11.18674028609496,-0.6482001224210141,10.392394065856934,187,2.130000114440918,1.341227650642395,"{""type"":""MultiPoint"",""coordinates"":[]}",-12.932120943753008
786,0.4111371324486079,-0.0875030810944047,0.2137301318904295,-18.80147143829939,-10.35225932718054,-0.5506089968092897,1.500722050666809,659,2.200000047683716,3.3867180347442627,"{""type"":""MultiPoint"",""coordinates"":[]}",-18.588267047351298
789,0.4349762470308788,-0.1450613032098085,0.2547826086956521,-22.04735883957249,-15.54519864274416,-0.7050821259752124,1.22843599319458,141,2.1700000762939453,2.8718295097351074,"{""type"":""MultiPoint"",""coordinates"":[]}",-14.10968812319293
805,0.7049736247174077,0.0686313553697066,0.3596002306361714,-16.50438365751018,-10.42592930454476,-0.6317066738690681,1.0090949535369873,536,2.049999952316284,0.9274099469184875,"{""type"":""MultiPoint"",""coordinates"":[]}",-12.46083113373582
806,2.0095425203480213,0.0787759131293188,0.4251781472684085,-13.744928356635866,-7.795250985851302,-0.5671365309145362,22.853803634643555,6,6.610000133514404,1.3203233480453491,"{""type"":""MultiPoint"",""coordinates"":[]}",-39.32736821525359
819,2.492422711658921,0.3798925556408288,0.8533379453476306,-12.470510121216025,-5.948043353196161,-0.4769687282540897,201.420425,1645,25.879999,8.595168113708496,"{""type"":""MultiPoint"",""coordinates"":[]}",-168.8014334338873
844,1.1014370245139475,0.0181818181818181,0.4801031687546057,-15.928915331535826,-9.103932464133038,-0.5715349899631402,16.682573318481445,474,3.4049999713897705,8.342666625976562,"{""type"":""MultiPoint"",""coordinates"":[]}",-23.239066468242168
845,0.6231941161019174,-0.0656385923289838,0.2806861875184857,-19.33583477977387,-12.586480667582231,-0.6509406400569911,1.9596760272979736,40,2.6600000858306885,2.7802884578704834,"{""type"":""MultiPoint"",""coordinates"":[]}",-17.953282517731466
855,1.7754001391788448,0.2577714012434242,0.6442550505050505,-16.830578646946826,-10.094118128514696,-0.5997487276140583,11.717373847961426,356,2.7699999809265137,1.854334115982056,"{""type"":""MultiPoint"",""coordinates"":[]}",-18.659995507569214
866,0.885060885060885,-0.0167402929551267,0.4372707263389582,-14.795027010099323,-8.657662591313542,-0.5851738280304376,36.748165130615234,572,9.539999961853027,1.338267803192139,"{""type"":""MultiPoint"",""coordinates"":[]}",-58.55045632109448
867,0.5743587732371167,-0.0964290877548069,0.337170484632209,-16.962472633860614,-9.597984748769548,-0.565836417599282,13.088641166687012,316,3.1700000762939453,4.183897495269775,"{""type"":""MultiPoint"",""coordinates"":[]}",-23.345427157604515
869,0.9986539656243528,0.0394171779141104,0.4209033384246127,-17.629309458157824,-9.718600565306502,-0.5512751698172328,10.689046859741213,13,2.200000047683716,5.4691481590271,"{""type"":""MultiPoint"",""coordinates"":[]}",-17.4035599414849
904,1.7587064676616917,0.170199100834939,0.6770501631099103,-15.036447148348412,-7.194907719613539,-0.4784978558185416,42.57638549804688,1043,9.579999923706056,9.014086723327637,"{""type"":""MultiPoint"",""coordinates"":[]}",-75.12194712901811
940,0.6849514917207673,-0.1203370671051279,0.3078688524590164,-16.66092519559754,-10.626676034279573,-0.6378202836591302,2.0144050121307373,340,2.470000028610229,4.680389881134033,"{""type"":""MultiPoint"",""coordinates"":[]}",-14.904595601096627
956,1.9318469723840888,0.2350415115946178,0.6039603960396039,-13.895087790713603,-8.175184735770152,-0.5883507077395949,39.05610275268555,361,8.609999656677246,3.404745101928711,"{""type"":""MultiPoint"",""coordinates"":[]}",-49.24836333929024
966,0.8697799097065463,-0.0476190476190476,0.4232749742533471,-13.125402024607054,-7.164836606458385,-0.5458755924600248,3.195552110671997,502,3.140000104904175,7.222762107849121,"{""type"":""MultiPoint"",""coordinates"":[]}",-18.716176038275016
988,2.8826828698294,0.2215637545402408,0.6850874757011941,-15.857978807869063,-10.483848908047555,-0.6611087727551539,75.173538,344,16.760000228881836,27.089252471923828,"{""type"":""MultiPoint"",""coordinates"":[]}",-90.07041835104918
1027,1.4551206010280744,0.025390625,0.5822784810126582,-18.3404046447564,-8.508855831862462,-0.4639404635107208,17.099645614624023,759,5.239999771118164,5.869247913360596,"{""type"":""MultiPoint"",""coordinates"":[]}",-51.5173135293013
1059,2.2229797291155347,0.2008588298443371,0.7212800471906798,-14.11776177808191,-5.221204960857861,-0.3698323461558814,56.309799,21,13.149999618530272,0.9415760636329652,"{""type"":""MultiPoint"",""coordinates"":[]}",-116.98971875272913
1085,1.186064221347887,0.0828402366863905,0.4778828944004091,-16.268058357893246,-9.301009770752229,-0.5717344729243233,5.452105045318604,10,3.920000076293945,1.854334115982056,"{""type"":""MultiPoint"",""coordinates"":[]}",-27.310830993136406
1096,1.264235087998726,0.289822718319107,0.5008676447389178,-21.55342925209595,-12.005911900928982,-0.5570302414759115,10.943082809448242,205,2.3499999046325684,1.854334115982056,"{""type"":""MultiPoint"",""coordinates"":[]}",-22.436664864720164
1099,1.3182674199623352,0.1027826086956521,0.4951532617238669,-17.302284020108264,-10.479485578038595,-0.6056706482138202,10.68592357635498,39,2.200000047683716,2.084357261657715,"{""type"":""MultiPoint"",""coordinates"":[]}",-15.010156897889653
1144,2.2809966383231166,0.2205064854848672,0.7502439024390244,-16.14700170479041,-9.156020829675084,-0.5670415472216569,142.443054,264,19.899999618530277,3.39091420173645,"{""type"":""MultiPoint"",""coordinates"":[]}",-139.12051674794742
1161,1.4047460211569618,0.0444343686238948,0.5427098674521355,-13.023603307683242,-7.844012103400626,-0.6022920015364005,6.784017086029053,160,4.300000190734863,1.854334115982056,"{""type"":""MultiPoint"",""coordinates"":[]}",-22.27224316634387
1183,1.1461033090229642,0.249137187230371,0.5259300235098879,-19.177460807204938,-12.053573326923548,-0.6285281168399021,11.358083724975586,220,2.539999961853028,1.342440843582153,"{""type"":""MultiPoint"",""coordinates"":[]}",-18.09467392815999
1192,0.941307480676012,0.0504117292629042,0.4486418982204183,-13.57349774501915,-7.8697406820126705,-0.5797872316957141,46.45561599731445,13,13.520000457763672,5.936318874359131,"{""type"":""MultiPoint"",""coordinates"":[]}",-77.11479810282039
1205,0.4343031941381517,-0.1555643669045731,0.2559748427672956,-18.81965791081093,-11.440277648092296,-0.6078897768657335,1.6303950548171997,802,2.359999895095825,1.854334115982056,"{""type"":""MultiPoint"",""coordinates"":[]}",-17.415336645888175
1261,2.4075434729365663,0.2414285714285714,0.7001424501424501,-15.799934920410092,-8.250435139935728,-0.5221815900822447,23.35149383544922,144,6.510000228881836,1.854334115982056,"{""type"":""MultiPoint"",""coordinates"":[]}",-49.14724529883148
1269,2.1446430803850483,0.1615289765721331,0.6324423963133641,-13.978424715897846,-9.198423432207944,-0.658044351860797,23.10107040405273,191,7.0,2.99084734916687,"{""type"":""MultiPoint"",""coordinates"":[]}",-33.46000898582932
1295,2.120111134857876,0.1859557867360208,0.6689143627781524,-14.859639888611532,-8.978569233692788,-0.604225223558344,68.404404,120,13.65999984741211,2.7802884578704834,"{""type"":""MultiPoint"",""coordinates"":[]}",-80.33542424880989
1296,0.690289235662459,-0.0132815030774214,0.3496978851963746,-16.310492430465032,-9.697665000515435,-0.5945660464795018,13.371293067932127,327,3.5,0.9274099469184875,"{""type"":""MultiPoint"",""coordinates"":[]}",-23.14489600482359
1302,1.933240611961057,0.1868567651779813,0.6788279230106291,-16.09627054276048,-10.148758336474074,-0.6305037126155052,23.99458122253418,185,7.25,2.8790123462677,"{""type"":""MultiPoint"",""coordinates"":[]}",-43.11946349557643
1307,0.797722705961152,-0.0092488157004286,0.4052398775093569,-15.615228877633204,-8.458877359764896,-0.5417069084322641,27.125891,24,8.720000267028809,0.9709646105766296,"{""type"":""MultiPoint"",""coordinates"":[]}",-62.403387146763656
1335,0.5799108349094839,0.0182566212393931,0.3052444444444444,-19.26148324162744,-10.95257936561253,-0.5686259582513401,1.0090949535369873,528,2.119999885559082,1.3404933214187622,"{""type"":""MultiPoint"",""coordinates"":[]}",-17.614875266273025
1403,1.859479103573592,0.2844543898907463,0.6279953243717125,-20.045484297278804,-11.713304493629526,-0.5843363183407656,11.738275527954102,408,2.720000028610229,2.946664571762085,"{""type"":""MultiPoint"",""coordinates"":[]}",-22.66352930431161
1427,2.082751744765703,0.3727218582489577,0.6083284799068142,-18.518412771863957,-11.211154147974993,-0.6054057810509936,10.87513542175293,182,2.4200000762939453,2.667696237564087,"{""type"":""MultiPoint"",""coordinates"":[]}",-17.683566427310883
1454,0.4624558841426311,-0.1010701545778834,0.3091944670463791,-19.36825902220558,-12.187599785465874,-0.6292563400506401,2.902590036392212,58,3.130000114440918,5.474867343902588,"{""type"":""MultiPoint"",""coordinates"":[]}",-22.47546423275652
1458,0.3537868162692847,-0.0973364024991779,0.2391561981512206,-18.29816113262861,-11.129326844993086,-0.6082210537072864,3.4542899131774902,431,3.220000028610229,2.9419198036193848,"{""type"":""MultiPoint"",""coordinates"":[]}",-23.08364661128838
1468,1.3499234303215926,0.0748436554367561,0.55632691700852,-13.51670304000252,-6.654545078819433,-0.4923201359921415,16.0557918548584,184,4.440000057220459,14.364924357346704,"{""type"":""MultiPoint"",""coordinates"":[]}",-30.467981740308733
1498,0.9525788044983656,-0.0803557497269464,0.4512531163889253,-16.690980213232113,-10.976813406335202,-0.6576494169966789,10.646309852600098,683,2.309999942779541,1.3282896280288696,"{""type"":""MultiPoint"",""coordinates"":[]}",-13.199724996964616
1521,0.7388184031782647,-0.1179755671902268,0.3047845625165213,-17.005871778708876,-9.32291581242164,-0.5482174588716943,11.605267524719238,77,2.619999885559082,4.187365531921387,"{""type"":""MultiPoint"",""coordinates"":[]}",-20.129343752428028
1576,0.6746372456426547,-0.0772683072780312,0.3537422622397299,-16.26808877041729,-9.55381580795332,-0.5872734002611577,11.833505630493164,886,2.690000057220459,2.654513359069824,"{""type"":""MultiPoint"",""coordinates"":[]}",-18.061394653221857
1622,0.8891917896087236,-0.0083432657926102,0.4124209743399033,-9.237438179486036,0.3632208335001001,0.0393205157580074,25.351428985595703,1268,8.050000190734863,27.84897994995117,"{""type"":""MultiPoint"",""coordinates"":[]}",-77.28530688571877
1624,0.5768923453896554,-0.0759264791434097,0.311430625449317,-14.349230792736028,-7.190346003062505,-0.5010962682893395,12.285045623779297,405,3.049999952316284,8.06506633758545,"{""type"":""MultiPoint"",""coordinates"":[]}",-21.83459826714202
1642,1.2736756436815626,0.1417331439186974,0.5239689544970324,-16.712557848281264,-10.133914051916982,-0.6063652340900746,10.780339241027832,58,2.1700000762939453,0.952003002166748,"{""type"":""MultiPoint"",""coordinates"":[]}",-14.275657540021182
1681,0.6006382493731479,-0.0959931798806479,0.2813667912439936,-16.48755546435445,-10.775538581734867,-0.653555865515129,12.440759658813477,23,3.130000114440918,2.9354467391967773,"{""type"":""MultiPoint"",""coordinates"":[]}",-17.878613496287752
1719,0.5667090216010164,-0.0970180596388072,0.2838353839626644,-19.572107300663586,-12.637284437530298,-0.6456782728297139,1.1160930395126345,136,2.049999952316284,3.399998903274536,"{""type"":""MultiPoint"",""coordinates"":[]}",-14.216386538745118
1723,0.6257062146892656,0.0305188199389623,0.375,-18.233536088969764,-9.918556177353787,-0.543973266016894,0.8828750252723694,434,2.0199999809265137,0.9274099469184875,"{""type"":""MultiPoint"",""coordinates"":[]}",-16.796259262868617
1738,0.4486363331769751,-0.1064731569483688,0.2544176325289758,-20.21221240701693,-11.504653400320224,-0.5691931773053321,10.431589126586914,210,2.049999952316284,0.9613640904426576,"{""type"":""MultiPoint"",""coordinates"":[]}",-17.85049554851948
1775,1.0599415204678362,0.072632389425956,0.3801239275500476,-24.83580920674779,-14.322117680838904,-0.5766720770647425,1.2719420194625854,1,2.3499999046325684,1.3188673487892602,"{""type"":""MultiPoint"",""coordinates"":[]}",-24.707174083222124
1803,0.5538331454340474,-0.1029165269862554,0.0935046395431834,-13.548523023426489,-0.7821017493340479,-0.0577259785425858,18.32094383239746,626,5.159999847412109,5.462563514709473,"{""type"":""MultiPoint"",""coordinates"":[]}",-65.8747318263157
1823,1.3544511196067723,0.0292553191489361,0.3600725952813067,-16.139546253460495,-10.202253989168518,-0.6321276836999704,2.6026499271392822,4,2.880000114440918,2.091172695159912,"{""type"":""MultiPoint"",""coordinates"":[]}",-17.09940240063007
1837,0.4044910029572452,-0.196389829037577,0.2432188065099457,-17.1464340398384,-10.223506243001443,-0.5962467892302228,10.632144927978516,828,2.130000114440918,1.3268930912017822,"{""type"":""MultiPoint"",""coordinates"":[]}",-14.74583699952893
1842,0.4278991864731217,0.0035647598030894,0.2431452526625878,-19.952156336998467,-13.918246011357402,-0.6975810421827927,77.206062,282,7.525000095367432,25.99433135986328,"{""type"":""MultiPoint"",""coordinates"":[]}",-45.40517577588754
1851,2.5461254612546123,0.3097327076106917,0.8065210704398647,-15.09729284348076,-6.980915066961945,-0.4623951551669351,20.62390899658203,73,7.409999847412109,0.0,"{""type"":""MultiPoint"",""coordinates"":[]}",-60.14235808554346
1866,1.3071225969114404,0.1359639233370913,0.5189239912417892,-16.188792831280185,-9.12151834386797,-0.5634464804715557,1.0457294881343842,596,2.1100000143051147,1.3390369415283203,"{""type"":""MultiPoint"",""coordinates"":[]}",-14.911949269537946
1876,1.957139328063241,0.1784914115011202,0.7357789644764338,-15.659447116006632,-9.429395766568122,-0.6021538114796957,14.46840476989746,29,3.9600000381469727,1.854334115982056,"{""type"":""MultiPoint"",""coordinates"":[]}",-24.671003581434096
1883,3.0487607322209618,0.2984718912098696,0.7249614791987673,-14.52546702196113,-8.319375149762159,-0.5727440733701747,63.746529,9,14.119999885559082,2.935128688812256,"{""type"":""MultiPoint"",""coordinates"":[]}",-87.63001652521862
1911,2.5064773551663384,0.2539074629955491,0.7936013125512715,-15.378621092354676,-8.323531624057237,-0.5412404385328926,333.847382,77,38.580002,7.972324848175049,"{""type"":""MultiPoint"",""coordinates"":[]}",-272.1853657970941
1922,1.1308887351405748,0.0244121342667384,0.517410071942446,-15.636088743626658,-8.584895275154096,-0.5490436525344831,2.9246320724487305,584,2.690000057220459,3.02724027633667,"{""type"":""MultiPoint"",""coordinates"":[]}",-18.967710833663716
1925,0.8371990280538988,-0.0104953047320935,0.4239373601789709,-18.768244012192056,-12.08798308916798,-0.6440657464446591,13.036022186279297,1012,3.3299999237060547,8.001500129699707,"{""type"":""MultiPoint"",""coordinates"":[]}",-22.245268364006716
1940,2.383491769070253,0.23239605863975,0.7348105789849892,-14.400589444997433,-7.211641203992298,-0.5007879178513435,43.36386489868164,36,12.949999809265137,7.315765380859375,"{""type"":""MultiPoint"",""coordinates"":[]}",-93.09687834983343
1978,1.0642250530785562,-0.025103034844511,0.5040854808296669,-14.926763266564828,-8.905812733833411,-0.5966338833671977,10.848416328430176,233,2.470000028610229,2.917863368988037,"{""type"":""MultiPoint"",""coordinates"":[]}",-14.871747988107375
1993,0.486309949892627,-0.0879338842975206,0.2659652556887693,-15.135864328884905,-7.994645998843888,-0.528192234360023,7.894373893737793,341,4.519999980926514,2.087920427322388,"{""type"":""MultiPoint"",""coordinates"":[]}",-32.278306715577465
2060,2.8031994047619047,0.1013495633765546,0.6431924882629108,-14.38962292910368,-7.850241064938164,-0.5455487682766647,88.07164001464844,208,19.200001,10.310769081115724,"{""type"":""MultiPoint"",""coordinates"":[]}",-125.55613833135979
2088,1.467422920302501,0.1091360856269113,0.5975718092981936,-14.561264575432944,-8.664926197219906,-0.5950668743317079,1.0619250535964966,569,2.049999952316284,1.854334115982056,"{""type"":""MultiPoint"",""coordinates"":[]}",-12.087493394177404
2113,0.3866525423728814,-0.1012274368231047,0.2258197566508558,-19.76170430228884,-10.8424805502861,-0.5486612077800548,2.6026499271392822,347,2.690000057220459,1.338152527809143,"{""type"":""MultiPoint"",""coordinates"":[]}",-23.992712403249453
2118,2.177212234415129,0.137922932330827,0.6836510263929618,-15.12780874172374,-8.981019023031735,-0.5936761348827306,30.10187721252441,679,7.539999961853027,8.595937728881836,"{""type"":""MultiPoint"",""coordinates"":[]}",-46.346794244456305
2139,2.2020042194092824,0.2405631503774739,0.7772261867825008,-12.28652638157589,-6.406199755694731,-0.5214003988386066,41.91431427001953,138,8.989999771118164,6.230830192565918,"{""type"":""MultiPoint"",""coordinates"":[]}",-52.86413502077166
2145,1.4614646251814392,0.0952822364248426,0.5668198162205352,-16.15622822467246,-9.958818699047654,-0.6164074040399706,12.088932037353516,722,2.799999952316284,3.824155330657959,"{""type"":""MultiPoint"",""coordinates"":[]}",-17.35274637623394
2182,1.018872579252498,0.018018018018018,0.4405333333333333,-16.90440053106081,-10.612064729992545,-0.6277693616223491,20.50302505493164,429,6.159999847412109,1.89905309677124,"{""type"":""MultiPoint"",""coordinates"":[]}",-38.760787574446255
2187,1.4262990455991518,0.229460580912863,0.6138049058756417,-16.80155711281502,-10.811113291862666,-0.6434590091424757,2.070082485675812,429,2.5049999952316284,4.288834571838379,"{""type"":""MultiPoint"",""coordinates"":[]}",-15.00606174292098
2218,0.50930198669063,-0.0075421472937,0.3371924746743849,-17.51623722972313,-10.27163131633769,-0.5864062687451994,12.559926986694336,560,2.990000009536743,4.713747501373291,"{""type"":""MultiPoint"",""coordinates"":[]}",-21.661371750112416
2258,0.2739406656175322,-0.1565648203573748,0.1770244821092278,-21.115453075445394,-14.455262786013652,-0.6845821746928697,1.5710304975509644,396,2.275000095367432,3.4363162517547607,"{""type"":""MultiPoint"",""coordinates"":[]}",-15.151933543622459
2300,1.3514067754901158,0.0877988458367683,0.4823598301859171,-18.60403405517855,-11.42934643337908,-0.6143477484227486,19.18886375427246,653,4.190000057220459,3.97663688659668,"{""type"":""MultiPoint"",""coordinates"":[]}",-30.06194154587869
2329,2.156824017380999,0.2233733941152093,0.6703499079189686,-16.509853888978604,-7.983511862558579,-0.4835604189015924,71.767609,69,13.4399995803833,0.970887303352356,"{""type"":""MultiPoint"",""coordinates"":[]}",-114.59403325728964
2343,0.6279050114087721,-0.0532079180120735,0.308747143153958,-18.769528173510366,-11.200157854220418,-0.5967202665236583,1.500722050666809,429,2.2799999713897705,5.630061626434326,"{""type"":""MultiPoint"",""coordinates"":[]}",-17.25816411141966
2367,0.5437649880095923,-0.1119015047879617,0.2523650528658876,-11.967502811222111,-0.7178920981197744,-0.0599867916844436,14.86765956878662,835,6.119999885559082,29.14193153381348,"{""type"":""MultiPoint"",""coordinates"":[]}",-68.84761627677052
2387,0.5721638430195154,-0.0814017013970186,0.3250487329434698,-15.89823721559144,-8.544431933085475,-0.5374452410803086,23.774757385253903,689,7.429999828338623,1.3262864351272583,"{""type"":""MultiPoint"",""coordinates"":[]}",-54.63877198665498
2405,1.104474098117593,-0.0579830767096685,0.4600402674761889,-13.840552598244177,-7.921327957389648,-0.5723274342669349,17.92654037475586,496,5.5,0.0,"{""type"":""MultiPoint"",""coordinates"":[]}",-32.555735524699905
2410,2.592392770434313,0.1350971669398267,0.7420849420849421,-14.40482184495162,-8.54192125749673,-0.5929904131712931,68.49781036376953,365,12.539999961853027,3.061194896697998,"{""type"":""MultiPoint"",""coordinates"":[]}",-73.52077314303241
2411,0.8234134229168188,0.0918559236221611,0.4604860118439861,-15.056804208717017,-6.302988908106103,-0.4186139914376411,1.9596760272979736,547,2.650000095367432,4.851961543790294,"{""type"":""MultiPoint"",""coordinates"":[]}",-23.197611381447807
2446,0.4898373983739837,-0.1560490940970192,0.2158853389071364,-15.267038621012745,-7.030571823225053,-0.4605065853143612,6.651022911071777,358,4.110000133514404,14.163938522338867,"{""type"":""MultiPoint"",""coordinates"":[]}",-33.85187963859437
2499,0.962615684364345,-0.0770456960680127,0.4805471124620061,-15.442910339737743,-9.21708128665166,-0.5968487211205414,12.896639823913574,806,3.2100000381469727,2.082887887954712,"{""type"":""MultiPoint"",""coordinates"":[]}",-19.98491149790286
2526,0.9596131725812636,0.096182697116186,0.5577565927943543,-17.328103380407853,-9.54993749902548,-0.55112422227485,1.22843599319458,584,2.059999942779541,2.890136957168579,"{""type"":""MultiPoint"",""coordinates"":[]}",-16.023021270577466
2543,1.5284874192615443,0.1029157542929583,0.5737289668898137,-14.95124332086952,-8.669214424929502,-0.5798323416239691,29.78707504272461,636,8.609999656677246,3.0170438289642334,"{""type"":""MultiPoint"",""coordinates"":[]}",-54.08826663728009
2569,0.5328808799438334,-0.120199576655579,0.278600269179004,-19.808888691859806,-13.002828698767344,-0.6564138403236462,1.2719420194625854,386,2.200000047683716,2.090197324752808,"{""type"":""MultiPoint"",""coordinates"":[]}",-14.973332309341648
2570,1.1196619888335595,-0.0448163108290055,0.4594427244582043,-16.90488053703888,-10.819699660111915,-0.6400340798863244,8.971677780151367,597,3.799999952316284,1.854334115982056,"{""type"":""MultiPoint"",""coordinates"":[]}",-23.123687042158434
2573,2.677175612298072,0.1666285714285714,0.7716860683439729,-14.247082457601142,-8.177620324561854,-0.5739856106608626,104.05208587646484,511,9.7749995,5.463100433349609,"{""type"":""MultiPoint"",""coordinates"":[]}",-59.32898931572797
2594,0.8840497737556562,0.0861297539149888,0.4060795011691348,-16.34812791120104,-9.644970980086594,-0.5899740344873539,25.88938331604004,202,8.829999923706055,1.32803475856781,"{""type"":""MultiPoint"",""coordinates"":[]}",-59.18887519033027
2633,1.0738202364758815,0.0751409375241331,0.4667424673109721,-14.790027432941333,-9.478097597462703,-0.6408438145525311,3.823107957839966,301,3.180000066757202,0.9644840955734252,"{""type"":""MultiPoint"",""coordinates"":[]}",-16.891937231431616
2634,0.3906617886767848,-0.1484039845851814,0.2362799868550772,-17.355658342210155,-11.496620648918023,-0.6624133998396047,10.50086498260498,880,2.0899999141693115,1.854334115982056,"{""type"":""MultiPoint"",""coordinates"":[]}",-12.245388276095317
2651,2.094311638457512,0.1514547267289042,0.665973089194063,-14.598976147328251,-7.0959705082044255,-0.4860594631153674,27.362476348876957,81,9.25,2.115793943405152,"{""type"":""MultiPoint"",""coordinates"":[]}",-69.4028021618954
2684,1.0752035423510926,0.1730033171727481,0.5682204189469712,-14.723019746005477,-8.613805166665596,-0.5850569594598704,34.14063262939453,531,4.59499979019165,0.0,"{""type"":""MultiPoint"",""coordinates"":[]}",-28.071839710302523
2702,0.4955547582027668,-0.0375143184421534,0.2531052738749745,-18.83160430739316,-11.246795487355712,-0.5972298113199149,1.6303950548171997,5,2.4600000381469727,2.126115560531616,"{""type"":""MultiPoint"",""coordinates"":[]}",-18.658629986629617
2708,0.8552560355093646,-0.0053127677806341,0.4093264248704663,-17.114617986803324,-9.150106234271355,-0.5346368958586621,10.338996887207031,340,2.130000114440918,0.9274099469184875,"{""type"":""MultiPoint"",""coordinates"":[]}",-16.96441094435913
2712,1.7250404492243263,0.1210664335664335,0.5953358515355559,-14.255535757663491,-7.6259071417351,-0.5349435665815341,19.43903350830078,97,5.420000076293945,4.312769889831543,"{""type"":""MultiPoint"",""coordinates"":[]}",-35.9325876041324
2746,0.7674678145800949,0.0119735173968164,0.3919592875318066,-17.172723787938097,-10.689987447706448,-0.6224980719258386,30.324443817138672,20,11.0,0.9556311964988708,"{""type"":""MultiPoint"",""coordinates"":[]}",-71.31009974254813
2759,2.26451539597773,0.14189265218859,0.7428251956764815,-13.266418064833708,-6.416267719058823,-0.4836473332667622,11.348191261291504,576,3.930000066757202,3.0174131393432617,"{""type"":""MultiPoint"",""coordinates"":[]}",-26.92109131619217
2761,0.9793534365661504,-0.0410211267605633,0.3871140939597315,-18.01888899630756,-11.507077174352636,-0.6386119131268677,11.455069541931152,151,2.470000028610229,2.7802884578704834,"{""type"":""MultiPoint"",""coordinates"":[]}",-16.08417538653309
2763,0.2654683719322502,-0.0958413660148719,0.1423804226918798,-21.711185362196325,-15.394635679001723,-0.7090647250337136,10.501293182373049,95,2.059999942779541,3.3833765983581543,"{""type"":""MultiPoint"",""coordinates"":[]}",-13.012091985945007
2776,1.4904467748886654,0.1944902512367834,0.586655357647724,-17.04290960983886,-10.80745126963238,-0.6341318188646173,10.756470680236816,125,2.240000009536743,2.6820313930511475,"{""type"":""MultiPoint"",""coordinates"":[]}",-13.967426741528474
2782,0.4533029612756264,-0.106464168511028,0.2412652926264741,-20.76851700127674,-14.66691042984315,-0.7062088462523108,1.4378809928894043,616,2.200000047683716,1.3323984146118164,"{""type"":""MultiPoint"",""coordinates"":[]}",-13.423534748101178
2813,0.7145196953566456,-0.0123745038524398,0.2922458549656674,-18.87318544436552,-10.546711617649136,-0.5588199007919884,1.0619250535964966,20,2.0199999809265137,3.382931709289551,"{""type"":""MultiPoint"",""coordinates"":[]}",-16.819476971152216
2873,0.4062900722143484,-0.1010710328696294,0.2090277777777777,-20.75285415580225,-13.4149932793152,-0.6464167857877288,2.5818440914154053,356,2.789999961853028,1.3387794494628906,"{""type"":""MultiPoint"",""coordinates"":[]}",-20.4726315654817
2883,1.831931413781948,0.3459538173496984,0.5875486381322957,-19.42776934336656,-11.333900429742258,-0.5833866065335039,11.64308261871338,6,2.609999895095825,0.9682533144950868,"{""type"":""MultiPoint"",""coordinates"":[]}",-21.12499701547879
2885,0.8960065507684556,0.0779845285385741,0.417706651005726,-16.17540080092948,-6.655573531126981,-0.4114626656264699,1.0161375403404236,416,2.095000028610229,0.9704598188400269,"{""type"":""MultiPoint"",""coordinates"":[]}",-19.944038402600675
2891,0.998801138918028,0.0613117870722433,0.4705259442287328,-18.992399591757227,-12.429003264345916,-0.6544198485451069,18.54408264160156,563,6.679999828338623,7.07530403137207,"{""type"":""MultiPoint"",""coordinates"":[]}",-43.84348634042591
2902,1.320254506892895,0.2606827944833823,0.4859213827711179,-18.962556846778263,-12.445105959494622,-0.6562989400666738,10.392067909240724,199,2.0899999141693115,1.854334115982056,"{""type"":""MultiPoint"",""coordinates"":[]}",-13.621471795025512
2912,0.7198776758409786,0.0382401315789473,0.34027175484244,-17.107113777206898,-10.24497310100086,-0.5988720969782181,10.608392715454102,194,2.130000114440918,2.6775593757629395,"{""type"":""MultiPoint"",""coordinates"":[]}",-14.61636042562854
2954,1.8658823529411763,0.1557262569832402,0.6262174256383258,-16.33288816857139,-9.752946019627268,-0.5971354189759532,10.572640419006348,211,2.0199999809265137,3.871368646621704,"{""type"":""MultiPoint"",""coordinates"":[]}",-13.29148301536469
2958,0.3735024665257224,-0.2178925524556144,0.2478565861262665,-17.46405463560992,-8.646517725665264,-0.4951036804497085,10.487507820129396,892,2.0899999141693115,3.915769577026367,"{""type"":""MultiPoint"",""coordinates"":[]}",-18.428651384969065
2966,1.6887905604719764,0.0088777600728431,0.6148830072880705,-14.961885765291091,-9.681885566364835,-0.6471032942134263,37.86675643920898,595,5.855000019073486,0.9274099469184875,"{""type"":""MultiPoint"",""coordinates"":[]}",-30.91440126542124
2993,2.849522740033689,0.359217877094972,0.7868217054263565,-12.087055131748166,-4.850936935892381,-0.4013332348547652,173.286041,859,26.26000022888184,21.08106803894043,"{""type"":""MultiPoint"",""coordinates"":[]}",-190.02046547938895
